id,value,writeup_url
pub_fc_0_0,0.0,https://www.kaggle.com/competitions/fixing-the-poisoned-well/discussion/link-to-blog
pub_fc_0_1,0.0,https://www.kaggle.com/competitions/fixing-the-poisoned-well/discussion/link-to-blog
pub_fc_0_2,0.0,https://www.kaggle.com/competitions/fixing-the-poisoned-well/discussion/link-to-blog
pub_fc_0_3,0.0,https://www.kaggle.com/competitions/fixing-the-poisoned-well/discussion/link-to-blog
pub_fc_0_4,0.0,https://www.kaggle.com/competitions/fixing-the-poisoned-well/discussion/link-to-blog
pub_fc_0_5,0.0,https://www.kaggle.com/competitions/fixing-the-poisoned-well/discussion/link-to-blog
pub_fc_0_6,0.0,https://www.kaggle.com/competitions/fixing-the-poisoned-well/discussion/link-to-blog
pub_fc_0_7,0.0,https://www.kaggle.com/competitions/fixing-the-poisoned-well/discussion/link-to-blog
pub_fc_0_8,0.0,https://www.kaggle.com/competitions/fixing-the-poisoned-well/discussion/link-to-blog
pub_fc_0_9,0.0,https://www.kaggle.com/competitions/fixing-the-poisoned-well/discussion/link-to-blog
pub_fc_0_10,0.0,https://www.kaggle.com/competitions/fixing-the-poisoned-well/discussion/link-to-blog
pub_fc_0_11,0.0,https://www.kaggle.com/competitions/fixing-the-poisoned-well/discussion/link-to-blog
pub_fc_0_12,0.0,https://www.kaggle.com/competitions/fixing-the-poisoned-well/discussion/link-to-blog
pub_fc_0_13,0.0,https://www.kaggle.com/competitions/fixing-the-poisoned-well/discussion/link-to-blog
pub_fc_0_14,0.0,https://www.kaggle.com/competitions/fixing-the-poisoned-well/discussion/link-to-blog
pub_fc_0_15,0.0,https://www.kaggle.com/competitions/fixing-the-poisoned-well/discussion/link-to-blog
pub_fc_0_16,0.0,https://www.kaggle.com/competitions/fixing-the-poisoned-well/discussion/link-to-blog
pub_fc_0_17,0.0,https://www.kaggle.com/competitions/fixing-the-poisoned-well/discussion/link-to-blog
pub_fc_0_18,0.0,https://www.kaggle.com/competitions/fixing-the-poisoned-well/discussion/link-to-blog
pub_fc_0_19,0.0,https://www.kaggle.com/competitions/fixing-the-poisoned-well/discussion/link-to-blog
pub_fc_0_20,0.0,https://www.kaggle.com/competitions/fixing-the-poisoned-well/discussion/link-to-blog
pub_fc_0_21,0.0,https://www.kaggle.com/competitions/fixing-the-poisoned-well/discussion/link-to-blog
pub_fc_0_22,0.0,https://www.kaggle.com/competitions/fixing-the-poisoned-well/discussion/link-to-blog
pub_fc_0_23,0.0,https://www.kaggle.com/competitions/fixing-the-poisoned-well/discussion/link-to-blog
pub_fc_0_24,0.0,https://www.kaggle.com/competitions/fixing-the-poisoned-well/discussion/link-to-blog
pub_fc_0_25,0.0,https://www.kaggle.com/competitions/fixing-the-poisoned-well/discussion/link-to-blog
pub_fc_0_26,0.0,https://www.kaggle.com/competitions/fixing-the-poisoned-well/discussion/link-to-blog
pub_fc_0_27,0.0,https://www.kaggle.com/competitions/fixing-the-poisoned-well/discussion/link-to-blog
pub_fc_0_28,0.0,https://www.kaggle.com/competitions/fixing-the-poisoned-well/discussion/link-to-blog
pub_fc_0_29,0.0,https://www.kaggle.com/competitions/fixing-the-poisoned-well/discussion/link-to-blog
pub_fc_0_30,0.0,https://www.kaggle.com/competitions/fixing-the-poisoned-well/discussion/link-to-blog
pub_fc_0_31,0.0,https://www.kaggle.com/competitions/fixing-the-poisoned-well/discussion/link-to-blog
pub_fc_0_32,0.0,https://www.kaggle.com/competitions/fixing-the-poisoned-well/discussion/link-to-blog
pub_fc_0_33,0.0,https://www.kaggle.com/competitions/fixing-the-poisoned-well/discussion/link-to-blog
pub_fc_0_34,0.0,https://www.kaggle.com/competitions/fixing-the-poisoned-well/discussion/link-to-blog
pub_fc_0_35,0.0,https://www.kaggle.com/competitions/fixing-the-poisoned-well/discussion/link-to-blog
pub_fc_0_36,0.0,https://www.kaggle.com/competitions/fixing-the-poisoned-well/discussion/link-to-blog
pub_fc_0_37,0.0,https://www.kaggle.com/competitions/fixing-the-poisoned-well/discussion/link-to-blog
pub_fc_0_38,0.0,https://www.kaggle.com/competitions/fixing-the-poisoned-well/discussion/link-to-blog
pub_fc_0_39,0.0,https://www.kaggle.com/competitions/fixing-the-poisoned-well/discussion/link-to-blog
pub_fc_0_40,0.0,https://www.kaggle.com/competitions/fixing-the-poisoned-well/discussion/link-to-blog
pub_fc_0_41,0.0,https://www.kaggle.com/competitions/fixing-the-poisoned-well/discussion/link-to-blog
pub_fc_0_42,0.0,https://www.kaggle.com/competitions/fixing-the-poisoned-well/discussion/link-to-blog
pub_fc_0_43,0.0,https://www.kaggle.com/competitions/fixing-the-poisoned-well/discussion/link-to-blog
pub_fc_0_44,0.0,https://www.kaggle.com/competitions/fixing-the-poisoned-well/discussion/link-to-blog
pub_fc_0_45,0.0,https://www.kaggle.com/competitions/fixing-the-poisoned-well/discussion/link-to-blog
pub_fc_0_46,0.0,https://www.kaggle.com/competitions/fixing-the-poisoned-well/discussion/link-to-blog
pub_fc_0_47,0.0,https://www.kaggle.com/competitions/fixing-the-poisoned-well/discussion/link-to-blog
pub_fc_0_48,0.0,https://www.kaggle.com/competitions/fixing-the-poisoned-well/discussion/link-to-blog
pub_fc_0_49,0.0,https://www.kaggle.com/competitions/fixing-the-poisoned-well/discussion/link-to-blog
pub_fc_0_50,0.0,https://www.kaggle.com/competitions/fixing-the-poisoned-well/discussion/link-to-blog
pub_fc_0_51,0.0,https://www.kaggle.com/competitions/fixing-the-poisoned-well/discussion/link-to-blog
pub_fc_0_52,0.0,https://www.kaggle.com/competitions/fixing-the-poisoned-well/discussion/link-to-blog
pub_fc_0_53,0.0,https://www.kaggle.com/competitions/fixing-the-poisoned-well/discussion/link-to-blog
pub_fc_0_54,0.0,https://www.kaggle.com/competitions/fixing-the-poisoned-well/discussion/link-to-blog
pub_fc_0_55,0.0,https://www.kaggle.com/competitions/fixing-the-poisoned-well/discussion/link-to-blog
pub_fc_1_0,0.0,https://www.kaggle.com/competitions/fixing-the-poisoned-well/discussion/link-to-blog
pub_fc_1_1,0.0,https://www.kaggle.com/competitions/fixing-the-poisoned-well/discussion/link-to-blog
pub_fc_1_2,0.0,https://www.kaggle.com/competitions/fixing-the-poisoned-well/discussion/link-to-blog
pub_fc_1_3,0.0,https://www.kaggle.com/competitions/fixing-the-poisoned-well/discussion/link-to-blog
pub_fc_1_4,0.0,https://www.kaggle.com/competitions/fixing-the-poisoned-well/discussion/link-to-blog
pub_fc_1_5,0.0,https://www.kaggle.com/competitions/fixing-the-poisoned-well/discussion/link-to-blog
pub_fc_1_6,0.0,https://www.kaggle.com/competitions/fixing-the-poisoned-well/discussion/link-to-blog
pub_fc_1_7,0.0,https://www.kaggle.com/competitions/fixing-the-poisoned-well/discussion/link-to-blog
pub_fc_1_8,0.0,https://www.kaggle.com/competitions/fixing-the-poisoned-well/discussion/link-to-blog
pub_fc_1_9,0.0,https://www.kaggle.com/competitions/fixing-the-poisoned-well/discussion/link-to-blog
pub_fc_1_10,0.0,https://www.kaggle.com/competitions/fixing-the-poisoned-well/discussion/link-to-blog
pub_fc_1_11,0.0,https://www.kaggle.com/competitions/fixing-the-poisoned-well/discussion/link-to-blog
pub_fc_1_12,0.0,https://www.kaggle.com/competitions/fixing-the-poisoned-well/discussion/link-to-blog
pub_fc_1_13,0.0,https://www.kaggle.com/competitions/fixing-the-poisoned-well/discussion/link-to-blog
pub_fc_1_14,0.0,https://www.kaggle.com/competitions/fixing-the-poisoned-well/discussion/link-to-blog
pub_fc_1_15,0.0,https://www.kaggle.com/competitions/fixing-the-poisoned-well/discussion/link-to-blog
pub_fc_1_16,0.0,https://www.kaggle.com/competitions/fixing-the-poisoned-well/discussion/link-to-blog
pub_fc_1_17,0.0,https://www.kaggle.com/competitions/fixing-the-poisoned-well/discussion/link-to-blog
pub_fc_1_18,0.0,https://www.kaggle.com/competitions/fixing-the-poisoned-well/discussion/link-to-blog
pub_fc_1_19,0.0,https://www.kaggle.com/competitions/fixing-the-poisoned-well/discussion/link-to-blog
pub_fc_1_20,0.0,https://www.kaggle.com/competitions/fixing-the-poisoned-well/discussion/link-to-blog
pub_fc_1_21,0.0,https://www.kaggle.com/competitions/fixing-the-poisoned-well/discussion/link-to-blog
pub_fc_1_22,0.0,https://www.kaggle.com/competitions/fixing-the-poisoned-well/discussion/link-to-blog
pub_fc_1_23,0.0,https://www.kaggle.com/competitions/fixing-the-poisoned-well/discussion/link-to-blog
pub_fc_1_24,0.0,https://www.kaggle.com/competitions/fixing-the-poisoned-well/discussion/link-to-blog
pub_fc_1_25,0.0,https://www.kaggle.com/competitions/fixing-the-poisoned-well/discussion/link-to-blog
pub_fc_1_26,0.0,https://www.kaggle.com/competitions/fixing-the-poisoned-well/discussion/link-to-blog
pub_fc_1_27,0.0,https://www.kaggle.com/competitions/fixing-the-poisoned-well/discussion/link-to-blog
pub_fc_1_28,0.0,https://www.kaggle.com/competitions/fixing-the-poisoned-well/discussion/link-to-blog
pub_fc_1_29,0.0,https://www.kaggle.com/competitions/fixing-the-poisoned-well/discussion/link-to-blog
pub_fc_1_30,0.0,https://www.kaggle.com/competitions/fixing-the-poisoned-well/discussion/link-to-blog
pub_fc_1_31,0.0,https://www.kaggle.com/competitions/fixing-the-poisoned-well/discussion/link-to-blog
pub_fc_1_32,0.0,https://www.kaggle.com/competitions/fixing-the-poisoned-well/discussion/link-to-blog
pub_fc_1_33,0.0,https://www.kaggle.com/competitions/fixing-the-poisoned-well/discussion/link-to-blog
pub_fc_1_34,0.0,https://www.kaggle.com/competitions/fixing-the-poisoned-well/discussion/link-to-blog
pub_fc_1_35,0.0,https://www.kaggle.com/competitions/fixing-the-poisoned-well/discussion/link-to-blog
pub_fc_1_36,0.0,https://www.kaggle.com/competitions/fixing-the-poisoned-well/discussion/link-to-blog
pub_fc_1_37,0.0,https://www.kaggle.com/competitions/fixing-the-poisoned-well/discussion/link-to-blog
pub_fc_1_38,0.0,https://www.kaggle.com/competitions/fixing-the-poisoned-well/discussion/link-to-blog
pub_fc_1_39,0.0,https://www.kaggle.com/competitions/fixing-the-poisoned-well/discussion/link-to-blog
pub_fc_1_40,0.0,https://www.kaggle.com/competitions/fixing-the-poisoned-well/discussion/link-to-blog
pub_fc_1_41,0.0,https://www.kaggle.com/competitions/fixing-the-poisoned-well/discussion/link-to-blog
pub_fc_1_42,0.0,https://www.kaggle.com/competitions/fixing-the-poisoned-well/discussion/link-to-blog
pub_fc_1_43,0.0,https://www.kaggle.com/competitions/fixing-the-poisoned-well/discussion/link-to-blog
pub_fc_1_44,0.0,https://www.kaggle.com/competitions/fixing-the-poisoned-well/discussion/link-to-blog
pub_fc_1_45,0.0,https://www.kaggle.com/competitions/fixing-the-poisoned-well/discussion/link-to-blog
pub_fc_1_46,0.0,https://www.kaggle.com/competitions/fixing-the-poisoned-well/discussion/link-to-blog
pub_fc_1_47,0.0,https://www.kaggle.com/competitions/fixing-the-poisoned-well/discussion/link-to-blog
pub_fc_1_48,0.0,https://www.kaggle.com/competitions/fixing-the-poisoned-well/discussion/link-to-blog
pub_fc_1_49,0.0,https://www.kaggle.com/competitions/fixing-the-poisoned-well/discussion/link-to-blog
pub_fc_1_50,0.0,https://www.kaggle.com/competitions/fixing-the-poisoned-well/discussion/link-to-blog
pub_fc_1_51,0.0,https://www.kaggle.com/competitions/fixing-the-poisoned-well/discussion/link-to-blog
pub_fc_1_52,0.0,https://www.kaggle.com/competitions/fixing-the-poisoned-well/discussion/link-to-blog
pub_fc_1_53,0.0,https://www.kaggle.com/competitions/fixing-the-poisoned-well/discussion/link-to-blog
pub_fc_1_54,0.0,https://www.kaggle.com/competitions/fixing-the-poisoned-well/discussion/link-to-blog
pub_fc_1_55,0.0,https://www.kaggle.com/competitions/fixing-the-poisoned-well/discussion/link-to-blog
pub_fc_2_0,0.0,https://www.kaggle.com/competitions/fixing-the-poisoned-well/discussion/link-to-blog
pub_fc_2_1,0.0,https://www.kaggle.com/competitions/fixing-the-poisoned-well/discussion/link-to-blog
pub_fc_2_2,0.0,https://www.kaggle.com/competitions/fixing-the-poisoned-well/discussion/link-to-blog
pub_fc_2_3,0.0,https://www.kaggle.com/competitions/fixing-the-poisoned-well/discussion/link-to-blog
pub_fc_2_4,0.0,https://www.kaggle.com/competitions/fixing-the-poisoned-well/discussion/link-to-blog
pub_fc_2_5,0.0,https://www.kaggle.com/competitions/fixing-the-poisoned-well/discussion/link-to-blog
pub_fc_2_6,0.0,https://www.kaggle.com/competitions/fixing-the-poisoned-well/discussion/link-to-blog
pub_fc_2_7,0.0,https://www.kaggle.com/competitions/fixing-the-poisoned-well/discussion/link-to-blog
pub_fc_2_8,0.0,https://www.kaggle.com/competitions/fixing-the-poisoned-well/discussion/link-to-blog
pub_fc_2_9,0.0,https://www.kaggle.com/competitions/fixing-the-poisoned-well/discussion/link-to-blog
pub_fc_2_10,0.0,https://www.kaggle.com/competitions/fixing-the-poisoned-well/discussion/link-to-blog
pub_fc_2_11,0.0,https://www.kaggle.com/competitions/fixing-the-poisoned-well/discussion/link-to-blog
pub_fc_2_12,0.0,https://www.kaggle.com/competitions/fixing-the-poisoned-well/discussion/link-to-blog
pub_fc_2_13,0.0,https://www.kaggle.com/competitions/fixing-the-poisoned-well/discussion/link-to-blog
pub_fc_2_14,0.0,https://www.kaggle.com/competitions/fixing-the-poisoned-well/discussion/link-to-blog
pub_fc_2_15,0.0,https://www.kaggle.com/competitions/fixing-the-poisoned-well/discussion/link-to-blog
pub_fc_2_16,0.0,https://www.kaggle.com/competitions/fixing-the-poisoned-well/discussion/link-to-blog
pub_fc_2_17,0.0,https://www.kaggle.com/competitions/fixing-the-poisoned-well/discussion/link-to-blog
pub_fc_2_18,0.0,https://www.kaggle.com/competitions/fixing-the-poisoned-well/discussion/link-to-blog
pub_fc_2_19,0.0,https://www.kaggle.com/competitions/fixing-the-poisoned-well/discussion/link-to-blog
pub_fc_2_20,0.0,https://www.kaggle.com/competitions/fixing-the-poisoned-well/discussion/link-to-blog
pub_fc_2_21,0.0,https://www.kaggle.com/competitions/fixing-the-poisoned-well/discussion/link-to-blog
pub_fc_2_22,0.0,https://www.kaggle.com/competitions/fixing-the-poisoned-well/discussion/link-to-blog
pub_fc_2_23,0.0,https://www.kaggle.com/competitions/fixing-the-poisoned-well/discussion/link-to-blog
pub_fc_2_24,0.0,https://www.kaggle.com/competitions/fixing-the-poisoned-well/discussion/link-to-blog
pub_fc_2_25,0.0,https://www.kaggle.com/competitions/fixing-the-poisoned-well/discussion/link-to-blog
pub_fc_2_26,0.0,https://www.kaggle.com/competitions/fixing-the-poisoned-well/discussion/link-to-blog
pub_fc_2_27,0.0,https://www.kaggle.com/competitions/fixing-the-poisoned-well/discussion/link-to-blog
pub_fc_2_28,0.0,https://www.kaggle.com/competitions/fixing-the-poisoned-well/discussion/link-to-blog
pub_fc_2_29,0.0,https://www.kaggle.com/competitions/fixing-the-poisoned-well/discussion/link-to-blog
pub_fc_2_30,0.0,https://www.kaggle.com/competitions/fixing-the-poisoned-well/discussion/link-to-blog
pub_fc_2_31,0.0,https://www.kaggle.com/competitions/fixing-the-poisoned-well/discussion/link-to-blog
pub_fc_2_32,0.0,https://www.kaggle.com/competitions/fixing-the-poisoned-well/discussion/link-to-blog
pub_fc_2_33,0.0,https://www.kaggle.com/competitions/fixing-the-poisoned-well/discussion/link-to-blog
pub_fc_2_34,0.0,https://www.kaggle.com/competitions/fixing-the-poisoned-well/discussion/link-to-blog
pub_fc_2_35,0.0,https://www.kaggle.com/competitions/fixing-the-poisoned-well/discussion/link-to-blog
pub_fc_2_36,0.0,https://www.kaggle.com/competitions/fixing-the-poisoned-well/discussion/link-to-blog
pub_fc_2_37,0.0,https://www.kaggle.com/competitions/fixing-the-poisoned-well/discussion/link-to-blog
pub_fc_2_38,0.0,https://www.kaggle.com/competitions/fixing-the-poisoned-well/discussion/link-to-blog
pub_fc_2_39,0.0,https://www.kaggle.com/competitions/fixing-the-poisoned-well/discussion/link-to-blog
pub_fc_2_40,0.0,https://www.kaggle.com/competitions/fixing-the-poisoned-well/discussion/link-to-blog
pub_fc_2_41,0.0,https://www.kaggle.com/competitions/fixing-the-poisoned-well/discussion/link-to-blog
pub_fc_2_42,0.0,https://www.kaggle.com/competitions/fixing-the-poisoned-well/discussion/link-to-blog
pub_fc_2_43,0.0,https://www.kaggle.com/competitions/fixing-the-poisoned-well/discussion/link-to-blog
pub_fc_2_44,0.0,https://www.kaggle.com/competitions/fixing-the-poisoned-well/discussion/link-to-blog
pub_fc_2_45,0.0,https://www.kaggle.com/competitions/fixing-the-poisoned-well/discussion/link-to-blog
pub_fc_2_46,0.0,https://www.kaggle.com/competitions/fixing-the-poisoned-well/discussion/link-to-blog
pub_fc_2_47,0.0,https://www.kaggle.com/competitions/fixing-the-poisoned-well/discussion/link-to-blog
pub_fc_2_48,0.0,https://www.kaggle.com/competitions/fixing-the-poisoned-well/discussion/link-to-blog
pub_fc_2_49,0.0,https://www.kaggle.com/competitions/fixing-the-poisoned-well/discussion/link-to-blog
pub_fc_2_50,0.0,https://www.kaggle.com/competitions/fixing-the-poisoned-well/discussion/link-to-blog
pub_fc_2_51,0.0,https://www.kaggle.com/competitions/fixing-the-poisoned-well/discussion/link-to-blog
pub_fc_2_52,0.0,https://www.kaggle.com/competitions/fixing-the-poisoned-well/discussion/link-to-blog
pub_fc_2_53,0.0,https://www.kaggle.com/competitions/fixing-the-poisoned-well/discussion/link-to-blog
pub_fc_2_54,0.0,https://www.kaggle.com/competitions/fixing-the-poisoned-well/discussion/link-to-blog
pub_fc_2_55,0.0,https://www.kaggle.com/competitions/fixing-the-poisoned-well/discussion/link-to-blog
pub_fc_3_0,0.0,https://www.kaggle.com/competitions/fixing-the-poisoned-well/discussion/link-to-blog
pub_fc_3_1,0.0,https://www.kaggle.com/competitions/fixing-the-poisoned-well/discussion/link-to-blog
pub_fc_3_2,0.0,https://www.kaggle.com/competitions/fixing-the-poisoned-well/discussion/link-to-blog
pub_fc_3_3,0.0,https://www.kaggle.com/competitions/fixing-the-poisoned-well/discussion/link-to-blog
pub_fc_3_4,0.0,https://www.kaggle.com/competitions/fixing-the-poisoned-well/discussion/link-to-blog
pub_fc_3_5,0.0,https://www.kaggle.com/competitions/fixing-the-poisoned-well/discussion/link-to-blog
pub_fc_3_6,0.0,https://www.kaggle.com/competitions/fixing-the-poisoned-well/discussion/link-to-blog
pub_fc_3_7,0.0,https://www.kaggle.com/competitions/fixing-the-poisoned-well/discussion/link-to-blog
pub_fc_3_8,0.0,https://www.kaggle.com/competitions/fixing-the-poisoned-well/discussion/link-to-blog
pub_fc_3_9,0.0,https://www.kaggle.com/competitions/fixing-the-poisoned-well/discussion/link-to-blog
pub_fc_3_10,0.0,https://www.kaggle.com/competitions/fixing-the-poisoned-well/discussion/link-to-blog
pub_fc_3_11,0.0,https://www.kaggle.com/competitions/fixing-the-poisoned-well/discussion/link-to-blog
pub_fc_3_12,0.0,https://www.kaggle.com/competitions/fixing-the-poisoned-well/discussion/link-to-blog
pub_fc_3_13,0.0,https://www.kaggle.com/competitions/fixing-the-poisoned-well/discussion/link-to-blog
pub_fc_3_14,0.0,https://www.kaggle.com/competitions/fixing-the-poisoned-well/discussion/link-to-blog
pub_fc_3_15,0.0,https://www.kaggle.com/competitions/fixing-the-poisoned-well/discussion/link-to-blog
pub_fc_3_16,0.0,https://www.kaggle.com/competitions/fixing-the-poisoned-well/discussion/link-to-blog
pub_fc_3_17,0.0,https://www.kaggle.com/competitions/fixing-the-poisoned-well/discussion/link-to-blog
pub_fc_3_18,0.0,https://www.kaggle.com/competitions/fixing-the-poisoned-well/discussion/link-to-blog
pub_fc_3_19,0.0,https://www.kaggle.com/competitions/fixing-the-poisoned-well/discussion/link-to-blog
pub_fc_3_20,0.0,https://www.kaggle.com/competitions/fixing-the-poisoned-well/discussion/link-to-blog
pub_fc_3_21,0.0,https://www.kaggle.com/competitions/fixing-the-poisoned-well/discussion/link-to-blog
pub_fc_3_22,0.0,https://www.kaggle.com/competitions/fixing-the-poisoned-well/discussion/link-to-blog
pub_fc_3_23,0.0,https://www.kaggle.com/competitions/fixing-the-poisoned-well/discussion/link-to-blog
pub_fc_3_24,0.0,https://www.kaggle.com/competitions/fixing-the-poisoned-well/discussion/link-to-blog
pub_fc_3_25,0.0,https://www.kaggle.com/competitions/fixing-the-poisoned-well/discussion/link-to-blog
pub_fc_3_26,0.0,https://www.kaggle.com/competitions/fixing-the-poisoned-well/discussion/link-to-blog
pub_fc_3_27,0.0,https://www.kaggle.com/competitions/fixing-the-poisoned-well/discussion/link-to-blog
pub_fc_3_28,0.0,https://www.kaggle.com/competitions/fixing-the-poisoned-well/discussion/link-to-blog
pub_fc_3_29,0.0,https://www.kaggle.com/competitions/fixing-the-poisoned-well/discussion/link-to-blog
pub_fc_3_30,0.0,https://www.kaggle.com/competitions/fixing-the-poisoned-well/discussion/link-to-blog
pub_fc_3_31,0.0,https://www.kaggle.com/competitions/fixing-the-poisoned-well/discussion/link-to-blog
pub_fc_3_32,0.0,https://www.kaggle.com/competitions/fixing-the-poisoned-well/discussion/link-to-blog
pub_fc_3_33,0.0,https://www.kaggle.com/competitions/fixing-the-poisoned-well/discussion/link-to-blog
pub_fc_3_34,0.0,https://www.kaggle.com/competitions/fixing-the-poisoned-well/discussion/link-to-blog
pub_fc_3_35,0.0,https://www.kaggle.com/competitions/fixing-the-poisoned-well/discussion/link-to-blog
pub_fc_3_36,0.0,https://www.kaggle.com/competitions/fixing-the-poisoned-well/discussion/link-to-blog
pub_fc_3_37,0.0,https://www.kaggle.com/competitions/fixing-the-poisoned-well/discussion/link-to-blog
pub_fc_3_38,0.0,https://www.kaggle.com/competitions/fixing-the-poisoned-well/discussion/link-to-blog
pub_fc_3_39,0.0,https://www.kaggle.com/competitions/fixing-the-poisoned-well/discussion/link-to-blog
pub_fc_3_40,0.0,https://www.kaggle.com/competitions/fixing-the-poisoned-well/discussion/link-to-blog
pub_fc_3_41,0.0,https://www.kaggle.com/competitions/fixing-the-poisoned-well/discussion/link-to-blog
pub_fc_3_42,0.0,https://www.kaggle.com/competitions/fixing-the-poisoned-well/discussion/link-to-blog
pub_fc_3_43,0.0,https://www.kaggle.com/competitions/fixing-the-poisoned-well/discussion/link-to-blog
pub_fc_3_44,0.0,https://www.kaggle.com/competitions/fixing-the-poisoned-well/discussion/link-to-blog
pub_fc_3_45,0.0,https://www.kaggle.com/competitions/fixing-the-poisoned-well/discussion/link-to-blog
pub_fc_3_46,0.0,https://www.kaggle.com/competitions/fixing-the-poisoned-well/discussion/link-to-blog
pub_fc_3_47,0.0,https://www.kaggle.com/competitions/fixing-the-poisoned-well/discussion/link-to-blog
pub_fc_3_48,0.0,https://www.kaggle.com/competitions/fixing-the-poisoned-well/discussion/link-to-blog
pub_fc_3_49,0.0,https://www.kaggle.com/competitions/fixing-the-poisoned-well/discussion/link-to-blog
pub_fc_3_50,0.0,https://www.kaggle.com/competitions/fixing-the-poisoned-well/discussion/link-to-blog
pub_fc_3_51,0.0,https://www.kaggle.com/competitions/fixing-the-poisoned-well/discussion/link-to-blog
pub_fc_3_52,0.0,https://www.kaggle.com/competitions/fixing-the-poisoned-well/discussion/link-to-blog
pub_fc_3_53,0.0,https://www.kaggle.com/competitions/fixing-the-poisoned-well/discussion/link-to-blog
pub_fc_3_54,0.0,https://www.kaggle.com/competitions/fixing-the-poisoned-well/discussion/link-to-blog
pub_fc_3_55,0.0,https://www.kaggle.com/competitions/fixing-the-poisoned-well/discussion/link-to-blog
pub_fc_4_0,0.0,https://www.kaggle.com/competitions/fixing-the-poisoned-well/discussion/link-to-blog
pub_fc_4_1,0.0,https://www.kaggle.com/competitions/fixing-the-poisoned-well/discussion/link-to-blog
pub_fc_4_2,0.0,https://www.kaggle.com/competitions/fixing-the-poisoned-well/discussion/link-to-blog
pub_fc_4_3,0.0,https://www.kaggle.com/competitions/fixing-the-poisoned-well/discussion/link-to-blog
pub_fc_4_4,0.0,https://www.kaggle.com/competitions/fixing-the-poisoned-well/discussion/link-to-blog
pub_fc_4_5,0.0,https://www.kaggle.com/competitions/fixing-the-poisoned-well/discussion/link-to-blog
pub_fc_4_6,0.0,https://www.kaggle.com/competitions/fixing-the-poisoned-well/discussion/link-to-blog
pub_fc_4_7,0.0,https://www.kaggle.com/competitions/fixing-the-poisoned-well/discussion/link-to-blog
pub_fc_4_8,0.0,https://www.kaggle.com/competitions/fixing-the-poisoned-well/discussion/link-to-blog
pub_fc_4_9,0.0,https://www.kaggle.com/competitions/fixing-the-poisoned-well/discussion/link-to-blog
pub_fc_4_10,0.0,https://www.kaggle.com/competitions/fixing-the-poisoned-well/discussion/link-to-blog
pub_fc_4_11,0.0,https://www.kaggle.com/competitions/fixing-the-poisoned-well/discussion/link-to-blog
pub_fc_4_12,0.0,https://www.kaggle.com/competitions/fixing-the-poisoned-well/discussion/link-to-blog
pub_fc_4_13,0.0,https://www.kaggle.com/competitions/fixing-the-poisoned-well/discussion/link-to-blog
pub_fc_4_14,0.0,https://www.kaggle.com/competitions/fixing-the-poisoned-well/discussion/link-to-blog
pub_fc_4_15,0.0,https://www.kaggle.com/competitions/fixing-the-poisoned-well/discussion/link-to-blog
pub_fc_4_16,0.0,https://www.kaggle.com/competitions/fixing-the-poisoned-well/discussion/link-to-blog
pub_fc_4_17,0.0,https://www.kaggle.com/competitions/fixing-the-poisoned-well/discussion/link-to-blog
pub_fc_4_18,0.0,https://www.kaggle.com/competitions/fixing-the-poisoned-well/discussion/link-to-blog
pub_fc_4_19,0.0,https://www.kaggle.com/competitions/fixing-the-poisoned-well/discussion/link-to-blog
pub_fc_4_20,0.0,https://www.kaggle.com/competitions/fixing-the-poisoned-well/discussion/link-to-blog
pub_fc_4_21,0.0,https://www.kaggle.com/competitions/fixing-the-poisoned-well/discussion/link-to-blog
pub_fc_4_22,0.0,https://www.kaggle.com/competitions/fixing-the-poisoned-well/discussion/link-to-blog
pub_fc_4_23,0.0,https://www.kaggle.com/competitions/fixing-the-poisoned-well/discussion/link-to-blog
pub_fc_4_24,0.0,https://www.kaggle.com/competitions/fixing-the-poisoned-well/discussion/link-to-blog
pub_fc_4_25,0.0,https://www.kaggle.com/competitions/fixing-the-poisoned-well/discussion/link-to-blog
pub_fc_4_26,0.0,https://www.kaggle.com/competitions/fixing-the-poisoned-well/discussion/link-to-blog
pub_fc_4_27,0.0,https://www.kaggle.com/competitions/fixing-the-poisoned-well/discussion/link-to-blog
pub_fc_4_28,0.0,https://www.kaggle.com/competitions/fixing-the-poisoned-well/discussion/link-to-blog
pub_fc_4_29,0.0,https://www.kaggle.com/competitions/fixing-the-poisoned-well/discussion/link-to-blog
pub_fc_4_30,0.0,https://www.kaggle.com/competitions/fixing-the-poisoned-well/discussion/link-to-blog
pub_fc_4_31,0.0,https://www.kaggle.com/competitions/fixing-the-poisoned-well/discussion/link-to-blog
pub_fc_4_32,0.0,https://www.kaggle.com/competitions/fixing-the-poisoned-well/discussion/link-to-blog
pub_fc_4_33,0.0,https://www.kaggle.com/competitions/fixing-the-poisoned-well/discussion/link-to-blog
pub_fc_4_34,0.0,https://www.kaggle.com/competitions/fixing-the-poisoned-well/discussion/link-to-blog
pub_fc_4_35,0.0,https://www.kaggle.com/competitions/fixing-the-poisoned-well/discussion/link-to-blog
pub_fc_4_36,0.0,https://www.kaggle.com/competitions/fixing-the-poisoned-well/discussion/link-to-blog
pub_fc_4_37,0.0,https://www.kaggle.com/competitions/fixing-the-poisoned-well/discussion/link-to-blog
pub_fc_4_38,0.0,https://www.kaggle.com/competitions/fixing-the-poisoned-well/discussion/link-to-blog
pub_fc_4_39,0.0,https://www.kaggle.com/competitions/fixing-the-poisoned-well/discussion/link-to-blog
pub_fc_4_40,0.0,https://www.kaggle.com/competitions/fixing-the-poisoned-well/discussion/link-to-blog
pub_fc_4_41,0.0,https://www.kaggle.com/competitions/fixing-the-poisoned-well/discussion/link-to-blog
pub_fc_4_42,0.0,https://www.kaggle.com/competitions/fixing-the-poisoned-well/discussion/link-to-blog
pub_fc_4_43,0.0,https://www.kaggle.com/competitions/fixing-the-poisoned-well/discussion/link-to-blog
pub_fc_4_44,0.0,https://www.kaggle.com/competitions/fixing-the-poisoned-well/discussion/link-to-blog
pub_fc_4_45,0.0,https://www.kaggle.com/competitions/fixing-the-poisoned-well/discussion/link-to-blog
pub_fc_4_46,0.0,https://www.kaggle.com/competitions/fixing-the-poisoned-well/discussion/link-to-blog
pub_fc_4_47,0.0,https://www.kaggle.com/competitions/fixing-the-poisoned-well/discussion/link-to-blog
pub_fc_4_48,0.0,https://www.kaggle.com/competitions/fixing-the-poisoned-well/discussion/link-to-blog
pub_fc_4_49,0.0,https://www.kaggle.com/competitions/fixing-the-poisoned-well/discussion/link-to-blog
pub_fc_4_50,0.0,https://www.kaggle.com/competitions/fixing-the-poisoned-well/discussion/link-to-blog
pub_fc_4_51,0.0,https://www.kaggle.com/competitions/fixing-the-poisoned-well/discussion/link-to-blog
pub_fc_4_52,0.0,https://www.kaggle.com/competitions/fixing-the-poisoned-well/discussion/link-to-blog
pub_fc_4_53,0.0,https://www.kaggle.com/competitions/fixing-the-poisoned-well/discussion/link-to-blog
pub_fc_4_54,0.0,https://www.kaggle.com/competitions/fixing-the-poisoned-well/discussion/link-to-blog
pub_fc_4_55,0.0,https://www.kaggle.com/competitions/fixing-the-poisoned-well/discussion/link-to-blog
pub_fc_5_0,0.0,https://www.kaggle.com/competitions/fixing-the-poisoned-well/discussion/link-to-blog
pub_fc_5_1,0.0,https://www.kaggle.com/competitions/fixing-the-poisoned-well/discussion/link-to-blog
pub_fc_5_2,0.0,https://www.kaggle.com/competitions/fixing-the-poisoned-well/discussion/link-to-blog
pub_fc_5_3,0.0,https://www.kaggle.com/competitions/fixing-the-poisoned-well/discussion/link-to-blog
pub_fc_5_4,0.0,https://www.kaggle.com/competitions/fixing-the-poisoned-well/discussion/link-to-blog
pub_fc_5_5,0.0,https://www.kaggle.com/competitions/fixing-the-poisoned-well/discussion/link-to-blog
pub_fc_5_6,0.0,https://www.kaggle.com/competitions/fixing-the-poisoned-well/discussion/link-to-blog
pub_fc_5_7,0.0,https://www.kaggle.com/competitions/fixing-the-poisoned-well/discussion/link-to-blog
pub_fc_5_8,0.0,https://www.kaggle.com/competitions/fixing-the-poisoned-well/discussion/link-to-blog
pub_fc_5_9,0.0,https://www.kaggle.com/competitions/fixing-the-poisoned-well/discussion/link-to-blog
pub_fc_5_10,0.0,https://www.kaggle.com/competitions/fixing-the-poisoned-well/discussion/link-to-blog
pub_fc_5_11,0.0,https://www.kaggle.com/competitions/fixing-the-poisoned-well/discussion/link-to-blog
pub_fc_5_12,0.0,https://www.kaggle.com/competitions/fixing-the-poisoned-well/discussion/link-to-blog
pub_fc_5_13,0.0,https://www.kaggle.com/competitions/fixing-the-poisoned-well/discussion/link-to-blog
pub_fc_5_14,0.0,https://www.kaggle.com/competitions/fixing-the-poisoned-well/discussion/link-to-blog
pub_fc_5_15,0.0,https://www.kaggle.com/competitions/fixing-the-poisoned-well/discussion/link-to-blog
pub_fc_5_16,0.0,https://www.kaggle.com/competitions/fixing-the-poisoned-well/discussion/link-to-blog
pub_fc_5_17,0.0,https://www.kaggle.com/competitions/fixing-the-poisoned-well/discussion/link-to-blog
pub_fc_5_18,0.0,https://www.kaggle.com/competitions/fixing-the-poisoned-well/discussion/link-to-blog
pub_fc_5_19,0.0,https://www.kaggle.com/competitions/fixing-the-poisoned-well/discussion/link-to-blog
pub_fc_5_20,0.0,https://www.kaggle.com/competitions/fixing-the-poisoned-well/discussion/link-to-blog
pub_fc_5_21,0.0,https://www.kaggle.com/competitions/fixing-the-poisoned-well/discussion/link-to-blog
pub_fc_5_22,0.0,https://www.kaggle.com/competitions/fixing-the-poisoned-well/discussion/link-to-blog
pub_fc_5_23,0.0,https://www.kaggle.com/competitions/fixing-the-poisoned-well/discussion/link-to-blog
pub_fc_5_24,0.0,https://www.kaggle.com/competitions/fixing-the-poisoned-well/discussion/link-to-blog
pub_fc_5_25,0.0,https://www.kaggle.com/competitions/fixing-the-poisoned-well/discussion/link-to-blog
pub_fc_5_26,0.0,https://www.kaggle.com/competitions/fixing-the-poisoned-well/discussion/link-to-blog
pub_fc_5_27,0.0,https://www.kaggle.com/competitions/fixing-the-poisoned-well/discussion/link-to-blog
pub_fc_5_28,0.0,https://www.kaggle.com/competitions/fixing-the-poisoned-well/discussion/link-to-blog
pub_fc_5_29,0.0,https://www.kaggle.com/competitions/fixing-the-poisoned-well/discussion/link-to-blog
pub_fc_5_30,0.0,https://www.kaggle.com/competitions/fixing-the-poisoned-well/discussion/link-to-blog
pub_fc_5_31,0.0,https://www.kaggle.com/competitions/fixing-the-poisoned-well/discussion/link-to-blog
pub_fc_5_32,0.0,https://www.kaggle.com/competitions/fixing-the-poisoned-well/discussion/link-to-blog
pub_fc_5_33,0.0,https://www.kaggle.com/competitions/fixing-the-poisoned-well/discussion/link-to-blog
pub_fc_5_34,0.0,https://www.kaggle.com/competitions/fixing-the-poisoned-well/discussion/link-to-blog
pub_fc_5_35,0.0,https://www.kaggle.com/competitions/fixing-the-poisoned-well/discussion/link-to-blog
pub_fc_5_36,0.0,https://www.kaggle.com/competitions/fixing-the-poisoned-well/discussion/link-to-blog
pub_fc_5_37,0.0,https://www.kaggle.com/competitions/fixing-the-poisoned-well/discussion/link-to-blog
pub_fc_5_38,0.0,https://www.kaggle.com/competitions/fixing-the-poisoned-well/discussion/link-to-blog
pub_fc_5_39,0.0,https://www.kaggle.com/competitions/fixing-the-poisoned-well/discussion/link-to-blog
pub_fc_5_40,0.0,https://www.kaggle.com/competitions/fixing-the-poisoned-well/discussion/link-to-blog
pub_fc_5_41,0.0,https://www.kaggle.com/competitions/fixing-the-poisoned-well/discussion/link-to-blog
pub_fc_5_42,0.0,https://www.kaggle.com/competitions/fixing-the-poisoned-well/discussion/link-to-blog
pub_fc_5_43,0.0,https://www.kaggle.com/competitions/fixing-the-poisoned-well/discussion/link-to-blog
pub_fc_5_44,0.0,https://www.kaggle.com/competitions/fixing-the-poisoned-well/discussion/link-to-blog
pub_fc_5_45,0.0,https://www.kaggle.com/competitions/fixing-the-poisoned-well/discussion/link-to-blog
pub_fc_5_46,0.0,https://www.kaggle.com/competitions/fixing-the-poisoned-well/discussion/link-to-blog
pub_fc_5_47,0.0,https://www.kaggle.com/competitions/fixing-the-poisoned-well/discussion/link-to-blog
pub_fc_5_48,0.0,https://www.kaggle.com/competitions/fixing-the-poisoned-well/discussion/link-to-blog
pub_fc_5_49,0.0,https://www.kaggle.com/competitions/fixing-the-poisoned-well/discussion/link-to-blog
pub_fc_5_50,0.0,https://www.kaggle.com/competitions/fixing-the-poisoned-well/discussion/link-to-blog
pub_fc_5_51,0.0,https://www.kaggle.com/competitions/fixing-the-poisoned-well/discussion/link-to-blog
pub_fc_5_52,0.0,https://www.kaggle.com/competitions/fixing-the-poisoned-well/discussion/link-to-blog
pub_fc_5_53,0.0,https://www.kaggle.com/competitions/fixing-the-poisoned-well/discussion/link-to-blog
pub_fc_5_54,0.0,https://www.kaggle.com/competitions/fixing-the-poisoned-well/discussion/link-to-blog
pub_fc_5_55,0.0,https://www.kaggle.com/competitions/fixing-the-poisoned-well/discussion/link-to-blog
pub_fc_6_0,0.0,https://www.kaggle.com/competitions/fixing-the-poisoned-well/discussion/link-to-blog
pub_fc_6_1,0.0,https://www.kaggle.com/competitions/fixing-the-poisoned-well/discussion/link-to-blog
pub_fc_6_2,0.0,https://www.kaggle.com/competitions/fixing-the-poisoned-well/discussion/link-to-blog
pub_fc_6_3,0.0,https://www.kaggle.com/competitions/fixing-the-poisoned-well/discussion/link-to-blog
pub_fc_6_4,0.0,https://www.kaggle.com/competitions/fixing-the-poisoned-well/discussion/link-to-blog
pub_fc_6_5,0.0,https://www.kaggle.com/competitions/fixing-the-poisoned-well/discussion/link-to-blog
pub_fc_6_6,0.0,https://www.kaggle.com/competitions/fixing-the-poisoned-well/discussion/link-to-blog
pub_fc_6_7,0.0,https://www.kaggle.com/competitions/fixing-the-poisoned-well/discussion/link-to-blog
pub_fc_6_8,0.0,https://www.kaggle.com/competitions/fixing-the-poisoned-well/discussion/link-to-blog
pub_fc_6_9,0.0,https://www.kaggle.com/competitions/fixing-the-poisoned-well/discussion/link-to-blog
pub_fc_6_10,0.0,https://www.kaggle.com/competitions/fixing-the-poisoned-well/discussion/link-to-blog
pub_fc_6_11,0.0,https://www.kaggle.com/competitions/fixing-the-poisoned-well/discussion/link-to-blog
pub_fc_6_12,0.0,https://www.kaggle.com/competitions/fixing-the-poisoned-well/discussion/link-to-blog
pub_fc_6_13,0.0,https://www.kaggle.com/competitions/fixing-the-poisoned-well/discussion/link-to-blog
pub_fc_6_14,0.0,https://www.kaggle.com/competitions/fixing-the-poisoned-well/discussion/link-to-blog
pub_fc_6_15,0.0,https://www.kaggle.com/competitions/fixing-the-poisoned-well/discussion/link-to-blog
pub_fc_6_16,0.0,https://www.kaggle.com/competitions/fixing-the-poisoned-well/discussion/link-to-blog
pub_fc_6_17,0.0,https://www.kaggle.com/competitions/fixing-the-poisoned-well/discussion/link-to-blog
pub_fc_6_18,0.0,https://www.kaggle.com/competitions/fixing-the-poisoned-well/discussion/link-to-blog
pub_fc_6_19,0.0,https://www.kaggle.com/competitions/fixing-the-poisoned-well/discussion/link-to-blog
pub_fc_6_20,0.0,https://www.kaggle.com/competitions/fixing-the-poisoned-well/discussion/link-to-blog
pub_fc_6_21,0.0,https://www.kaggle.com/competitions/fixing-the-poisoned-well/discussion/link-to-blog
pub_fc_6_22,0.0,https://www.kaggle.com/competitions/fixing-the-poisoned-well/discussion/link-to-blog
pub_fc_6_23,0.0,https://www.kaggle.com/competitions/fixing-the-poisoned-well/discussion/link-to-blog
pub_fc_6_24,0.0,https://www.kaggle.com/competitions/fixing-the-poisoned-well/discussion/link-to-blog
pub_fc_6_25,0.0,https://www.kaggle.com/competitions/fixing-the-poisoned-well/discussion/link-to-blog
pub_fc_6_26,0.0,https://www.kaggle.com/competitions/fixing-the-poisoned-well/discussion/link-to-blog
pub_fc_6_27,0.0,https://www.kaggle.com/competitions/fixing-the-poisoned-well/discussion/link-to-blog
pub_fc_6_28,0.0,https://www.kaggle.com/competitions/fixing-the-poisoned-well/discussion/link-to-blog
pub_fc_6_29,0.0,https://www.kaggle.com/competitions/fixing-the-poisoned-well/discussion/link-to-blog
pub_fc_6_30,0.0,https://www.kaggle.com/competitions/fixing-the-poisoned-well/discussion/link-to-blog
pub_fc_6_31,0.0,https://www.kaggle.com/competitions/fixing-the-poisoned-well/discussion/link-to-blog
pub_fc_6_32,0.0,https://www.kaggle.com/competitions/fixing-the-poisoned-well/discussion/link-to-blog
pub_fc_6_33,0.0,https://www.kaggle.com/competitions/fixing-the-poisoned-well/discussion/link-to-blog
pub_fc_6_34,0.0,https://www.kaggle.com/competitions/fixing-the-poisoned-well/discussion/link-to-blog
pub_fc_6_35,0.0,https://www.kaggle.com/competitions/fixing-the-poisoned-well/discussion/link-to-blog
pub_fc_6_36,0.0,https://www.kaggle.com/competitions/fixing-the-poisoned-well/discussion/link-to-blog
pub_fc_6_37,0.0,https://www.kaggle.com/competitions/fixing-the-poisoned-well/discussion/link-to-blog
pub_fc_6_38,0.0,https://www.kaggle.com/competitions/fixing-the-poisoned-well/discussion/link-to-blog
pub_fc_6_39,0.0,https://www.kaggle.com/competitions/fixing-the-poisoned-well/discussion/link-to-blog
pub_fc_6_40,0.0,https://www.kaggle.com/competitions/fixing-the-poisoned-well/discussion/link-to-blog
pub_fc_6_41,0.0,https://www.kaggle.com/competitions/fixing-the-poisoned-well/discussion/link-to-blog
pub_fc_6_42,0.0,https://www.kaggle.com/competitions/fixing-the-poisoned-well/discussion/link-to-blog
pub_fc_6_43,0.0,https://www.kaggle.com/competitions/fixing-the-poisoned-well/discussion/link-to-blog
pub_fc_6_44,0.0,https://www.kaggle.com/competitions/fixing-the-poisoned-well/discussion/link-to-blog
pub_fc_6_45,0.0,https://www.kaggle.com/competitions/fixing-the-poisoned-well/discussion/link-to-blog
pub_fc_6_46,0.0,https://www.kaggle.com/competitions/fixing-the-poisoned-well/discussion/link-to-blog
pub_fc_6_47,0.0,https://www.kaggle.com/competitions/fixing-the-poisoned-well/discussion/link-to-blog
pub_fc_6_48,0.0,https://www.kaggle.com/competitions/fixing-the-poisoned-well/discussion/link-to-blog
pub_fc_6_49,0.0,https://www.kaggle.com/competitions/fixing-the-poisoned-well/discussion/link-to-blog
pub_fc_6_50,0.0,https://www.kaggle.com/competitions/fixing-the-poisoned-well/discussion/link-to-blog
pub_fc_6_51,0.0,https://www.kaggle.com/competitions/fixing-the-poisoned-well/discussion/link-to-blog
pub_fc_6_52,0.0,https://www.kaggle.com/competitions/fixing-the-poisoned-well/discussion/link-to-blog
pub_fc_6_53,0.0,https://www.kaggle.com/competitions/fixing-the-poisoned-well/discussion/link-to-blog
pub_fc_6_54,0.0,https://www.kaggle.com/competitions/fixing-the-poisoned-well/discussion/link-to-blog
pub_fc_6_55,0.0,https://www.kaggle.com/competitions/fixing-the-poisoned-well/discussion/link-to-blog
pub_fc_7_0,0.0,https://www.kaggle.com/competitions/fixing-the-poisoned-well/discussion/link-to-blog
pub_fc_7_1,0.0,https://www.kaggle.com/competitions/fixing-the-poisoned-well/discussion/link-to-blog
pub_fc_7_2,0.0,https://www.kaggle.com/competitions/fixing-the-poisoned-well/discussion/link-to-blog
pub_fc_7_3,0.0,https://www.kaggle.com/competitions/fixing-the-poisoned-well/discussion/link-to-blog
pub_fc_7_4,0.0,https://www.kaggle.com/competitions/fixing-the-poisoned-well/discussion/link-to-blog
pub_fc_7_5,0.0,https://www.kaggle.com/competitions/fixing-the-poisoned-well/discussion/link-to-blog
pub_fc_7_6,0.0,https://www.kaggle.com/competitions/fixing-the-poisoned-well/discussion/link-to-blog
pub_fc_7_7,0.0,https://www.kaggle.com/competitions/fixing-the-poisoned-well/discussion/link-to-blog
pub_fc_7_8,0.0,https://www.kaggle.com/competitions/fixing-the-poisoned-well/discussion/link-to-blog
pub_fc_7_9,0.0,https://www.kaggle.com/competitions/fixing-the-poisoned-well/discussion/link-to-blog
pub_fc_7_10,0.0,https://www.kaggle.com/competitions/fixing-the-poisoned-well/discussion/link-to-blog
pub_fc_7_11,0.0,https://www.kaggle.com/competitions/fixing-the-poisoned-well/discussion/link-to-blog
pub_fc_7_12,0.0,https://www.kaggle.com/competitions/fixing-the-poisoned-well/discussion/link-to-blog
pub_fc_7_13,0.0,https://www.kaggle.com/competitions/fixing-the-poisoned-well/discussion/link-to-blog
pub_fc_7_14,0.0,https://www.kaggle.com/competitions/fixing-the-poisoned-well/discussion/link-to-blog
pub_fc_7_15,0.0,https://www.kaggle.com/competitions/fixing-the-poisoned-well/discussion/link-to-blog
pub_fc_7_16,0.0,https://www.kaggle.com/competitions/fixing-the-poisoned-well/discussion/link-to-blog
pub_fc_7_17,0.0,https://www.kaggle.com/competitions/fixing-the-poisoned-well/discussion/link-to-blog
pub_fc_7_18,0.0,https://www.kaggle.com/competitions/fixing-the-poisoned-well/discussion/link-to-blog
pub_fc_7_19,0.0,https://www.kaggle.com/competitions/fixing-the-poisoned-well/discussion/link-to-blog
pub_fc_7_20,0.0,https://www.kaggle.com/competitions/fixing-the-poisoned-well/discussion/link-to-blog
pub_fc_7_21,0.0,https://www.kaggle.com/competitions/fixing-the-poisoned-well/discussion/link-to-blog
pub_fc_7_22,0.0,https://www.kaggle.com/competitions/fixing-the-poisoned-well/discussion/link-to-blog
pub_fc_7_23,0.0,https://www.kaggle.com/competitions/fixing-the-poisoned-well/discussion/link-to-blog
pub_fc_7_24,0.0,https://www.kaggle.com/competitions/fixing-the-poisoned-well/discussion/link-to-blog
pub_fc_7_25,0.0,https://www.kaggle.com/competitions/fixing-the-poisoned-well/discussion/link-to-blog
pub_fc_7_26,0.0,https://www.kaggle.com/competitions/fixing-the-poisoned-well/discussion/link-to-blog
pub_fc_7_27,0.0,https://www.kaggle.com/competitions/fixing-the-poisoned-well/discussion/link-to-blog
pub_fc_7_28,0.0,https://www.kaggle.com/competitions/fixing-the-poisoned-well/discussion/link-to-blog
pub_fc_7_29,0.0,https://www.kaggle.com/competitions/fixing-the-poisoned-well/discussion/link-to-blog
pub_fc_7_30,0.0,https://www.kaggle.com/competitions/fixing-the-poisoned-well/discussion/link-to-blog
pub_fc_7_31,0.0,https://www.kaggle.com/competitions/fixing-the-poisoned-well/discussion/link-to-blog
pub_fc_7_32,0.0,https://www.kaggle.com/competitions/fixing-the-poisoned-well/discussion/link-to-blog
pub_fc_7_33,0.0,https://www.kaggle.com/competitions/fixing-the-poisoned-well/discussion/link-to-blog
pub_fc_7_34,0.0,https://www.kaggle.com/competitions/fixing-the-poisoned-well/discussion/link-to-blog
pub_fc_7_35,0.0,https://www.kaggle.com/competitions/fixing-the-poisoned-well/discussion/link-to-blog
pub_fc_7_36,0.0,https://www.kaggle.com/competitions/fixing-the-poisoned-well/discussion/link-to-blog
pub_fc_7_37,0.0,https://www.kaggle.com/competitions/fixing-the-poisoned-well/discussion/link-to-blog
pub_fc_7_38,0.0,https://www.kaggle.com/competitions/fixing-the-poisoned-well/discussion/link-to-blog
pub_fc_7_39,0.0,https://www.kaggle.com/competitions/fixing-the-poisoned-well/discussion/link-to-blog
pub_fc_7_40,0.0,https://www.kaggle.com/competitions/fixing-the-poisoned-well/discussion/link-to-blog
pub_fc_7_41,0.0,https://www.kaggle.com/competitions/fixing-the-poisoned-well/discussion/link-to-blog
pub_fc_7_42,0.0,https://www.kaggle.com/competitions/fixing-the-poisoned-well/discussion/link-to-blog
pub_fc_7_43,0.0,https://www.kaggle.com/competitions/fixing-the-poisoned-well/discussion/link-to-blog
pub_fc_7_44,0.0,https://www.kaggle.com/competitions/fixing-the-poisoned-well/discussion/link-to-blog
pub_fc_7_45,0.0,https://www.kaggle.com/competitions/fixing-the-poisoned-well/discussion/link-to-blog
pub_fc_7_46,0.0,https://www.kaggle.com/competitions/fixing-the-poisoned-well/discussion/link-to-blog
pub_fc_7_47,0.0,https://www.kaggle.com/competitions/fixing-the-poisoned-well/discussion/link-to-blog
pub_fc_7_48,0.0,https://www.kaggle.com/competitions/fixing-the-poisoned-well/discussion/link-to-blog
pub_fc_7_49,0.0,https://www.kaggle.com/competitions/fixing-the-poisoned-well/discussion/link-to-blog
pub_fc_7_50,0.0,https://www.kaggle.com/competitions/fixing-the-poisoned-well/discussion/link-to-blog
pub_fc_7_51,0.0,https://www.kaggle.com/competitions/fixing-the-poisoned-well/discussion/link-to-blog
pub_fc_7_52,0.0,https://www.kaggle.com/competitions/fixing-the-poisoned-well/discussion/link-to-blog
pub_fc_7_53,0.0,https://www.kaggle.com/competitions/fixing-the-poisoned-well/discussion/link-to-blog
pub_fc_7_54,0.0,https://www.kaggle.com/competitions/fixing-the-poisoned-well/discussion/link-to-blog
pub_fc_7_55,0.0,https://www.kaggle.com/competitions/fixing-the-poisoned-well/discussion/link-to-blog
pub_fc_8_0,0.0,https://www.kaggle.com/competitions/fixing-the-poisoned-well/discussion/link-to-blog
pub_fc_8_1,0.0,https://www.kaggle.com/competitions/fixing-the-poisoned-well/discussion/link-to-blog
pub_fc_8_2,0.0,https://www.kaggle.com/competitions/fixing-the-poisoned-well/discussion/link-to-blog
pub_fc_8_3,0.0,https://www.kaggle.com/competitions/fixing-the-poisoned-well/discussion/link-to-blog
pub_fc_8_4,0.0,https://www.kaggle.com/competitions/fixing-the-poisoned-well/discussion/link-to-blog
pub_fc_8_5,0.0,https://www.kaggle.com/competitions/fixing-the-poisoned-well/discussion/link-to-blog
pub_fc_8_6,0.0,https://www.kaggle.com/competitions/fixing-the-poisoned-well/discussion/link-to-blog
pub_fc_8_7,0.0,https://www.kaggle.com/competitions/fixing-the-poisoned-well/discussion/link-to-blog
pub_fc_8_8,0.0,https://www.kaggle.com/competitions/fixing-the-poisoned-well/discussion/link-to-blog
pub_fc_8_9,0.0,https://www.kaggle.com/competitions/fixing-the-poisoned-well/discussion/link-to-blog
pub_fc_8_10,0.0,https://www.kaggle.com/competitions/fixing-the-poisoned-well/discussion/link-to-blog
pub_fc_8_11,0.0,https://www.kaggle.com/competitions/fixing-the-poisoned-well/discussion/link-to-blog
pub_fc_8_12,0.0,https://www.kaggle.com/competitions/fixing-the-poisoned-well/discussion/link-to-blog
pub_fc_8_13,0.0,https://www.kaggle.com/competitions/fixing-the-poisoned-well/discussion/link-to-blog
pub_fc_8_14,0.0,https://www.kaggle.com/competitions/fixing-the-poisoned-well/discussion/link-to-blog
pub_fc_8_15,0.0,https://www.kaggle.com/competitions/fixing-the-poisoned-well/discussion/link-to-blog
pub_fc_8_16,0.0,https://www.kaggle.com/competitions/fixing-the-poisoned-well/discussion/link-to-blog
pub_fc_8_17,0.0,https://www.kaggle.com/competitions/fixing-the-poisoned-well/discussion/link-to-blog
pub_fc_8_18,0.0,https://www.kaggle.com/competitions/fixing-the-poisoned-well/discussion/link-to-blog
pub_fc_8_19,0.0,https://www.kaggle.com/competitions/fixing-the-poisoned-well/discussion/link-to-blog
pub_fc_8_20,0.0,https://www.kaggle.com/competitions/fixing-the-poisoned-well/discussion/link-to-blog
pub_fc_8_21,0.0,https://www.kaggle.com/competitions/fixing-the-poisoned-well/discussion/link-to-blog
pub_fc_8_22,0.0,https://www.kaggle.com/competitions/fixing-the-poisoned-well/discussion/link-to-blog
pub_fc_8_23,0.0,https://www.kaggle.com/competitions/fixing-the-poisoned-well/discussion/link-to-blog
pub_fc_8_24,0.0,https://www.kaggle.com/competitions/fixing-the-poisoned-well/discussion/link-to-blog
pub_fc_8_25,0.0,https://www.kaggle.com/competitions/fixing-the-poisoned-well/discussion/link-to-blog
pub_fc_8_26,0.0,https://www.kaggle.com/competitions/fixing-the-poisoned-well/discussion/link-to-blog
pub_fc_8_27,0.0,https://www.kaggle.com/competitions/fixing-the-poisoned-well/discussion/link-to-blog
pub_fc_8_28,0.0,https://www.kaggle.com/competitions/fixing-the-poisoned-well/discussion/link-to-blog
pub_fc_8_29,0.0,https://www.kaggle.com/competitions/fixing-the-poisoned-well/discussion/link-to-blog
pub_fc_8_30,0.0,https://www.kaggle.com/competitions/fixing-the-poisoned-well/discussion/link-to-blog
pub_fc_8_31,0.0,https://www.kaggle.com/competitions/fixing-the-poisoned-well/discussion/link-to-blog
pub_fc_8_32,0.0,https://www.kaggle.com/competitions/fixing-the-poisoned-well/discussion/link-to-blog
pub_fc_8_33,0.0,https://www.kaggle.com/competitions/fixing-the-poisoned-well/discussion/link-to-blog
pub_fc_8_34,0.0,https://www.kaggle.com/competitions/fixing-the-poisoned-well/discussion/link-to-blog
pub_fc_8_35,0.0,https://www.kaggle.com/competitions/fixing-the-poisoned-well/discussion/link-to-blog
pub_fc_8_36,0.0,https://www.kaggle.com/competitions/fixing-the-poisoned-well/discussion/link-to-blog
pub_fc_8_37,0.0,https://www.kaggle.com/competitions/fixing-the-poisoned-well/discussion/link-to-blog
pub_fc_8_38,0.0,https://www.kaggle.com/competitions/fixing-the-poisoned-well/discussion/link-to-blog
pub_fc_8_39,0.0,https://www.kaggle.com/competitions/fixing-the-poisoned-well/discussion/link-to-blog
pub_fc_8_40,0.0,https://www.kaggle.com/competitions/fixing-the-poisoned-well/discussion/link-to-blog
pub_fc_8_41,0.0,https://www.kaggle.com/competitions/fixing-the-poisoned-well/discussion/link-to-blog
pub_fc_8_42,0.0,https://www.kaggle.com/competitions/fixing-the-poisoned-well/discussion/link-to-blog
pub_fc_8_43,0.0,https://www.kaggle.com/competitions/fixing-the-poisoned-well/discussion/link-to-blog
pub_fc_8_44,0.0,https://www.kaggle.com/competitions/fixing-the-poisoned-well/discussion/link-to-blog
pub_fc_8_45,0.0,https://www.kaggle.com/competitions/fixing-the-poisoned-well/discussion/link-to-blog
pub_fc_8_46,0.0,https://www.kaggle.com/competitions/fixing-the-poisoned-well/discussion/link-to-blog
pub_fc_8_47,0.0,https://www.kaggle.com/competitions/fixing-the-poisoned-well/discussion/link-to-blog
pub_fc_8_48,0.0,https://www.kaggle.com/competitions/fixing-the-poisoned-well/discussion/link-to-blog
pub_fc_8_49,0.0,https://www.kaggle.com/competitions/fixing-the-poisoned-well/discussion/link-to-blog
pub_fc_8_50,0.0,https://www.kaggle.com/competitions/fixing-the-poisoned-well/discussion/link-to-blog
pub_fc_8_51,0.0,https://www.kaggle.com/competitions/fixing-the-poisoned-well/discussion/link-to-blog
pub_fc_8_52,0.0,https://www.kaggle.com/competitions/fixing-the-poisoned-well/discussion/link-to-blog
pub_fc_8_53,0.0,https://www.kaggle.com/competitions/fixing-the-poisoned-well/discussion/link-to-blog
pub_fc_8_54,0.0,https://www.kaggle.com/competitions/fixing-the-poisoned-well/discussion/link-to-blog
pub_fc_8_55,0.0,https://www.kaggle.com/competitions/fixing-the-poisoned-well/discussion/link-to-blog
pub_fc_9_0,0.0,https://www.kaggle.com/competitions/fixing-the-poisoned-well/discussion/link-to-blog
pub_fc_9_1,0.0,https://www.kaggle.com/competitions/fixing-the-poisoned-well/discussion/link-to-blog
pub_fc_9_2,0.0,https://www.kaggle.com/competitions/fixing-the-poisoned-well/discussion/link-to-blog
pub_fc_9_3,0.0,https://www.kaggle.com/competitions/fixing-the-poisoned-well/discussion/link-to-blog
pub_fc_9_4,0.0,https://www.kaggle.com/competitions/fixing-the-poisoned-well/discussion/link-to-blog
pub_fc_9_5,0.0,https://www.kaggle.com/competitions/fixing-the-poisoned-well/discussion/link-to-blog
pub_fc_9_6,0.0,https://www.kaggle.com/competitions/fixing-the-poisoned-well/discussion/link-to-blog
pub_fc_9_7,0.0,https://www.kaggle.com/competitions/fixing-the-poisoned-well/discussion/link-to-blog
pub_fc_9_8,0.0,https://www.kaggle.com/competitions/fixing-the-poisoned-well/discussion/link-to-blog
pub_fc_9_9,0.0,https://www.kaggle.com/competitions/fixing-the-poisoned-well/discussion/link-to-blog
pub_fc_9_10,0.0,https://www.kaggle.com/competitions/fixing-the-poisoned-well/discussion/link-to-blog
pub_fc_9_11,0.0,https://www.kaggle.com/competitions/fixing-the-poisoned-well/discussion/link-to-blog
pub_fc_9_12,0.0,https://www.kaggle.com/competitions/fixing-the-poisoned-well/discussion/link-to-blog
pub_fc_9_13,0.0,https://www.kaggle.com/competitions/fixing-the-poisoned-well/discussion/link-to-blog
pub_fc_9_14,0.0,https://www.kaggle.com/competitions/fixing-the-poisoned-well/discussion/link-to-blog
pub_fc_9_15,0.0,https://www.kaggle.com/competitions/fixing-the-poisoned-well/discussion/link-to-blog
pub_fc_9_16,0.0,https://www.kaggle.com/competitions/fixing-the-poisoned-well/discussion/link-to-blog
pub_fc_9_17,0.0,https://www.kaggle.com/competitions/fixing-the-poisoned-well/discussion/link-to-blog
pub_fc_9_18,0.0,https://www.kaggle.com/competitions/fixing-the-poisoned-well/discussion/link-to-blog
pub_fc_9_19,0.0,https://www.kaggle.com/competitions/fixing-the-poisoned-well/discussion/link-to-blog
pub_fc_9_20,0.0,https://www.kaggle.com/competitions/fixing-the-poisoned-well/discussion/link-to-blog
pub_fc_9_21,0.0,https://www.kaggle.com/competitions/fixing-the-poisoned-well/discussion/link-to-blog
pub_fc_9_22,0.0,https://www.kaggle.com/competitions/fixing-the-poisoned-well/discussion/link-to-blog
pub_fc_9_23,0.0,https://www.kaggle.com/competitions/fixing-the-poisoned-well/discussion/link-to-blog
pub_fc_9_24,0.0,https://www.kaggle.com/competitions/fixing-the-poisoned-well/discussion/link-to-blog
pub_fc_9_25,0.0,https://www.kaggle.com/competitions/fixing-the-poisoned-well/discussion/link-to-blog
pub_fc_9_26,0.0,https://www.kaggle.com/competitions/fixing-the-poisoned-well/discussion/link-to-blog
pub_fc_9_27,0.0,https://www.kaggle.com/competitions/fixing-the-poisoned-well/discussion/link-to-blog
pub_fc_9_28,0.0,https://www.kaggle.com/competitions/fixing-the-poisoned-well/discussion/link-to-blog
pub_fc_9_29,0.0,https://www.kaggle.com/competitions/fixing-the-poisoned-well/discussion/link-to-blog
pub_fc_9_30,0.0,https://www.kaggle.com/competitions/fixing-the-poisoned-well/discussion/link-to-blog
pub_fc_9_31,0.0,https://www.kaggle.com/competitions/fixing-the-poisoned-well/discussion/link-to-blog
pub_fc_9_32,0.0,https://www.kaggle.com/competitions/fixing-the-poisoned-well/discussion/link-to-blog
pub_fc_9_33,0.0,https://www.kaggle.com/competitions/fixing-the-poisoned-well/discussion/link-to-blog
pub_fc_9_34,0.0,https://www.kaggle.com/competitions/fixing-the-poisoned-well/discussion/link-to-blog
pub_fc_9_35,0.0,https://www.kaggle.com/competitions/fixing-the-poisoned-well/discussion/link-to-blog
pub_fc_9_36,0.0,https://www.kaggle.com/competitions/fixing-the-poisoned-well/discussion/link-to-blog
pub_fc_9_37,0.0,https://www.kaggle.com/competitions/fixing-the-poisoned-well/discussion/link-to-blog
pub_fc_9_38,0.0,https://www.kaggle.com/competitions/fixing-the-poisoned-well/discussion/link-to-blog
pub_fc_9_39,0.0,https://www.kaggle.com/competitions/fixing-the-poisoned-well/discussion/link-to-blog
pub_fc_9_40,0.0,https://www.kaggle.com/competitions/fixing-the-poisoned-well/discussion/link-to-blog
pub_fc_9_41,0.0,https://www.kaggle.com/competitions/fixing-the-poisoned-well/discussion/link-to-blog
pub_fc_9_42,0.0,https://www.kaggle.com/competitions/fixing-the-poisoned-well/discussion/link-to-blog
pub_fc_9_43,0.0,https://www.kaggle.com/competitions/fixing-the-poisoned-well/discussion/link-to-blog
pub_fc_9_44,0.0,https://www.kaggle.com/competitions/fixing-the-poisoned-well/discussion/link-to-blog
pub_fc_9_45,0.0,https://www.kaggle.com/competitions/fixing-the-poisoned-well/discussion/link-to-blog
pub_fc_9_46,0.0,https://www.kaggle.com/competitions/fixing-the-poisoned-well/discussion/link-to-blog
pub_fc_9_47,0.0,https://www.kaggle.com/competitions/fixing-the-poisoned-well/discussion/link-to-blog
pub_fc_9_48,0.0,https://www.kaggle.com/competitions/fixing-the-poisoned-well/discussion/link-to-blog
pub_fc_9_49,0.0,https://www.kaggle.com/competitions/fixing-the-poisoned-well/discussion/link-to-blog
pub_fc_9_50,0.0,https://www.kaggle.com/competitions/fixing-the-poisoned-well/discussion/link-to-blog
pub_fc_9_51,0.0,https://www.kaggle.com/competitions/fixing-the-poisoned-well/discussion/link-to-blog
pub_fc_9_52,0.0,https://www.kaggle.com/competitions/fixing-the-poisoned-well/discussion/link-to-blog
pub_fc_9_53,0.0,https://www.kaggle.com/competitions/fixing-the-poisoned-well/discussion/link-to-blog
pub_fc_9_54,0.0,https://www.kaggle.com/competitions/fixing-the-poisoned-well/discussion/link-to-blog
pub_fc_9_55,0.0,https://www.kaggle.com/competitions/fixing-the-poisoned-well/discussion/link-to-blog
pub_fc_10_0,0.0,https://www.kaggle.com/competitions/fixing-the-poisoned-well/discussion/link-to-blog
pub_fc_10_1,0.0,https://www.kaggle.com/competitions/fixing-the-poisoned-well/discussion/link-to-blog
pub_fc_10_2,0.0,https://www.kaggle.com/competitions/fixing-the-poisoned-well/discussion/link-to-blog
pub_fc_10_3,0.0,https://www.kaggle.com/competitions/fixing-the-poisoned-well/discussion/link-to-blog
pub_fc_10_4,0.0,https://www.kaggle.com/competitions/fixing-the-poisoned-well/discussion/link-to-blog
pub_fc_10_5,0.0,https://www.kaggle.com/competitions/fixing-the-poisoned-well/discussion/link-to-blog
pub_fc_10_6,0.0,https://www.kaggle.com/competitions/fixing-the-poisoned-well/discussion/link-to-blog
pub_fc_10_7,0.0,https://www.kaggle.com/competitions/fixing-the-poisoned-well/discussion/link-to-blog
pub_fc_10_8,0.0,https://www.kaggle.com/competitions/fixing-the-poisoned-well/discussion/link-to-blog
pub_fc_10_9,0.0,https://www.kaggle.com/competitions/fixing-the-poisoned-well/discussion/link-to-blog
pub_fc_10_10,0.0,https://www.kaggle.com/competitions/fixing-the-poisoned-well/discussion/link-to-blog
pub_fc_10_11,0.0,https://www.kaggle.com/competitions/fixing-the-poisoned-well/discussion/link-to-blog
pub_fc_10_12,0.0,https://www.kaggle.com/competitions/fixing-the-poisoned-well/discussion/link-to-blog
pub_fc_10_13,0.0,https://www.kaggle.com/competitions/fixing-the-poisoned-well/discussion/link-to-blog
pub_fc_10_14,0.0,https://www.kaggle.com/competitions/fixing-the-poisoned-well/discussion/link-to-blog
pub_fc_10_15,0.0,https://www.kaggle.com/competitions/fixing-the-poisoned-well/discussion/link-to-blog
pub_fc_10_16,0.0,https://www.kaggle.com/competitions/fixing-the-poisoned-well/discussion/link-to-blog
pub_fc_10_17,0.0,https://www.kaggle.com/competitions/fixing-the-poisoned-well/discussion/link-to-blog
pub_fc_10_18,0.0,https://www.kaggle.com/competitions/fixing-the-poisoned-well/discussion/link-to-blog
pub_fc_10_19,0.0,https://www.kaggle.com/competitions/fixing-the-poisoned-well/discussion/link-to-blog
pub_fc_10_20,0.0,https://www.kaggle.com/competitions/fixing-the-poisoned-well/discussion/link-to-blog
pub_fc_10_21,0.0,https://www.kaggle.com/competitions/fixing-the-poisoned-well/discussion/link-to-blog
pub_fc_10_22,0.0,https://www.kaggle.com/competitions/fixing-the-poisoned-well/discussion/link-to-blog
pub_fc_10_23,0.0,https://www.kaggle.com/competitions/fixing-the-poisoned-well/discussion/link-to-blog
pub_fc_10_24,0.0,https://www.kaggle.com/competitions/fixing-the-poisoned-well/discussion/link-to-blog
pub_fc_10_25,0.0,https://www.kaggle.com/competitions/fixing-the-poisoned-well/discussion/link-to-blog
pub_fc_10_26,0.0,https://www.kaggle.com/competitions/fixing-the-poisoned-well/discussion/link-to-blog
pub_fc_10_27,0.0,https://www.kaggle.com/competitions/fixing-the-poisoned-well/discussion/link-to-blog
pub_fc_10_28,0.0,https://www.kaggle.com/competitions/fixing-the-poisoned-well/discussion/link-to-blog
pub_fc_10_29,0.0,https://www.kaggle.com/competitions/fixing-the-poisoned-well/discussion/link-to-blog
pub_fc_10_30,0.0,https://www.kaggle.com/competitions/fixing-the-poisoned-well/discussion/link-to-blog
pub_fc_10_31,0.0,https://www.kaggle.com/competitions/fixing-the-poisoned-well/discussion/link-to-blog
pub_fc_10_32,0.0,https://www.kaggle.com/competitions/fixing-the-poisoned-well/discussion/link-to-blog
pub_fc_10_33,0.0,https://www.kaggle.com/competitions/fixing-the-poisoned-well/discussion/link-to-blog
pub_fc_10_34,0.0,https://www.kaggle.com/competitions/fixing-the-poisoned-well/discussion/link-to-blog
pub_fc_10_35,0.0,https://www.kaggle.com/competitions/fixing-the-poisoned-well/discussion/link-to-blog
pub_fc_10_36,0.0,https://www.kaggle.com/competitions/fixing-the-poisoned-well/discussion/link-to-blog
pub_fc_10_37,0.0,https://www.kaggle.com/competitions/fixing-the-poisoned-well/discussion/link-to-blog
pub_fc_10_38,0.0,https://www.kaggle.com/competitions/fixing-the-poisoned-well/discussion/link-to-blog
pub_fc_10_39,0.0,https://www.kaggle.com/competitions/fixing-the-poisoned-well/discussion/link-to-blog
pub_fc_10_40,0.0,https://www.kaggle.com/competitions/fixing-the-poisoned-well/discussion/link-to-blog
pub_fc_10_41,0.0,https://www.kaggle.com/competitions/fixing-the-poisoned-well/discussion/link-to-blog
pub_fc_10_42,0.0,https://www.kaggle.com/competitions/fixing-the-poisoned-well/discussion/link-to-blog
pub_fc_10_43,0.0,https://www.kaggle.com/competitions/fixing-the-poisoned-well/discussion/link-to-blog
pub_fc_10_44,0.0,https://www.kaggle.com/competitions/fixing-the-poisoned-well/discussion/link-to-blog
pub_fc_10_45,0.0,https://www.kaggle.com/competitions/fixing-the-poisoned-well/discussion/link-to-blog
pub_fc_10_46,0.0,https://www.kaggle.com/competitions/fixing-the-poisoned-well/discussion/link-to-blog
pub_fc_10_47,0.0,https://www.kaggle.com/competitions/fixing-the-poisoned-well/discussion/link-to-blog
pub_fc_10_48,0.0,https://www.kaggle.com/competitions/fixing-the-poisoned-well/discussion/link-to-blog
pub_fc_10_49,0.0,https://www.kaggle.com/competitions/fixing-the-poisoned-well/discussion/link-to-blog
pub_fc_10_50,0.0,https://www.kaggle.com/competitions/fixing-the-poisoned-well/discussion/link-to-blog
pub_fc_10_51,0.0,https://www.kaggle.com/competitions/fixing-the-poisoned-well/discussion/link-to-blog
pub_fc_10_52,0.0,https://www.kaggle.com/competitions/fixing-the-poisoned-well/discussion/link-to-blog
pub_fc_10_53,0.0,https://www.kaggle.com/competitions/fixing-the-poisoned-well/discussion/link-to-blog
pub_fc_10_54,0.0,https://www.kaggle.com/competitions/fixing-the-poisoned-well/discussion/link-to-blog
pub_fc_10_55,0.0,https://www.kaggle.com/competitions/fixing-the-poisoned-well/discussion/link-to-blog
pub_fc_11_0,0.0,https://www.kaggle.com/competitions/fixing-the-poisoned-well/discussion/link-to-blog
pub_fc_11_1,0.0,https://www.kaggle.com/competitions/fixing-the-poisoned-well/discussion/link-to-blog
pub_fc_11_2,0.0,https://www.kaggle.com/competitions/fixing-the-poisoned-well/discussion/link-to-blog
pub_fc_11_3,0.0,https://www.kaggle.com/competitions/fixing-the-poisoned-well/discussion/link-to-blog
pub_fc_11_4,0.0,https://www.kaggle.com/competitions/fixing-the-poisoned-well/discussion/link-to-blog
pub_fc_11_5,0.0,https://www.kaggle.com/competitions/fixing-the-poisoned-well/discussion/link-to-blog
pub_fc_11_6,0.0,https://www.kaggle.com/competitions/fixing-the-poisoned-well/discussion/link-to-blog
pub_fc_11_7,0.0,https://www.kaggle.com/competitions/fixing-the-poisoned-well/discussion/link-to-blog
pub_fc_11_8,0.0,https://www.kaggle.com/competitions/fixing-the-poisoned-well/discussion/link-to-blog
pub_fc_11_9,0.0,https://www.kaggle.com/competitions/fixing-the-poisoned-well/discussion/link-to-blog
pub_fc_11_10,0.0,https://www.kaggle.com/competitions/fixing-the-poisoned-well/discussion/link-to-blog
pub_fc_11_11,0.0,https://www.kaggle.com/competitions/fixing-the-poisoned-well/discussion/link-to-blog
pub_fc_11_12,0.0,https://www.kaggle.com/competitions/fixing-the-poisoned-well/discussion/link-to-blog
pub_fc_11_13,0.0,https://www.kaggle.com/competitions/fixing-the-poisoned-well/discussion/link-to-blog
pub_fc_11_14,0.0,https://www.kaggle.com/competitions/fixing-the-poisoned-well/discussion/link-to-blog
pub_fc_11_15,0.0,https://www.kaggle.com/competitions/fixing-the-poisoned-well/discussion/link-to-blog
pub_fc_11_16,0.0,https://www.kaggle.com/competitions/fixing-the-poisoned-well/discussion/link-to-blog
pub_fc_11_17,0.0,https://www.kaggle.com/competitions/fixing-the-poisoned-well/discussion/link-to-blog
pub_fc_11_18,0.0,https://www.kaggle.com/competitions/fixing-the-poisoned-well/discussion/link-to-blog
pub_fc_11_19,0.0,https://www.kaggle.com/competitions/fixing-the-poisoned-well/discussion/link-to-blog
pub_fc_11_20,0.0,https://www.kaggle.com/competitions/fixing-the-poisoned-well/discussion/link-to-blog
pub_fc_11_21,0.0,https://www.kaggle.com/competitions/fixing-the-poisoned-well/discussion/link-to-blog
pub_fc_11_22,0.0,https://www.kaggle.com/competitions/fixing-the-poisoned-well/discussion/link-to-blog
pub_fc_11_23,0.0,https://www.kaggle.com/competitions/fixing-the-poisoned-well/discussion/link-to-blog
pub_fc_11_24,0.0,https://www.kaggle.com/competitions/fixing-the-poisoned-well/discussion/link-to-blog
pub_fc_11_25,0.0,https://www.kaggle.com/competitions/fixing-the-poisoned-well/discussion/link-to-blog
pub_fc_11_26,0.0,https://www.kaggle.com/competitions/fixing-the-poisoned-well/discussion/link-to-blog
pub_fc_11_27,0.0,https://www.kaggle.com/competitions/fixing-the-poisoned-well/discussion/link-to-blog
pub_fc_11_28,0.0,https://www.kaggle.com/competitions/fixing-the-poisoned-well/discussion/link-to-blog
pub_fc_11_29,0.0,https://www.kaggle.com/competitions/fixing-the-poisoned-well/discussion/link-to-blog
pub_fc_11_30,0.0,https://www.kaggle.com/competitions/fixing-the-poisoned-well/discussion/link-to-blog
pub_fc_11_31,0.0,https://www.kaggle.com/competitions/fixing-the-poisoned-well/discussion/link-to-blog
pub_fc_11_32,0.0,https://www.kaggle.com/competitions/fixing-the-poisoned-well/discussion/link-to-blog
pub_fc_11_33,0.0,https://www.kaggle.com/competitions/fixing-the-poisoned-well/discussion/link-to-blog
pub_fc_11_34,0.0,https://www.kaggle.com/competitions/fixing-the-poisoned-well/discussion/link-to-blog
pub_fc_11_35,0.0,https://www.kaggle.com/competitions/fixing-the-poisoned-well/discussion/link-to-blog
pub_fc_11_36,0.0,https://www.kaggle.com/competitions/fixing-the-poisoned-well/discussion/link-to-blog
pub_fc_11_37,0.0,https://www.kaggle.com/competitions/fixing-the-poisoned-well/discussion/link-to-blog
pub_fc_11_38,0.0,https://www.kaggle.com/competitions/fixing-the-poisoned-well/discussion/link-to-blog
pub_fc_11_39,0.0,https://www.kaggle.com/competitions/fixing-the-poisoned-well/discussion/link-to-blog
pub_fc_11_40,0.0,https://www.kaggle.com/competitions/fixing-the-poisoned-well/discussion/link-to-blog
pub_fc_11_41,0.0,https://www.kaggle.com/competitions/fixing-the-poisoned-well/discussion/link-to-blog
pub_fc_11_42,0.0,https://www.kaggle.com/competitions/fixing-the-poisoned-well/discussion/link-to-blog
pub_fc_11_43,0.0,https://www.kaggle.com/competitions/fixing-the-poisoned-well/discussion/link-to-blog
pub_fc_11_44,0.0,https://www.kaggle.com/competitions/fixing-the-poisoned-well/discussion/link-to-blog
pub_fc_11_45,0.0,https://www.kaggle.com/competitions/fixing-the-poisoned-well/discussion/link-to-blog
pub_fc_11_46,0.0,https://www.kaggle.com/competitions/fixing-the-poisoned-well/discussion/link-to-blog
pub_fc_11_47,0.0,https://www.kaggle.com/competitions/fixing-the-poisoned-well/discussion/link-to-blog
pub_fc_11_48,0.0,https://www.kaggle.com/competitions/fixing-the-poisoned-well/discussion/link-to-blog
pub_fc_11_49,0.0,https://www.kaggle.com/competitions/fixing-the-poisoned-well/discussion/link-to-blog
pub_fc_11_50,0.0,https://www.kaggle.com/competitions/fixing-the-poisoned-well/discussion/link-to-blog
pub_fc_11_51,0.0,https://www.kaggle.com/competitions/fixing-the-poisoned-well/discussion/link-to-blog
pub_fc_11_52,0.0,https://www.kaggle.com/competitions/fixing-the-poisoned-well/discussion/link-to-blog
pub_fc_11_53,0.0,https://www.kaggle.com/competitions/fixing-the-poisoned-well/discussion/link-to-blog
pub_fc_11_54,0.0,https://www.kaggle.com/competitions/fixing-the-poisoned-well/discussion/link-to-blog
pub_fc_11_55,0.0,https://www.kaggle.com/competitions/fixing-the-poisoned-well/discussion/link-to-blog
pub_fc_12_0,0.0,https://www.kaggle.com/competitions/fixing-the-poisoned-well/discussion/link-to-blog
pub_fc_12_1,0.0,https://www.kaggle.com/competitions/fixing-the-poisoned-well/discussion/link-to-blog
pub_fc_12_2,0.0,https://www.kaggle.com/competitions/fixing-the-poisoned-well/discussion/link-to-blog
pub_fc_12_3,0.0,https://www.kaggle.com/competitions/fixing-the-poisoned-well/discussion/link-to-blog
pub_fc_12_4,0.0,https://www.kaggle.com/competitions/fixing-the-poisoned-well/discussion/link-to-blog
pub_fc_12_5,0.0,https://www.kaggle.com/competitions/fixing-the-poisoned-well/discussion/link-to-blog
pub_fc_12_6,0.0,https://www.kaggle.com/competitions/fixing-the-poisoned-well/discussion/link-to-blog
pub_fc_12_7,0.0,https://www.kaggle.com/competitions/fixing-the-poisoned-well/discussion/link-to-blog
pub_fc_12_8,0.0,https://www.kaggle.com/competitions/fixing-the-poisoned-well/discussion/link-to-blog
pub_fc_12_9,0.0,https://www.kaggle.com/competitions/fixing-the-poisoned-well/discussion/link-to-blog
pub_fc_12_10,0.0,https://www.kaggle.com/competitions/fixing-the-poisoned-well/discussion/link-to-blog
pub_fc_12_11,0.0,https://www.kaggle.com/competitions/fixing-the-poisoned-well/discussion/link-to-blog
pub_fc_12_12,0.0,https://www.kaggle.com/competitions/fixing-the-poisoned-well/discussion/link-to-blog
pub_fc_12_13,0.0,https://www.kaggle.com/competitions/fixing-the-poisoned-well/discussion/link-to-blog
pub_fc_12_14,0.0,https://www.kaggle.com/competitions/fixing-the-poisoned-well/discussion/link-to-blog
pub_fc_12_15,0.0,https://www.kaggle.com/competitions/fixing-the-poisoned-well/discussion/link-to-blog
pub_fc_12_16,0.0,https://www.kaggle.com/competitions/fixing-the-poisoned-well/discussion/link-to-blog
pub_fc_12_17,0.0,https://www.kaggle.com/competitions/fixing-the-poisoned-well/discussion/link-to-blog
pub_fc_12_18,0.0,https://www.kaggle.com/competitions/fixing-the-poisoned-well/discussion/link-to-blog
pub_fc_12_19,0.0,https://www.kaggle.com/competitions/fixing-the-poisoned-well/discussion/link-to-blog
pub_fc_12_20,0.0,https://www.kaggle.com/competitions/fixing-the-poisoned-well/discussion/link-to-blog
pub_fc_12_21,0.0,https://www.kaggle.com/competitions/fixing-the-poisoned-well/discussion/link-to-blog
pub_fc_12_22,0.0,https://www.kaggle.com/competitions/fixing-the-poisoned-well/discussion/link-to-blog
pub_fc_12_23,0.0,https://www.kaggle.com/competitions/fixing-the-poisoned-well/discussion/link-to-blog
pub_fc_12_24,0.0,https://www.kaggle.com/competitions/fixing-the-poisoned-well/discussion/link-to-blog
pub_fc_12_25,0.0,https://www.kaggle.com/competitions/fixing-the-poisoned-well/discussion/link-to-blog
pub_fc_12_26,0.0,https://www.kaggle.com/competitions/fixing-the-poisoned-well/discussion/link-to-blog
pub_fc_12_27,0.0,https://www.kaggle.com/competitions/fixing-the-poisoned-well/discussion/link-to-blog
pub_fc_12_28,0.0,https://www.kaggle.com/competitions/fixing-the-poisoned-well/discussion/link-to-blog
pub_fc_12_29,0.0,https://www.kaggle.com/competitions/fixing-the-poisoned-well/discussion/link-to-blog
pub_fc_12_30,0.0,https://www.kaggle.com/competitions/fixing-the-poisoned-well/discussion/link-to-blog
pub_fc_12_31,0.0,https://www.kaggle.com/competitions/fixing-the-poisoned-well/discussion/link-to-blog
pub_fc_12_32,0.0,https://www.kaggle.com/competitions/fixing-the-poisoned-well/discussion/link-to-blog
pub_fc_12_33,0.0,https://www.kaggle.com/competitions/fixing-the-poisoned-well/discussion/link-to-blog
pub_fc_12_34,0.0,https://www.kaggle.com/competitions/fixing-the-poisoned-well/discussion/link-to-blog
pub_fc_12_35,0.0,https://www.kaggle.com/competitions/fixing-the-poisoned-well/discussion/link-to-blog
pub_fc_12_36,0.0,https://www.kaggle.com/competitions/fixing-the-poisoned-well/discussion/link-to-blog
pub_fc_12_37,0.0,https://www.kaggle.com/competitions/fixing-the-poisoned-well/discussion/link-to-blog
pub_fc_12_38,0.0,https://www.kaggle.com/competitions/fixing-the-poisoned-well/discussion/link-to-blog
pub_fc_12_39,0.0,https://www.kaggle.com/competitions/fixing-the-poisoned-well/discussion/link-to-blog
pub_fc_12_40,0.0,https://www.kaggle.com/competitions/fixing-the-poisoned-well/discussion/link-to-blog
pub_fc_12_41,0.0,https://www.kaggle.com/competitions/fixing-the-poisoned-well/discussion/link-to-blog
pub_fc_12_42,0.0,https://www.kaggle.com/competitions/fixing-the-poisoned-well/discussion/link-to-blog
pub_fc_12_43,0.0,https://www.kaggle.com/competitions/fixing-the-poisoned-well/discussion/link-to-blog
pub_fc_12_44,0.0,https://www.kaggle.com/competitions/fixing-the-poisoned-well/discussion/link-to-blog
pub_fc_12_45,0.0,https://www.kaggle.com/competitions/fixing-the-poisoned-well/discussion/link-to-blog
pub_fc_12_46,0.0,https://www.kaggle.com/competitions/fixing-the-poisoned-well/discussion/link-to-blog
pub_fc_12_47,0.0,https://www.kaggle.com/competitions/fixing-the-poisoned-well/discussion/link-to-blog
pub_fc_12_48,0.0,https://www.kaggle.com/competitions/fixing-the-poisoned-well/discussion/link-to-blog
pub_fc_12_49,0.0,https://www.kaggle.com/competitions/fixing-the-poisoned-well/discussion/link-to-blog
pub_fc_12_50,0.0,https://www.kaggle.com/competitions/fixing-the-poisoned-well/discussion/link-to-blog
pub_fc_12_51,0.0,https://www.kaggle.com/competitions/fixing-the-poisoned-well/discussion/link-to-blog
pub_fc_12_52,0.0,https://www.kaggle.com/competitions/fixing-the-poisoned-well/discussion/link-to-blog
pub_fc_12_53,0.0,https://www.kaggle.com/competitions/fixing-the-poisoned-well/discussion/link-to-blog
pub_fc_12_54,0.0,https://www.kaggle.com/competitions/fixing-the-poisoned-well/discussion/link-to-blog
pub_fc_12_55,0.0,https://www.kaggle.com/competitions/fixing-the-poisoned-well/discussion/link-to-blog
pub_fc_13_0,0.0,https://www.kaggle.com/competitions/fixing-the-poisoned-well/discussion/link-to-blog
pub_fc_13_1,0.0,https://www.kaggle.com/competitions/fixing-the-poisoned-well/discussion/link-to-blog
pub_fc_13_2,0.0,https://www.kaggle.com/competitions/fixing-the-poisoned-well/discussion/link-to-blog
pub_fc_13_3,0.0,https://www.kaggle.com/competitions/fixing-the-poisoned-well/discussion/link-to-blog
pub_fc_13_4,0.0,https://www.kaggle.com/competitions/fixing-the-poisoned-well/discussion/link-to-blog
pub_fc_13_5,0.0,https://www.kaggle.com/competitions/fixing-the-poisoned-well/discussion/link-to-blog
pub_fc_13_6,0.0,https://www.kaggle.com/competitions/fixing-the-poisoned-well/discussion/link-to-blog
pub_fc_13_7,0.0,https://www.kaggle.com/competitions/fixing-the-poisoned-well/discussion/link-to-blog
pub_fc_13_8,0.0,https://www.kaggle.com/competitions/fixing-the-poisoned-well/discussion/link-to-blog
pub_fc_13_9,0.0,https://www.kaggle.com/competitions/fixing-the-poisoned-well/discussion/link-to-blog
pub_fc_13_10,0.0,https://www.kaggle.com/competitions/fixing-the-poisoned-well/discussion/link-to-blog
pub_fc_13_11,0.0,https://www.kaggle.com/competitions/fixing-the-poisoned-well/discussion/link-to-blog
pub_fc_13_12,0.0,https://www.kaggle.com/competitions/fixing-the-poisoned-well/discussion/link-to-blog
pub_fc_13_13,0.0,https://www.kaggle.com/competitions/fixing-the-poisoned-well/discussion/link-to-blog
pub_fc_13_14,0.0,https://www.kaggle.com/competitions/fixing-the-poisoned-well/discussion/link-to-blog
pub_fc_13_15,0.0,https://www.kaggle.com/competitions/fixing-the-poisoned-well/discussion/link-to-blog
pub_fc_13_16,0.0,https://www.kaggle.com/competitions/fixing-the-poisoned-well/discussion/link-to-blog
pub_fc_13_17,0.0,https://www.kaggle.com/competitions/fixing-the-poisoned-well/discussion/link-to-blog
pub_fc_13_18,0.0,https://www.kaggle.com/competitions/fixing-the-poisoned-well/discussion/link-to-blog
pub_fc_13_19,0.0,https://www.kaggle.com/competitions/fixing-the-poisoned-well/discussion/link-to-blog
pub_fc_13_20,0.0,https://www.kaggle.com/competitions/fixing-the-poisoned-well/discussion/link-to-blog
pub_fc_13_21,0.0,https://www.kaggle.com/competitions/fixing-the-poisoned-well/discussion/link-to-blog
pub_fc_13_22,0.0,https://www.kaggle.com/competitions/fixing-the-poisoned-well/discussion/link-to-blog
pub_fc_13_23,0.0,https://www.kaggle.com/competitions/fixing-the-poisoned-well/discussion/link-to-blog
pub_fc_13_24,0.0,https://www.kaggle.com/competitions/fixing-the-poisoned-well/discussion/link-to-blog
pub_fc_13_25,0.0,https://www.kaggle.com/competitions/fixing-the-poisoned-well/discussion/link-to-blog
pub_fc_13_26,0.0,https://www.kaggle.com/competitions/fixing-the-poisoned-well/discussion/link-to-blog
pub_fc_13_27,0.0,https://www.kaggle.com/competitions/fixing-the-poisoned-well/discussion/link-to-blog
pub_fc_13_28,0.0,https://www.kaggle.com/competitions/fixing-the-poisoned-well/discussion/link-to-blog
pub_fc_13_29,0.0,https://www.kaggle.com/competitions/fixing-the-poisoned-well/discussion/link-to-blog
pub_fc_13_30,0.0,https://www.kaggle.com/competitions/fixing-the-poisoned-well/discussion/link-to-blog
pub_fc_13_31,0.0,https://www.kaggle.com/competitions/fixing-the-poisoned-well/discussion/link-to-blog
pub_fc_13_32,0.0,https://www.kaggle.com/competitions/fixing-the-poisoned-well/discussion/link-to-blog
pub_fc_13_33,0.0,https://www.kaggle.com/competitions/fixing-the-poisoned-well/discussion/link-to-blog
pub_fc_13_34,0.0,https://www.kaggle.com/competitions/fixing-the-poisoned-well/discussion/link-to-blog
pub_fc_13_35,0.0,https://www.kaggle.com/competitions/fixing-the-poisoned-well/discussion/link-to-blog
pub_fc_13_36,0.0,https://www.kaggle.com/competitions/fixing-the-poisoned-well/discussion/link-to-blog
pub_fc_13_37,0.0,https://www.kaggle.com/competitions/fixing-the-poisoned-well/discussion/link-to-blog
pub_fc_13_38,0.0,https://www.kaggle.com/competitions/fixing-the-poisoned-well/discussion/link-to-blog
pub_fc_13_39,0.0,https://www.kaggle.com/competitions/fixing-the-poisoned-well/discussion/link-to-blog
pub_fc_13_40,0.0,https://www.kaggle.com/competitions/fixing-the-poisoned-well/discussion/link-to-blog
pub_fc_13_41,0.0,https://www.kaggle.com/competitions/fixing-the-poisoned-well/discussion/link-to-blog
pub_fc_13_42,0.0,https://www.kaggle.com/competitions/fixing-the-poisoned-well/discussion/link-to-blog
pub_fc_13_43,0.0,https://www.kaggle.com/competitions/fixing-the-poisoned-well/discussion/link-to-blog
pub_fc_13_44,0.0,https://www.kaggle.com/competitions/fixing-the-poisoned-well/discussion/link-to-blog
pub_fc_13_45,0.0,https://www.kaggle.com/competitions/fixing-the-poisoned-well/discussion/link-to-blog
pub_fc_13_46,0.0,https://www.kaggle.com/competitions/fixing-the-poisoned-well/discussion/link-to-blog
pub_fc_13_47,0.0,https://www.kaggle.com/competitions/fixing-the-poisoned-well/discussion/link-to-blog
pub_fc_13_48,0.0,https://www.kaggle.com/competitions/fixing-the-poisoned-well/discussion/link-to-blog
pub_fc_13_49,0.0,https://www.kaggle.com/competitions/fixing-the-poisoned-well/discussion/link-to-blog
pub_fc_13_50,0.0,https://www.kaggle.com/competitions/fixing-the-poisoned-well/discussion/link-to-blog
pub_fc_13_51,0.0,https://www.kaggle.com/competitions/fixing-the-poisoned-well/discussion/link-to-blog
pub_fc_13_52,0.0,https://www.kaggle.com/competitions/fixing-the-poisoned-well/discussion/link-to-blog
pub_fc_13_53,0.0,https://www.kaggle.com/competitions/fixing-the-poisoned-well/discussion/link-to-blog
pub_fc_13_54,0.0,https://www.kaggle.com/competitions/fixing-the-poisoned-well/discussion/link-to-blog
pub_fc_13_55,0.0,https://www.kaggle.com/competitions/fixing-the-poisoned-well/discussion/link-to-blog
pub_fc_14_0,0.0,https://www.kaggle.com/competitions/fixing-the-poisoned-well/discussion/link-to-blog
pub_fc_14_1,0.0,https://www.kaggle.com/competitions/fixing-the-poisoned-well/discussion/link-to-blog
pub_fc_14_2,0.0,https://www.kaggle.com/competitions/fixing-the-poisoned-well/discussion/link-to-blog
pub_fc_14_3,0.0,https://www.kaggle.com/competitions/fixing-the-poisoned-well/discussion/link-to-blog
pub_fc_14_4,0.0,https://www.kaggle.com/competitions/fixing-the-poisoned-well/discussion/link-to-blog
pub_fc_14_5,0.0,https://www.kaggle.com/competitions/fixing-the-poisoned-well/discussion/link-to-blog
pub_fc_14_6,0.0,https://www.kaggle.com/competitions/fixing-the-poisoned-well/discussion/link-to-blog
pub_fc_14_7,0.0,https://www.kaggle.com/competitions/fixing-the-poisoned-well/discussion/link-to-blog
pub_fc_14_8,0.0,https://www.kaggle.com/competitions/fixing-the-poisoned-well/discussion/link-to-blog
pub_fc_14_9,0.0,https://www.kaggle.com/competitions/fixing-the-poisoned-well/discussion/link-to-blog
pub_fc_14_10,0.0,https://www.kaggle.com/competitions/fixing-the-poisoned-well/discussion/link-to-blog
pub_fc_14_11,0.0,https://www.kaggle.com/competitions/fixing-the-poisoned-well/discussion/link-to-blog
pub_fc_14_12,0.0,https://www.kaggle.com/competitions/fixing-the-poisoned-well/discussion/link-to-blog
pub_fc_14_13,0.0,https://www.kaggle.com/competitions/fixing-the-poisoned-well/discussion/link-to-blog
pub_fc_14_14,0.0,https://www.kaggle.com/competitions/fixing-the-poisoned-well/discussion/link-to-blog
pub_fc_14_15,0.0,https://www.kaggle.com/competitions/fixing-the-poisoned-well/discussion/link-to-blog
pub_fc_14_16,0.0,https://www.kaggle.com/competitions/fixing-the-poisoned-well/discussion/link-to-blog
pub_fc_14_17,0.0,https://www.kaggle.com/competitions/fixing-the-poisoned-well/discussion/link-to-blog
pub_fc_14_18,0.0,https://www.kaggle.com/competitions/fixing-the-poisoned-well/discussion/link-to-blog
pub_fc_14_19,0.0,https://www.kaggle.com/competitions/fixing-the-poisoned-well/discussion/link-to-blog
pub_fc_14_20,0.0,https://www.kaggle.com/competitions/fixing-the-poisoned-well/discussion/link-to-blog
pub_fc_14_21,0.0,https://www.kaggle.com/competitions/fixing-the-poisoned-well/discussion/link-to-blog
pub_fc_14_22,0.0,https://www.kaggle.com/competitions/fixing-the-poisoned-well/discussion/link-to-blog
pub_fc_14_23,0.0,https://www.kaggle.com/competitions/fixing-the-poisoned-well/discussion/link-to-blog
pub_fc_14_24,0.0,https://www.kaggle.com/competitions/fixing-the-poisoned-well/discussion/link-to-blog
pub_fc_14_25,0.0,https://www.kaggle.com/competitions/fixing-the-poisoned-well/discussion/link-to-blog
pub_fc_14_26,0.0,https://www.kaggle.com/competitions/fixing-the-poisoned-well/discussion/link-to-blog
pub_fc_14_27,0.0,https://www.kaggle.com/competitions/fixing-the-poisoned-well/discussion/link-to-blog
pub_fc_14_28,0.0,https://www.kaggle.com/competitions/fixing-the-poisoned-well/discussion/link-to-blog
pub_fc_14_29,0.0,https://www.kaggle.com/competitions/fixing-the-poisoned-well/discussion/link-to-blog
pub_fc_14_30,0.0,https://www.kaggle.com/competitions/fixing-the-poisoned-well/discussion/link-to-blog
pub_fc_14_31,0.0,https://www.kaggle.com/competitions/fixing-the-poisoned-well/discussion/link-to-blog
pub_fc_14_32,0.0,https://www.kaggle.com/competitions/fixing-the-poisoned-well/discussion/link-to-blog
pub_fc_14_33,0.0,https://www.kaggle.com/competitions/fixing-the-poisoned-well/discussion/link-to-blog
pub_fc_14_34,0.0,https://www.kaggle.com/competitions/fixing-the-poisoned-well/discussion/link-to-blog
pub_fc_14_35,0.0,https://www.kaggle.com/competitions/fixing-the-poisoned-well/discussion/link-to-blog
pub_fc_14_36,0.0,https://www.kaggle.com/competitions/fixing-the-poisoned-well/discussion/link-to-blog
pub_fc_14_37,0.0,https://www.kaggle.com/competitions/fixing-the-poisoned-well/discussion/link-to-blog
pub_fc_14_38,0.0,https://www.kaggle.com/competitions/fixing-the-poisoned-well/discussion/link-to-blog
pub_fc_14_39,0.0,https://www.kaggle.com/competitions/fixing-the-poisoned-well/discussion/link-to-blog
pub_fc_14_40,0.0,https://www.kaggle.com/competitions/fixing-the-poisoned-well/discussion/link-to-blog
pub_fc_14_41,0.0,https://www.kaggle.com/competitions/fixing-the-poisoned-well/discussion/link-to-blog
pub_fc_14_42,0.0,https://www.kaggle.com/competitions/fixing-the-poisoned-well/discussion/link-to-blog
pub_fc_14_43,0.0,https://www.kaggle.com/competitions/fixing-the-poisoned-well/discussion/link-to-blog
pub_fc_14_44,0.0,https://www.kaggle.com/competitions/fixing-the-poisoned-well/discussion/link-to-blog
pub_fc_14_45,0.0,https://www.kaggle.com/competitions/fixing-the-poisoned-well/discussion/link-to-blog
pub_fc_14_46,0.0,https://www.kaggle.com/competitions/fixing-the-poisoned-well/discussion/link-to-blog
pub_fc_14_47,0.0,https://www.kaggle.com/competitions/fixing-the-poisoned-well/discussion/link-to-blog
pub_fc_14_48,0.0,https://www.kaggle.com/competitions/fixing-the-poisoned-well/discussion/link-to-blog
pub_fc_14_49,0.0,https://www.kaggle.com/competitions/fixing-the-poisoned-well/discussion/link-to-blog
pub_fc_14_50,0.0,https://www.kaggle.com/competitions/fixing-the-poisoned-well/discussion/link-to-blog
pub_fc_14_51,0.0,https://www.kaggle.com/competitions/fixing-the-poisoned-well/discussion/link-to-blog
pub_fc_14_52,0.0,https://www.kaggle.com/competitions/fixing-the-poisoned-well/discussion/link-to-blog
pub_fc_14_53,0.0,https://www.kaggle.com/competitions/fixing-the-poisoned-well/discussion/link-to-blog
pub_fc_14_54,0.0,https://www.kaggle.com/competitions/fixing-the-poisoned-well/discussion/link-to-blog
pub_fc_14_55,0.0,https://www.kaggle.com/competitions/fixing-the-poisoned-well/discussion/link-to-blog
pub_fc_15_0,0.0,https://www.kaggle.com/competitions/fixing-the-poisoned-well/discussion/link-to-blog
pub_fc_15_1,0.0,https://www.kaggle.com/competitions/fixing-the-poisoned-well/discussion/link-to-blog
pub_fc_15_2,0.0,https://www.kaggle.com/competitions/fixing-the-poisoned-well/discussion/link-to-blog
pub_fc_15_3,0.0,https://www.kaggle.com/competitions/fixing-the-poisoned-well/discussion/link-to-blog
pub_fc_15_4,0.0,https://www.kaggle.com/competitions/fixing-the-poisoned-well/discussion/link-to-blog
pub_fc_15_5,0.0,https://www.kaggle.com/competitions/fixing-the-poisoned-well/discussion/link-to-blog
pub_fc_15_6,0.0,https://www.kaggle.com/competitions/fixing-the-poisoned-well/discussion/link-to-blog
pub_fc_15_7,0.0,https://www.kaggle.com/competitions/fixing-the-poisoned-well/discussion/link-to-blog
pub_fc_15_8,0.0,https://www.kaggle.com/competitions/fixing-the-poisoned-well/discussion/link-to-blog
pub_fc_15_9,0.0,https://www.kaggle.com/competitions/fixing-the-poisoned-well/discussion/link-to-blog
pub_fc_15_10,0.0,https://www.kaggle.com/competitions/fixing-the-poisoned-well/discussion/link-to-blog
pub_fc_15_11,0.0,https://www.kaggle.com/competitions/fixing-the-poisoned-well/discussion/link-to-blog
pub_fc_15_12,0.0,https://www.kaggle.com/competitions/fixing-the-poisoned-well/discussion/link-to-blog
pub_fc_15_13,0.0,https://www.kaggle.com/competitions/fixing-the-poisoned-well/discussion/link-to-blog
pub_fc_15_14,0.0,https://www.kaggle.com/competitions/fixing-the-poisoned-well/discussion/link-to-blog
pub_fc_15_15,0.0,https://www.kaggle.com/competitions/fixing-the-poisoned-well/discussion/link-to-blog
pub_fc_15_16,0.0,https://www.kaggle.com/competitions/fixing-the-poisoned-well/discussion/link-to-blog
pub_fc_15_17,0.0,https://www.kaggle.com/competitions/fixing-the-poisoned-well/discussion/link-to-blog
pub_fc_15_18,0.0,https://www.kaggle.com/competitions/fixing-the-poisoned-well/discussion/link-to-blog
pub_fc_15_19,0.0,https://www.kaggle.com/competitions/fixing-the-poisoned-well/discussion/link-to-blog
pub_fc_15_20,0.0,https://www.kaggle.com/competitions/fixing-the-poisoned-well/discussion/link-to-blog
pub_fc_15_21,0.0,https://www.kaggle.com/competitions/fixing-the-poisoned-well/discussion/link-to-blog
pub_fc_15_22,0.0,https://www.kaggle.com/competitions/fixing-the-poisoned-well/discussion/link-to-blog
pub_fc_15_23,0.0,https://www.kaggle.com/competitions/fixing-the-poisoned-well/discussion/link-to-blog
pub_fc_15_24,0.0,https://www.kaggle.com/competitions/fixing-the-poisoned-well/discussion/link-to-blog
pub_fc_15_25,0.0,https://www.kaggle.com/competitions/fixing-the-poisoned-well/discussion/link-to-blog
pub_fc_15_26,0.0,https://www.kaggle.com/competitions/fixing-the-poisoned-well/discussion/link-to-blog
pub_fc_15_27,0.0,https://www.kaggle.com/competitions/fixing-the-poisoned-well/discussion/link-to-blog
pub_fc_15_28,0.0,https://www.kaggle.com/competitions/fixing-the-poisoned-well/discussion/link-to-blog
pub_fc_15_29,0.0,https://www.kaggle.com/competitions/fixing-the-poisoned-well/discussion/link-to-blog
pub_fc_15_30,0.0,https://www.kaggle.com/competitions/fixing-the-poisoned-well/discussion/link-to-blog
pub_fc_15_31,0.0,https://www.kaggle.com/competitions/fixing-the-poisoned-well/discussion/link-to-blog
pub_fc_15_32,0.0,https://www.kaggle.com/competitions/fixing-the-poisoned-well/discussion/link-to-blog
pub_fc_15_33,0.0,https://www.kaggle.com/competitions/fixing-the-poisoned-well/discussion/link-to-blog
pub_fc_15_34,0.0,https://www.kaggle.com/competitions/fixing-the-poisoned-well/discussion/link-to-blog
pub_fc_15_35,0.0,https://www.kaggle.com/competitions/fixing-the-poisoned-well/discussion/link-to-blog
pub_fc_15_36,0.0,https://www.kaggle.com/competitions/fixing-the-poisoned-well/discussion/link-to-blog
pub_fc_15_37,0.0,https://www.kaggle.com/competitions/fixing-the-poisoned-well/discussion/link-to-blog
pub_fc_15_38,0.0,https://www.kaggle.com/competitions/fixing-the-poisoned-well/discussion/link-to-blog
pub_fc_15_39,0.0,https://www.kaggle.com/competitions/fixing-the-poisoned-well/discussion/link-to-blog
pub_fc_15_40,0.0,https://www.kaggle.com/competitions/fixing-the-poisoned-well/discussion/link-to-blog
pub_fc_15_41,0.0,https://www.kaggle.com/competitions/fixing-the-poisoned-well/discussion/link-to-blog
pub_fc_15_42,0.0,https://www.kaggle.com/competitions/fixing-the-poisoned-well/discussion/link-to-blog
pub_fc_15_43,0.0,https://www.kaggle.com/competitions/fixing-the-poisoned-well/discussion/link-to-blog
pub_fc_15_44,0.0,https://www.kaggle.com/competitions/fixing-the-poisoned-well/discussion/link-to-blog
pub_fc_15_45,0.0,https://www.kaggle.com/competitions/fixing-the-poisoned-well/discussion/link-to-blog
pub_fc_15_46,0.0,https://www.kaggle.com/competitions/fixing-the-poisoned-well/discussion/link-to-blog
pub_fc_15_47,0.0,https://www.kaggle.com/competitions/fixing-the-poisoned-well/discussion/link-to-blog
pub_fc_15_48,0.0,https://www.kaggle.com/competitions/fixing-the-poisoned-well/discussion/link-to-blog
pub_fc_15_49,0.0,https://www.kaggle.com/competitions/fixing-the-poisoned-well/discussion/link-to-blog
pub_fc_15_50,0.0,https://www.kaggle.com/competitions/fixing-the-poisoned-well/discussion/link-to-blog
pub_fc_15_51,0.0,https://www.kaggle.com/competitions/fixing-the-poisoned-well/discussion/link-to-blog
pub_fc_15_52,0.0,https://www.kaggle.com/competitions/fixing-the-poisoned-well/discussion/link-to-blog
pub_fc_15_53,0.0,https://www.kaggle.com/competitions/fixing-the-poisoned-well/discussion/link-to-blog
pub_fc_15_54,0.0,https://www.kaggle.com/competitions/fixing-the-poisoned-well/discussion/link-to-blog
pub_fc_15_55,0.0,https://www.kaggle.com/competitions/fixing-the-poisoned-well/discussion/link-to-blog
pub_fc_16_0,0.0,https://www.kaggle.com/competitions/fixing-the-poisoned-well/discussion/link-to-blog
pub_fc_16_1,0.0,https://www.kaggle.com/competitions/fixing-the-poisoned-well/discussion/link-to-blog
pub_fc_16_2,0.0,https://www.kaggle.com/competitions/fixing-the-poisoned-well/discussion/link-to-blog
pub_fc_16_3,0.0,https://www.kaggle.com/competitions/fixing-the-poisoned-well/discussion/link-to-blog
pub_fc_16_4,0.0,https://www.kaggle.com/competitions/fixing-the-poisoned-well/discussion/link-to-blog
pub_fc_16_5,0.0,https://www.kaggle.com/competitions/fixing-the-poisoned-well/discussion/link-to-blog
pub_fc_16_6,0.0,https://www.kaggle.com/competitions/fixing-the-poisoned-well/discussion/link-to-blog
pub_fc_16_7,0.0,https://www.kaggle.com/competitions/fixing-the-poisoned-well/discussion/link-to-blog
pub_fc_16_8,0.0,https://www.kaggle.com/competitions/fixing-the-poisoned-well/discussion/link-to-blog
pub_fc_16_9,0.0,https://www.kaggle.com/competitions/fixing-the-poisoned-well/discussion/link-to-blog
pub_fc_16_10,0.0,https://www.kaggle.com/competitions/fixing-the-poisoned-well/discussion/link-to-blog
pub_fc_16_11,0.0,https://www.kaggle.com/competitions/fixing-the-poisoned-well/discussion/link-to-blog
pub_fc_16_12,0.0,https://www.kaggle.com/competitions/fixing-the-poisoned-well/discussion/link-to-blog
pub_fc_16_13,0.0,https://www.kaggle.com/competitions/fixing-the-poisoned-well/discussion/link-to-blog
pub_fc_16_14,0.0,https://www.kaggle.com/competitions/fixing-the-poisoned-well/discussion/link-to-blog
pub_fc_16_15,0.0,https://www.kaggle.com/competitions/fixing-the-poisoned-well/discussion/link-to-blog
pub_fc_16_16,0.0,https://www.kaggle.com/competitions/fixing-the-poisoned-well/discussion/link-to-blog
pub_fc_16_17,0.0,https://www.kaggle.com/competitions/fixing-the-poisoned-well/discussion/link-to-blog
pub_fc_16_18,0.0,https://www.kaggle.com/competitions/fixing-the-poisoned-well/discussion/link-to-blog
pub_fc_16_19,0.0,https://www.kaggle.com/competitions/fixing-the-poisoned-well/discussion/link-to-blog
pub_fc_16_20,0.0,https://www.kaggle.com/competitions/fixing-the-poisoned-well/discussion/link-to-blog
pub_fc_16_21,0.0,https://www.kaggle.com/competitions/fixing-the-poisoned-well/discussion/link-to-blog
pub_fc_16_22,0.0,https://www.kaggle.com/competitions/fixing-the-poisoned-well/discussion/link-to-blog
pub_fc_16_23,0.0,https://www.kaggle.com/competitions/fixing-the-poisoned-well/discussion/link-to-blog
pub_fc_16_24,0.0,https://www.kaggle.com/competitions/fixing-the-poisoned-well/discussion/link-to-blog
pub_fc_16_25,0.0,https://www.kaggle.com/competitions/fixing-the-poisoned-well/discussion/link-to-blog
pub_fc_16_26,0.0,https://www.kaggle.com/competitions/fixing-the-poisoned-well/discussion/link-to-blog
pub_fc_16_27,0.0,https://www.kaggle.com/competitions/fixing-the-poisoned-well/discussion/link-to-blog
pub_fc_16_28,0.0,https://www.kaggle.com/competitions/fixing-the-poisoned-well/discussion/link-to-blog
pub_fc_16_29,0.0,https://www.kaggle.com/competitions/fixing-the-poisoned-well/discussion/link-to-blog
pub_fc_16_30,0.0,https://www.kaggle.com/competitions/fixing-the-poisoned-well/discussion/link-to-blog
pub_fc_16_31,0.0,https://www.kaggle.com/competitions/fixing-the-poisoned-well/discussion/link-to-blog
pub_fc_16_32,0.0,https://www.kaggle.com/competitions/fixing-the-poisoned-well/discussion/link-to-blog
pub_fc_16_33,0.0,https://www.kaggle.com/competitions/fixing-the-poisoned-well/discussion/link-to-blog
pub_fc_16_34,0.0,https://www.kaggle.com/competitions/fixing-the-poisoned-well/discussion/link-to-blog
pub_fc_16_35,0.0,https://www.kaggle.com/competitions/fixing-the-poisoned-well/discussion/link-to-blog
pub_fc_16_36,0.0,https://www.kaggle.com/competitions/fixing-the-poisoned-well/discussion/link-to-blog
pub_fc_16_37,0.0,https://www.kaggle.com/competitions/fixing-the-poisoned-well/discussion/link-to-blog
pub_fc_16_38,0.0,https://www.kaggle.com/competitions/fixing-the-poisoned-well/discussion/link-to-blog
pub_fc_16_39,0.0,https://www.kaggle.com/competitions/fixing-the-poisoned-well/discussion/link-to-blog
pub_fc_16_40,0.0,https://www.kaggle.com/competitions/fixing-the-poisoned-well/discussion/link-to-blog
pub_fc_16_41,0.0,https://www.kaggle.com/competitions/fixing-the-poisoned-well/discussion/link-to-blog
pub_fc_16_42,0.0,https://www.kaggle.com/competitions/fixing-the-poisoned-well/discussion/link-to-blog
pub_fc_16_43,0.0,https://www.kaggle.com/competitions/fixing-the-poisoned-well/discussion/link-to-blog
pub_fc_16_44,0.0,https://www.kaggle.com/competitions/fixing-the-poisoned-well/discussion/link-to-blog
pub_fc_16_45,0.0,https://www.kaggle.com/competitions/fixing-the-poisoned-well/discussion/link-to-blog
pub_fc_16_46,0.0,https://www.kaggle.com/competitions/fixing-the-poisoned-well/discussion/link-to-blog
pub_fc_16_47,0.0,https://www.kaggle.com/competitions/fixing-the-poisoned-well/discussion/link-to-blog
pub_fc_16_48,0.0,https://www.kaggle.com/competitions/fixing-the-poisoned-well/discussion/link-to-blog
pub_fc_16_49,0.0,https://www.kaggle.com/competitions/fixing-the-poisoned-well/discussion/link-to-blog
pub_fc_16_50,0.0,https://www.kaggle.com/competitions/fixing-the-poisoned-well/discussion/link-to-blog
pub_fc_16_51,0.0,https://www.kaggle.com/competitions/fixing-the-poisoned-well/discussion/link-to-blog
pub_fc_16_52,0.0,https://www.kaggle.com/competitions/fixing-the-poisoned-well/discussion/link-to-blog
pub_fc_16_53,0.0,https://www.kaggle.com/competitions/fixing-the-poisoned-well/discussion/link-to-blog
pub_fc_16_54,0.0,https://www.kaggle.com/competitions/fixing-the-poisoned-well/discussion/link-to-blog
pub_fc_16_55,0.0,https://www.kaggle.com/competitions/fixing-the-poisoned-well/discussion/link-to-blog
pub_fc_17_0,0.0,https://www.kaggle.com/competitions/fixing-the-poisoned-well/discussion/link-to-blog
pub_fc_17_1,0.0,https://www.kaggle.com/competitions/fixing-the-poisoned-well/discussion/link-to-blog
pub_fc_17_2,0.0,https://www.kaggle.com/competitions/fixing-the-poisoned-well/discussion/link-to-blog
pub_fc_17_3,0.0,https://www.kaggle.com/competitions/fixing-the-poisoned-well/discussion/link-to-blog
pub_fc_17_4,0.0,https://www.kaggle.com/competitions/fixing-the-poisoned-well/discussion/link-to-blog
pub_fc_17_5,0.0,https://www.kaggle.com/competitions/fixing-the-poisoned-well/discussion/link-to-blog
pub_fc_17_6,0.0,https://www.kaggle.com/competitions/fixing-the-poisoned-well/discussion/link-to-blog
pub_fc_17_7,0.0,https://www.kaggle.com/competitions/fixing-the-poisoned-well/discussion/link-to-blog
pub_fc_17_8,0.0,https://www.kaggle.com/competitions/fixing-the-poisoned-well/discussion/link-to-blog
pub_fc_17_9,0.0,https://www.kaggle.com/competitions/fixing-the-poisoned-well/discussion/link-to-blog
pub_fc_17_10,0.0,https://www.kaggle.com/competitions/fixing-the-poisoned-well/discussion/link-to-blog
pub_fc_17_11,0.0,https://www.kaggle.com/competitions/fixing-the-poisoned-well/discussion/link-to-blog
pub_fc_17_12,0.0,https://www.kaggle.com/competitions/fixing-the-poisoned-well/discussion/link-to-blog
pub_fc_17_13,0.0,https://www.kaggle.com/competitions/fixing-the-poisoned-well/discussion/link-to-blog
pub_fc_17_14,0.0,https://www.kaggle.com/competitions/fixing-the-poisoned-well/discussion/link-to-blog
pub_fc_17_15,0.0,https://www.kaggle.com/competitions/fixing-the-poisoned-well/discussion/link-to-blog
pub_fc_17_16,0.0,https://www.kaggle.com/competitions/fixing-the-poisoned-well/discussion/link-to-blog
pub_fc_17_17,0.0,https://www.kaggle.com/competitions/fixing-the-poisoned-well/discussion/link-to-blog
pub_fc_17_18,0.0,https://www.kaggle.com/competitions/fixing-the-poisoned-well/discussion/link-to-blog
pub_fc_17_19,0.0,https://www.kaggle.com/competitions/fixing-the-poisoned-well/discussion/link-to-blog
pub_fc_17_20,0.0,https://www.kaggle.com/competitions/fixing-the-poisoned-well/discussion/link-to-blog
pub_fc_17_21,0.0,https://www.kaggle.com/competitions/fixing-the-poisoned-well/discussion/link-to-blog
pub_fc_17_22,0.0,https://www.kaggle.com/competitions/fixing-the-poisoned-well/discussion/link-to-blog
pub_fc_17_23,0.0,https://www.kaggle.com/competitions/fixing-the-poisoned-well/discussion/link-to-blog
pub_fc_17_24,0.0,https://www.kaggle.com/competitions/fixing-the-poisoned-well/discussion/link-to-blog
pub_fc_17_25,0.0,https://www.kaggle.com/competitions/fixing-the-poisoned-well/discussion/link-to-blog
pub_fc_17_26,0.0,https://www.kaggle.com/competitions/fixing-the-poisoned-well/discussion/link-to-blog
pub_fc_17_27,0.0,https://www.kaggle.com/competitions/fixing-the-poisoned-well/discussion/link-to-blog
pub_fc_17_28,0.0,https://www.kaggle.com/competitions/fixing-the-poisoned-well/discussion/link-to-blog
pub_fc_17_29,0.0,https://www.kaggle.com/competitions/fixing-the-poisoned-well/discussion/link-to-blog
pub_fc_17_30,0.0,https://www.kaggle.com/competitions/fixing-the-poisoned-well/discussion/link-to-blog
pub_fc_17_31,0.0,https://www.kaggle.com/competitions/fixing-the-poisoned-well/discussion/link-to-blog
pub_fc_17_32,0.0,https://www.kaggle.com/competitions/fixing-the-poisoned-well/discussion/link-to-blog
pub_fc_17_33,0.0,https://www.kaggle.com/competitions/fixing-the-poisoned-well/discussion/link-to-blog
pub_fc_17_34,0.0,https://www.kaggle.com/competitions/fixing-the-poisoned-well/discussion/link-to-blog
pub_fc_17_35,0.0,https://www.kaggle.com/competitions/fixing-the-poisoned-well/discussion/link-to-blog
pub_fc_17_36,0.0,https://www.kaggle.com/competitions/fixing-the-poisoned-well/discussion/link-to-blog
pub_fc_17_37,0.0,https://www.kaggle.com/competitions/fixing-the-poisoned-well/discussion/link-to-blog
pub_fc_17_38,0.0,https://www.kaggle.com/competitions/fixing-the-poisoned-well/discussion/link-to-blog
pub_fc_17_39,0.0,https://www.kaggle.com/competitions/fixing-the-poisoned-well/discussion/link-to-blog
pub_fc_17_40,0.0,https://www.kaggle.com/competitions/fixing-the-poisoned-well/discussion/link-to-blog
pub_fc_17_41,0.0,https://www.kaggle.com/competitions/fixing-the-poisoned-well/discussion/link-to-blog
pub_fc_17_42,0.0,https://www.kaggle.com/competitions/fixing-the-poisoned-well/discussion/link-to-blog
pub_fc_17_43,0.0,https://www.kaggle.com/competitions/fixing-the-poisoned-well/discussion/link-to-blog
pub_fc_17_44,0.0,https://www.kaggle.com/competitions/fixing-the-poisoned-well/discussion/link-to-blog
pub_fc_17_45,0.0,https://www.kaggle.com/competitions/fixing-the-poisoned-well/discussion/link-to-blog
pub_fc_17_46,0.0,https://www.kaggle.com/competitions/fixing-the-poisoned-well/discussion/link-to-blog
pub_fc_17_47,0.0,https://www.kaggle.com/competitions/fixing-the-poisoned-well/discussion/link-to-blog
pub_fc_17_48,0.0,https://www.kaggle.com/competitions/fixing-the-poisoned-well/discussion/link-to-blog
pub_fc_17_49,0.0,https://www.kaggle.com/competitions/fixing-the-poisoned-well/discussion/link-to-blog
pub_fc_17_50,0.0,https://www.kaggle.com/competitions/fixing-the-poisoned-well/discussion/link-to-blog
pub_fc_17_51,0.0,https://www.kaggle.com/competitions/fixing-the-poisoned-well/discussion/link-to-blog
pub_fc_17_52,0.0,https://www.kaggle.com/competitions/fixing-the-poisoned-well/discussion/link-to-blog
pub_fc_17_53,0.0,https://www.kaggle.com/competitions/fixing-the-poisoned-well/discussion/link-to-blog
pub_fc_17_54,0.0,https://www.kaggle.com/competitions/fixing-the-poisoned-well/discussion/link-to-blog
pub_fc_17_55,0.0,https://www.kaggle.com/competitions/fixing-the-poisoned-well/discussion/link-to-blog
pub_fc_18_0,0.0,https://www.kaggle.com/competitions/fixing-the-poisoned-well/discussion/link-to-blog
pub_fc_18_1,0.0,https://www.kaggle.com/competitions/fixing-the-poisoned-well/discussion/link-to-blog
pub_fc_18_2,0.0,https://www.kaggle.com/competitions/fixing-the-poisoned-well/discussion/link-to-blog
pub_fc_18_3,0.0,https://www.kaggle.com/competitions/fixing-the-poisoned-well/discussion/link-to-blog
pub_fc_18_4,0.0,https://www.kaggle.com/competitions/fixing-the-poisoned-well/discussion/link-to-blog
pub_fc_18_5,0.0,https://www.kaggle.com/competitions/fixing-the-poisoned-well/discussion/link-to-blog
pub_fc_18_6,0.0,https://www.kaggle.com/competitions/fixing-the-poisoned-well/discussion/link-to-blog
pub_fc_18_7,0.0,https://www.kaggle.com/competitions/fixing-the-poisoned-well/discussion/link-to-blog
pub_fc_18_8,0.0,https://www.kaggle.com/competitions/fixing-the-poisoned-well/discussion/link-to-blog
pub_fc_18_9,0.0,https://www.kaggle.com/competitions/fixing-the-poisoned-well/discussion/link-to-blog
pub_fc_18_10,0.0,https://www.kaggle.com/competitions/fixing-the-poisoned-well/discussion/link-to-blog
pub_fc_18_11,0.0,https://www.kaggle.com/competitions/fixing-the-poisoned-well/discussion/link-to-blog
pub_fc_18_12,0.0,https://www.kaggle.com/competitions/fixing-the-poisoned-well/discussion/link-to-blog
pub_fc_18_13,0.0,https://www.kaggle.com/competitions/fixing-the-poisoned-well/discussion/link-to-blog
pub_fc_18_14,0.0,https://www.kaggle.com/competitions/fixing-the-poisoned-well/discussion/link-to-blog
pub_fc_18_15,0.0,https://www.kaggle.com/competitions/fixing-the-poisoned-well/discussion/link-to-blog
pub_fc_18_16,0.0,https://www.kaggle.com/competitions/fixing-the-poisoned-well/discussion/link-to-blog
pub_fc_18_17,0.0,https://www.kaggle.com/competitions/fixing-the-poisoned-well/discussion/link-to-blog
pub_fc_18_18,0.0,https://www.kaggle.com/competitions/fixing-the-poisoned-well/discussion/link-to-blog
pub_fc_18_19,0.0,https://www.kaggle.com/competitions/fixing-the-poisoned-well/discussion/link-to-blog
pub_fc_18_20,0.0,https://www.kaggle.com/competitions/fixing-the-poisoned-well/discussion/link-to-blog
pub_fc_18_21,0.0,https://www.kaggle.com/competitions/fixing-the-poisoned-well/discussion/link-to-blog
pub_fc_18_22,0.0,https://www.kaggle.com/competitions/fixing-the-poisoned-well/discussion/link-to-blog
pub_fc_18_23,0.0,https://www.kaggle.com/competitions/fixing-the-poisoned-well/discussion/link-to-blog
pub_fc_18_24,0.0,https://www.kaggle.com/competitions/fixing-the-poisoned-well/discussion/link-to-blog
pub_fc_18_25,0.0,https://www.kaggle.com/competitions/fixing-the-poisoned-well/discussion/link-to-blog
pub_fc_18_26,0.0,https://www.kaggle.com/competitions/fixing-the-poisoned-well/discussion/link-to-blog
pub_fc_18_27,0.0,https://www.kaggle.com/competitions/fixing-the-poisoned-well/discussion/link-to-blog
pub_fc_18_28,0.0,https://www.kaggle.com/competitions/fixing-the-poisoned-well/discussion/link-to-blog
pub_fc_18_29,0.0,https://www.kaggle.com/competitions/fixing-the-poisoned-well/discussion/link-to-blog
pub_fc_18_30,0.0,https://www.kaggle.com/competitions/fixing-the-poisoned-well/discussion/link-to-blog
pub_fc_18_31,0.0,https://www.kaggle.com/competitions/fixing-the-poisoned-well/discussion/link-to-blog
pub_fc_18_32,0.0,https://www.kaggle.com/competitions/fixing-the-poisoned-well/discussion/link-to-blog
pub_fc_18_33,0.0,https://www.kaggle.com/competitions/fixing-the-poisoned-well/discussion/link-to-blog
pub_fc_18_34,0.0,https://www.kaggle.com/competitions/fixing-the-poisoned-well/discussion/link-to-blog
pub_fc_18_35,0.0,https://www.kaggle.com/competitions/fixing-the-poisoned-well/discussion/link-to-blog
pub_fc_18_36,0.0,https://www.kaggle.com/competitions/fixing-the-poisoned-well/discussion/link-to-blog
pub_fc_18_37,0.0,https://www.kaggle.com/competitions/fixing-the-poisoned-well/discussion/link-to-blog
pub_fc_18_38,0.0,https://www.kaggle.com/competitions/fixing-the-poisoned-well/discussion/link-to-blog
pub_fc_18_39,0.0,https://www.kaggle.com/competitions/fixing-the-poisoned-well/discussion/link-to-blog
pub_fc_18_40,0.0,https://www.kaggle.com/competitions/fixing-the-poisoned-well/discussion/link-to-blog
pub_fc_18_41,0.0,https://www.kaggle.com/competitions/fixing-the-poisoned-well/discussion/link-to-blog
pub_fc_18_42,0.0,https://www.kaggle.com/competitions/fixing-the-poisoned-well/discussion/link-to-blog
pub_fc_18_43,0.0,https://www.kaggle.com/competitions/fixing-the-poisoned-well/discussion/link-to-blog
pub_fc_18_44,0.0,https://www.kaggle.com/competitions/fixing-the-poisoned-well/discussion/link-to-blog
pub_fc_18_45,0.0,https://www.kaggle.com/competitions/fixing-the-poisoned-well/discussion/link-to-blog
pub_fc_18_46,0.0,https://www.kaggle.com/competitions/fixing-the-poisoned-well/discussion/link-to-blog
pub_fc_18_47,0.0,https://www.kaggle.com/competitions/fixing-the-poisoned-well/discussion/link-to-blog
pub_fc_18_48,0.0,https://www.kaggle.com/competitions/fixing-the-poisoned-well/discussion/link-to-blog
pub_fc_18_49,0.0,https://www.kaggle.com/competitions/fixing-the-poisoned-well/discussion/link-to-blog
pub_fc_18_50,0.0,https://www.kaggle.com/competitions/fixing-the-poisoned-well/discussion/link-to-blog
pub_fc_18_51,0.0,https://www.kaggle.com/competitions/fixing-the-poisoned-well/discussion/link-to-blog
pub_fc_18_52,0.0,https://www.kaggle.com/competitions/fixing-the-poisoned-well/discussion/link-to-blog
pub_fc_18_53,0.0,https://www.kaggle.com/competitions/fixing-the-poisoned-well/discussion/link-to-blog
pub_fc_18_54,0.0,https://www.kaggle.com/competitions/fixing-the-poisoned-well/discussion/link-to-blog
pub_fc_18_55,0.0,https://www.kaggle.com/competitions/fixing-the-poisoned-well/discussion/link-to-blog
pub_fc_19_0,0.0,https://www.kaggle.com/competitions/fixing-the-poisoned-well/discussion/link-to-blog
pub_fc_19_1,0.0,https://www.kaggle.com/competitions/fixing-the-poisoned-well/discussion/link-to-blog
pub_fc_19_2,0.0,https://www.kaggle.com/competitions/fixing-the-poisoned-well/discussion/link-to-blog
pub_fc_19_3,0.0,https://www.kaggle.com/competitions/fixing-the-poisoned-well/discussion/link-to-blog
pub_fc_19_4,0.0,https://www.kaggle.com/competitions/fixing-the-poisoned-well/discussion/link-to-blog
pub_fc_19_5,0.0,https://www.kaggle.com/competitions/fixing-the-poisoned-well/discussion/link-to-blog
pub_fc_19_6,0.0,https://www.kaggle.com/competitions/fixing-the-poisoned-well/discussion/link-to-blog
pub_fc_19_7,0.0,https://www.kaggle.com/competitions/fixing-the-poisoned-well/discussion/link-to-blog
pub_fc_19_8,0.0,https://www.kaggle.com/competitions/fixing-the-poisoned-well/discussion/link-to-blog
pub_fc_19_9,0.0,https://www.kaggle.com/competitions/fixing-the-poisoned-well/discussion/link-to-blog
pub_fc_19_10,0.0,https://www.kaggle.com/competitions/fixing-the-poisoned-well/discussion/link-to-blog
pub_fc_19_11,0.0,https://www.kaggle.com/competitions/fixing-the-poisoned-well/discussion/link-to-blog
pub_fc_19_12,0.0,https://www.kaggle.com/competitions/fixing-the-poisoned-well/discussion/link-to-blog
pub_fc_19_13,0.0,https://www.kaggle.com/competitions/fixing-the-poisoned-well/discussion/link-to-blog
pub_fc_19_14,0.0,https://www.kaggle.com/competitions/fixing-the-poisoned-well/discussion/link-to-blog
pub_fc_19_15,0.0,https://www.kaggle.com/competitions/fixing-the-poisoned-well/discussion/link-to-blog
pub_fc_19_16,0.0,https://www.kaggle.com/competitions/fixing-the-poisoned-well/discussion/link-to-blog
pub_fc_19_17,0.0,https://www.kaggle.com/competitions/fixing-the-poisoned-well/discussion/link-to-blog
pub_fc_19_18,0.0,https://www.kaggle.com/competitions/fixing-the-poisoned-well/discussion/link-to-blog
pub_fc_19_19,0.0,https://www.kaggle.com/competitions/fixing-the-poisoned-well/discussion/link-to-blog
pub_fc_19_20,0.0,https://www.kaggle.com/competitions/fixing-the-poisoned-well/discussion/link-to-blog
pub_fc_19_21,0.0,https://www.kaggle.com/competitions/fixing-the-poisoned-well/discussion/link-to-blog
pub_fc_19_22,0.0,https://www.kaggle.com/competitions/fixing-the-poisoned-well/discussion/link-to-blog
pub_fc_19_23,0.0,https://www.kaggle.com/competitions/fixing-the-poisoned-well/discussion/link-to-blog
pub_fc_19_24,0.0,https://www.kaggle.com/competitions/fixing-the-poisoned-well/discussion/link-to-blog
pub_fc_19_25,0.0,https://www.kaggle.com/competitions/fixing-the-poisoned-well/discussion/link-to-blog
pub_fc_19_26,0.0,https://www.kaggle.com/competitions/fixing-the-poisoned-well/discussion/link-to-blog
pub_fc_19_27,0.0,https://www.kaggle.com/competitions/fixing-the-poisoned-well/discussion/link-to-blog
pub_fc_19_28,0.0,https://www.kaggle.com/competitions/fixing-the-poisoned-well/discussion/link-to-blog
pub_fc_19_29,0.0,https://www.kaggle.com/competitions/fixing-the-poisoned-well/discussion/link-to-blog
pub_fc_19_30,0.0,https://www.kaggle.com/competitions/fixing-the-poisoned-well/discussion/link-to-blog
pub_fc_19_31,0.0,https://www.kaggle.com/competitions/fixing-the-poisoned-well/discussion/link-to-blog
pub_fc_19_32,0.0,https://www.kaggle.com/competitions/fixing-the-poisoned-well/discussion/link-to-blog
pub_fc_19_33,0.0,https://www.kaggle.com/competitions/fixing-the-poisoned-well/discussion/link-to-blog
pub_fc_19_34,0.0,https://www.kaggle.com/competitions/fixing-the-poisoned-well/discussion/link-to-blog
pub_fc_19_35,0.0,https://www.kaggle.com/competitions/fixing-the-poisoned-well/discussion/link-to-blog
pub_fc_19_36,0.0,https://www.kaggle.com/competitions/fixing-the-poisoned-well/discussion/link-to-blog
pub_fc_19_37,0.0,https://www.kaggle.com/competitions/fixing-the-poisoned-well/discussion/link-to-blog
pub_fc_19_38,0.0,https://www.kaggle.com/competitions/fixing-the-poisoned-well/discussion/link-to-blog
pub_fc_19_39,0.0,https://www.kaggle.com/competitions/fixing-the-poisoned-well/discussion/link-to-blog
pub_fc_19_40,0.0,https://www.kaggle.com/competitions/fixing-the-poisoned-well/discussion/link-to-blog
pub_fc_19_41,0.0,https://www.kaggle.com/competitions/fixing-the-poisoned-well/discussion/link-to-blog
pub_fc_19_42,0.0,https://www.kaggle.com/competitions/fixing-the-poisoned-well/discussion/link-to-blog
pub_fc_19_43,0.0,https://www.kaggle.com/competitions/fixing-the-poisoned-well/discussion/link-to-blog
pub_fc_19_44,0.0,https://www.kaggle.com/competitions/fixing-the-poisoned-well/discussion/link-to-blog
pub_fc_19_45,0.0,https://www.kaggle.com/competitions/fixing-the-poisoned-well/discussion/link-to-blog
pub_fc_19_46,0.0,https://www.kaggle.com/competitions/fixing-the-poisoned-well/discussion/link-to-blog
pub_fc_19_47,0.0,https://www.kaggle.com/competitions/fixing-the-poisoned-well/discussion/link-to-blog
pub_fc_19_48,0.0,https://www.kaggle.com/competitions/fixing-the-poisoned-well/discussion/link-to-blog
pub_fc_19_49,0.0,https://www.kaggle.com/competitions/fixing-the-poisoned-well/discussion/link-to-blog
pub_fc_19_50,0.0,https://www.kaggle.com/competitions/fixing-the-poisoned-well/discussion/link-to-blog
pub_fc_19_51,0.0,https://www.kaggle.com/competitions/fixing-the-poisoned-well/discussion/link-to-blog
pub_fc_19_52,0.0,https://www.kaggle.com/competitions/fixing-the-poisoned-well/discussion/link-to-blog
pub_fc_19_53,0.0,https://www.kaggle.com/competitions/fixing-the-poisoned-well/discussion/link-to-blog
pub_fc_19_54,0.0,https://www.kaggle.com/competitions/fixing-the-poisoned-well/discussion/link-to-blog
pub_fc_19_55,0.0,https://www.kaggle.com/competitions/fixing-the-poisoned-well/discussion/link-to-blog
pub_fc_20_0,0.0,https://www.kaggle.com/competitions/fixing-the-poisoned-well/discussion/link-to-blog
pub_fc_20_1,0.0,https://www.kaggle.com/competitions/fixing-the-poisoned-well/discussion/link-to-blog
pub_fc_20_2,0.0,https://www.kaggle.com/competitions/fixing-the-poisoned-well/discussion/link-to-blog
pub_fc_20_3,0.0,https://www.kaggle.com/competitions/fixing-the-poisoned-well/discussion/link-to-blog
pub_fc_20_4,0.0,https://www.kaggle.com/competitions/fixing-the-poisoned-well/discussion/link-to-blog
pub_fc_20_5,0.0,https://www.kaggle.com/competitions/fixing-the-poisoned-well/discussion/link-to-blog
pub_fc_20_6,0.0,https://www.kaggle.com/competitions/fixing-the-poisoned-well/discussion/link-to-blog
pub_fc_20_7,0.0,https://www.kaggle.com/competitions/fixing-the-poisoned-well/discussion/link-to-blog
pub_fc_20_8,0.0,https://www.kaggle.com/competitions/fixing-the-poisoned-well/discussion/link-to-blog
pub_fc_20_9,0.0,https://www.kaggle.com/competitions/fixing-the-poisoned-well/discussion/link-to-blog
pub_fc_20_10,0.0,https://www.kaggle.com/competitions/fixing-the-poisoned-well/discussion/link-to-blog
pub_fc_20_11,0.0,https://www.kaggle.com/competitions/fixing-the-poisoned-well/discussion/link-to-blog
pub_fc_20_12,0.0,https://www.kaggle.com/competitions/fixing-the-poisoned-well/discussion/link-to-blog
pub_fc_20_13,0.0,https://www.kaggle.com/competitions/fixing-the-poisoned-well/discussion/link-to-blog
pub_fc_20_14,0.0,https://www.kaggle.com/competitions/fixing-the-poisoned-well/discussion/link-to-blog
pub_fc_20_15,0.0,https://www.kaggle.com/competitions/fixing-the-poisoned-well/discussion/link-to-blog
pub_fc_20_16,0.0,https://www.kaggle.com/competitions/fixing-the-poisoned-well/discussion/link-to-blog
pub_fc_20_17,0.0,https://www.kaggle.com/competitions/fixing-the-poisoned-well/discussion/link-to-blog
pub_fc_20_18,0.0,https://www.kaggle.com/competitions/fixing-the-poisoned-well/discussion/link-to-blog
pub_fc_20_19,0.0,https://www.kaggle.com/competitions/fixing-the-poisoned-well/discussion/link-to-blog
pub_fc_20_20,0.0,https://www.kaggle.com/competitions/fixing-the-poisoned-well/discussion/link-to-blog
pub_fc_20_21,0.0,https://www.kaggle.com/competitions/fixing-the-poisoned-well/discussion/link-to-blog
pub_fc_20_22,0.0,https://www.kaggle.com/competitions/fixing-the-poisoned-well/discussion/link-to-blog
pub_fc_20_23,0.0,https://www.kaggle.com/competitions/fixing-the-poisoned-well/discussion/link-to-blog
pub_fc_20_24,0.0,https://www.kaggle.com/competitions/fixing-the-poisoned-well/discussion/link-to-blog
pub_fc_20_25,0.0,https://www.kaggle.com/competitions/fixing-the-poisoned-well/discussion/link-to-blog
pub_fc_20_26,0.0,https://www.kaggle.com/competitions/fixing-the-poisoned-well/discussion/link-to-blog
pub_fc_20_27,0.0,https://www.kaggle.com/competitions/fixing-the-poisoned-well/discussion/link-to-blog
pub_fc_20_28,0.0,https://www.kaggle.com/competitions/fixing-the-poisoned-well/discussion/link-to-blog
pub_fc_20_29,0.0,https://www.kaggle.com/competitions/fixing-the-poisoned-well/discussion/link-to-blog
pub_fc_20_30,0.0,https://www.kaggle.com/competitions/fixing-the-poisoned-well/discussion/link-to-blog
pub_fc_20_31,0.0,https://www.kaggle.com/competitions/fixing-the-poisoned-well/discussion/link-to-blog
pub_fc_20_32,0.0,https://www.kaggle.com/competitions/fixing-the-poisoned-well/discussion/link-to-blog
pub_fc_20_33,0.0,https://www.kaggle.com/competitions/fixing-the-poisoned-well/discussion/link-to-blog
pub_fc_20_34,0.0,https://www.kaggle.com/competitions/fixing-the-poisoned-well/discussion/link-to-blog
pub_fc_20_35,0.0,https://www.kaggle.com/competitions/fixing-the-poisoned-well/discussion/link-to-blog
pub_fc_20_36,0.0,https://www.kaggle.com/competitions/fixing-the-poisoned-well/discussion/link-to-blog
pub_fc_20_37,0.0,https://www.kaggle.com/competitions/fixing-the-poisoned-well/discussion/link-to-blog
pub_fc_20_38,0.0,https://www.kaggle.com/competitions/fixing-the-poisoned-well/discussion/link-to-blog
pub_fc_20_39,0.0,https://www.kaggle.com/competitions/fixing-the-poisoned-well/discussion/link-to-blog
pub_fc_20_40,0.0,https://www.kaggle.com/competitions/fixing-the-poisoned-well/discussion/link-to-blog
pub_fc_20_41,0.0,https://www.kaggle.com/competitions/fixing-the-poisoned-well/discussion/link-to-blog
pub_fc_20_42,0.0,https://www.kaggle.com/competitions/fixing-the-poisoned-well/discussion/link-to-blog
pub_fc_20_43,0.0,https://www.kaggle.com/competitions/fixing-the-poisoned-well/discussion/link-to-blog
pub_fc_20_44,0.0,https://www.kaggle.com/competitions/fixing-the-poisoned-well/discussion/link-to-blog
pub_fc_20_45,0.0,https://www.kaggle.com/competitions/fixing-the-poisoned-well/discussion/link-to-blog
pub_fc_20_46,0.0,https://www.kaggle.com/competitions/fixing-the-poisoned-well/discussion/link-to-blog
pub_fc_20_47,0.0,https://www.kaggle.com/competitions/fixing-the-poisoned-well/discussion/link-to-blog
pub_fc_20_48,0.0,https://www.kaggle.com/competitions/fixing-the-poisoned-well/discussion/link-to-blog
pub_fc_20_49,0.0,https://www.kaggle.com/competitions/fixing-the-poisoned-well/discussion/link-to-blog
pub_fc_20_50,0.0,https://www.kaggle.com/competitions/fixing-the-poisoned-well/discussion/link-to-blog
pub_fc_20_51,0.0,https://www.kaggle.com/competitions/fixing-the-poisoned-well/discussion/link-to-blog
pub_fc_20_52,0.0,https://www.kaggle.com/competitions/fixing-the-poisoned-well/discussion/link-to-blog
pub_fc_20_53,0.0,https://www.kaggle.com/competitions/fixing-the-poisoned-well/discussion/link-to-blog
pub_fc_20_54,0.0,https://www.kaggle.com/competitions/fixing-the-poisoned-well/discussion/link-to-blog
pub_fc_20_55,0.0,https://www.kaggle.com/competitions/fixing-the-poisoned-well/discussion/link-to-blog
pub_fc_21_0,0.0,https://www.kaggle.com/competitions/fixing-the-poisoned-well/discussion/link-to-blog
pub_fc_21_1,0.0,https://www.kaggle.com/competitions/fixing-the-poisoned-well/discussion/link-to-blog
pub_fc_21_2,0.0,https://www.kaggle.com/competitions/fixing-the-poisoned-well/discussion/link-to-blog
pub_fc_21_3,0.0,https://www.kaggle.com/competitions/fixing-the-poisoned-well/discussion/link-to-blog
pub_fc_21_4,0.0,https://www.kaggle.com/competitions/fixing-the-poisoned-well/discussion/link-to-blog
pub_fc_21_5,0.0,https://www.kaggle.com/competitions/fixing-the-poisoned-well/discussion/link-to-blog
pub_fc_21_6,0.0,https://www.kaggle.com/competitions/fixing-the-poisoned-well/discussion/link-to-blog
pub_fc_21_7,0.0,https://www.kaggle.com/competitions/fixing-the-poisoned-well/discussion/link-to-blog
pub_fc_21_8,0.0,https://www.kaggle.com/competitions/fixing-the-poisoned-well/discussion/link-to-blog
pub_fc_21_9,0.0,https://www.kaggle.com/competitions/fixing-the-poisoned-well/discussion/link-to-blog
pub_fc_21_10,0.0,https://www.kaggle.com/competitions/fixing-the-poisoned-well/discussion/link-to-blog
pub_fc_21_11,0.0,https://www.kaggle.com/competitions/fixing-the-poisoned-well/discussion/link-to-blog
pub_fc_21_12,0.0,https://www.kaggle.com/competitions/fixing-the-poisoned-well/discussion/link-to-blog
pub_fc_21_13,0.0,https://www.kaggle.com/competitions/fixing-the-poisoned-well/discussion/link-to-blog
pub_fc_21_14,0.0,https://www.kaggle.com/competitions/fixing-the-poisoned-well/discussion/link-to-blog
pub_fc_21_15,0.0,https://www.kaggle.com/competitions/fixing-the-poisoned-well/discussion/link-to-blog
pub_fc_21_16,0.0,https://www.kaggle.com/competitions/fixing-the-poisoned-well/discussion/link-to-blog
pub_fc_21_17,0.0,https://www.kaggle.com/competitions/fixing-the-poisoned-well/discussion/link-to-blog
pub_fc_21_18,0.0,https://www.kaggle.com/competitions/fixing-the-poisoned-well/discussion/link-to-blog
pub_fc_21_19,0.0,https://www.kaggle.com/competitions/fixing-the-poisoned-well/discussion/link-to-blog
pub_fc_21_20,0.0,https://www.kaggle.com/competitions/fixing-the-poisoned-well/discussion/link-to-blog
pub_fc_21_21,0.0,https://www.kaggle.com/competitions/fixing-the-poisoned-well/discussion/link-to-blog
pub_fc_21_22,0.0,https://www.kaggle.com/competitions/fixing-the-poisoned-well/discussion/link-to-blog
pub_fc_21_23,0.0,https://www.kaggle.com/competitions/fixing-the-poisoned-well/discussion/link-to-blog
pub_fc_21_24,0.0,https://www.kaggle.com/competitions/fixing-the-poisoned-well/discussion/link-to-blog
pub_fc_21_25,0.0,https://www.kaggle.com/competitions/fixing-the-poisoned-well/discussion/link-to-blog
pub_fc_21_26,0.0,https://www.kaggle.com/competitions/fixing-the-poisoned-well/discussion/link-to-blog
pub_fc_21_27,0.0,https://www.kaggle.com/competitions/fixing-the-poisoned-well/discussion/link-to-blog
pub_fc_21_28,0.0,https://www.kaggle.com/competitions/fixing-the-poisoned-well/discussion/link-to-blog
pub_fc_21_29,0.0,https://www.kaggle.com/competitions/fixing-the-poisoned-well/discussion/link-to-blog
pub_fc_21_30,0.0,https://www.kaggle.com/competitions/fixing-the-poisoned-well/discussion/link-to-blog
pub_fc_21_31,0.0,https://www.kaggle.com/competitions/fixing-the-poisoned-well/discussion/link-to-blog
pub_fc_21_32,0.0,https://www.kaggle.com/competitions/fixing-the-poisoned-well/discussion/link-to-blog
pub_fc_21_33,0.0,https://www.kaggle.com/competitions/fixing-the-poisoned-well/discussion/link-to-blog
pub_fc_21_34,0.0,https://www.kaggle.com/competitions/fixing-the-poisoned-well/discussion/link-to-blog
pub_fc_21_35,0.0,https://www.kaggle.com/competitions/fixing-the-poisoned-well/discussion/link-to-blog
pub_fc_21_36,0.0,https://www.kaggle.com/competitions/fixing-the-poisoned-well/discussion/link-to-blog
pub_fc_21_37,0.0,https://www.kaggle.com/competitions/fixing-the-poisoned-well/discussion/link-to-blog
pub_fc_21_38,0.0,https://www.kaggle.com/competitions/fixing-the-poisoned-well/discussion/link-to-blog
pub_fc_21_39,0.0,https://www.kaggle.com/competitions/fixing-the-poisoned-well/discussion/link-to-blog
pub_fc_21_40,0.0,https://www.kaggle.com/competitions/fixing-the-poisoned-well/discussion/link-to-blog
pub_fc_21_41,0.0,https://www.kaggle.com/competitions/fixing-the-poisoned-well/discussion/link-to-blog
pub_fc_21_42,0.0,https://www.kaggle.com/competitions/fixing-the-poisoned-well/discussion/link-to-blog
pub_fc_21_43,0.0,https://www.kaggle.com/competitions/fixing-the-poisoned-well/discussion/link-to-blog
pub_fc_21_44,0.0,https://www.kaggle.com/competitions/fixing-the-poisoned-well/discussion/link-to-blog
pub_fc_21_45,0.0,https://www.kaggle.com/competitions/fixing-the-poisoned-well/discussion/link-to-blog
pub_fc_21_46,0.0,https://www.kaggle.com/competitions/fixing-the-poisoned-well/discussion/link-to-blog
pub_fc_21_47,0.0,https://www.kaggle.com/competitions/fixing-the-poisoned-well/discussion/link-to-blog
pub_fc_21_48,0.0,https://www.kaggle.com/competitions/fixing-the-poisoned-well/discussion/link-to-blog
pub_fc_21_49,0.0,https://www.kaggle.com/competitions/fixing-the-poisoned-well/discussion/link-to-blog
pub_fc_21_50,0.0,https://www.kaggle.com/competitions/fixing-the-poisoned-well/discussion/link-to-blog
pub_fc_21_51,0.0,https://www.kaggle.com/competitions/fixing-the-poisoned-well/discussion/link-to-blog
pub_fc_21_52,0.0,https://www.kaggle.com/competitions/fixing-the-poisoned-well/discussion/link-to-blog
pub_fc_21_53,0.0,https://www.kaggle.com/competitions/fixing-the-poisoned-well/discussion/link-to-blog
pub_fc_21_54,0.0,https://www.kaggle.com/competitions/fixing-the-poisoned-well/discussion/link-to-blog
pub_fc_21_55,0.0,https://www.kaggle.com/competitions/fixing-the-poisoned-well/discussion/link-to-blog
pub_fc_22_0,0.0,https://www.kaggle.com/competitions/fixing-the-poisoned-well/discussion/link-to-blog
pub_fc_22_1,0.0,https://www.kaggle.com/competitions/fixing-the-poisoned-well/discussion/link-to-blog
pub_fc_22_2,0.0,https://www.kaggle.com/competitions/fixing-the-poisoned-well/discussion/link-to-blog
pub_fc_22_3,0.0,https://www.kaggle.com/competitions/fixing-the-poisoned-well/discussion/link-to-blog
pub_fc_22_4,0.0,https://www.kaggle.com/competitions/fixing-the-poisoned-well/discussion/link-to-blog
pub_fc_22_5,0.0,https://www.kaggle.com/competitions/fixing-the-poisoned-well/discussion/link-to-blog
pub_fc_22_6,0.0,https://www.kaggle.com/competitions/fixing-the-poisoned-well/discussion/link-to-blog
pub_fc_22_7,0.0,https://www.kaggle.com/competitions/fixing-the-poisoned-well/discussion/link-to-blog
pub_fc_22_8,0.0,https://www.kaggle.com/competitions/fixing-the-poisoned-well/discussion/link-to-blog
pub_fc_22_9,0.0,https://www.kaggle.com/competitions/fixing-the-poisoned-well/discussion/link-to-blog
pub_fc_22_10,0.0,https://www.kaggle.com/competitions/fixing-the-poisoned-well/discussion/link-to-blog
pub_fc_22_11,0.0,https://www.kaggle.com/competitions/fixing-the-poisoned-well/discussion/link-to-blog
pub_fc_22_12,0.0,https://www.kaggle.com/competitions/fixing-the-poisoned-well/discussion/link-to-blog
pub_fc_22_13,0.0,https://www.kaggle.com/competitions/fixing-the-poisoned-well/discussion/link-to-blog
pub_fc_22_14,0.0,https://www.kaggle.com/competitions/fixing-the-poisoned-well/discussion/link-to-blog
pub_fc_22_15,0.0,https://www.kaggle.com/competitions/fixing-the-poisoned-well/discussion/link-to-blog
pub_fc_22_16,0.0,https://www.kaggle.com/competitions/fixing-the-poisoned-well/discussion/link-to-blog
pub_fc_22_17,0.0,https://www.kaggle.com/competitions/fixing-the-poisoned-well/discussion/link-to-blog
pub_fc_22_18,0.0,https://www.kaggle.com/competitions/fixing-the-poisoned-well/discussion/link-to-blog
pub_fc_22_19,0.0,https://www.kaggle.com/competitions/fixing-the-poisoned-well/discussion/link-to-blog
pub_fc_22_20,0.0,https://www.kaggle.com/competitions/fixing-the-poisoned-well/discussion/link-to-blog
pub_fc_22_21,0.0,https://www.kaggle.com/competitions/fixing-the-poisoned-well/discussion/link-to-blog
pub_fc_22_22,0.0,https://www.kaggle.com/competitions/fixing-the-poisoned-well/discussion/link-to-blog
pub_fc_22_23,0.0,https://www.kaggle.com/competitions/fixing-the-poisoned-well/discussion/link-to-blog
pub_fc_22_24,0.0,https://www.kaggle.com/competitions/fixing-the-poisoned-well/discussion/link-to-blog
pub_fc_22_25,0.0,https://www.kaggle.com/competitions/fixing-the-poisoned-well/discussion/link-to-blog
pub_fc_22_26,0.0,https://www.kaggle.com/competitions/fixing-the-poisoned-well/discussion/link-to-blog
pub_fc_22_27,0.0,https://www.kaggle.com/competitions/fixing-the-poisoned-well/discussion/link-to-blog
pub_fc_22_28,0.0,https://www.kaggle.com/competitions/fixing-the-poisoned-well/discussion/link-to-blog
pub_fc_22_29,0.0,https://www.kaggle.com/competitions/fixing-the-poisoned-well/discussion/link-to-blog
pub_fc_22_30,0.0,https://www.kaggle.com/competitions/fixing-the-poisoned-well/discussion/link-to-blog
pub_fc_22_31,0.0,https://www.kaggle.com/competitions/fixing-the-poisoned-well/discussion/link-to-blog
pub_fc_22_32,0.0,https://www.kaggle.com/competitions/fixing-the-poisoned-well/discussion/link-to-blog
pub_fc_22_33,0.0,https://www.kaggle.com/competitions/fixing-the-poisoned-well/discussion/link-to-blog
pub_fc_22_34,0.0,https://www.kaggle.com/competitions/fixing-the-poisoned-well/discussion/link-to-blog
pub_fc_22_35,0.0,https://www.kaggle.com/competitions/fixing-the-poisoned-well/discussion/link-to-blog
pub_fc_22_36,0.0,https://www.kaggle.com/competitions/fixing-the-poisoned-well/discussion/link-to-blog
pub_fc_22_37,0.0,https://www.kaggle.com/competitions/fixing-the-poisoned-well/discussion/link-to-blog
pub_fc_22_38,0.0,https://www.kaggle.com/competitions/fixing-the-poisoned-well/discussion/link-to-blog
pub_fc_22_39,0.0,https://www.kaggle.com/competitions/fixing-the-poisoned-well/discussion/link-to-blog
pub_fc_22_40,0.0,https://www.kaggle.com/competitions/fixing-the-poisoned-well/discussion/link-to-blog
pub_fc_22_41,0.0,https://www.kaggle.com/competitions/fixing-the-poisoned-well/discussion/link-to-blog
pub_fc_22_42,0.0,https://www.kaggle.com/competitions/fixing-the-poisoned-well/discussion/link-to-blog
pub_fc_22_43,0.0,https://www.kaggle.com/competitions/fixing-the-poisoned-well/discussion/link-to-blog
pub_fc_22_44,0.0,https://www.kaggle.com/competitions/fixing-the-poisoned-well/discussion/link-to-blog
pub_fc_22_45,0.0,https://www.kaggle.com/competitions/fixing-the-poisoned-well/discussion/link-to-blog
pub_fc_22_46,0.0,https://www.kaggle.com/competitions/fixing-the-poisoned-well/discussion/link-to-blog
pub_fc_22_47,0.0,https://www.kaggle.com/competitions/fixing-the-poisoned-well/discussion/link-to-blog
pub_fc_22_48,0.0,https://www.kaggle.com/competitions/fixing-the-poisoned-well/discussion/link-to-blog
pub_fc_22_49,0.0,https://www.kaggle.com/competitions/fixing-the-poisoned-well/discussion/link-to-blog
pub_fc_22_50,0.0,https://www.kaggle.com/competitions/fixing-the-poisoned-well/discussion/link-to-blog
pub_fc_22_51,0.0,https://www.kaggle.com/competitions/fixing-the-poisoned-well/discussion/link-to-blog
pub_fc_22_52,0.0,https://www.kaggle.com/competitions/fixing-the-poisoned-well/discussion/link-to-blog
pub_fc_22_53,0.0,https://www.kaggle.com/competitions/fixing-the-poisoned-well/discussion/link-to-blog
pub_fc_22_54,0.0,https://www.kaggle.com/competitions/fixing-the-poisoned-well/discussion/link-to-blog
pub_fc_22_55,0.0,https://www.kaggle.com/competitions/fixing-the-poisoned-well/discussion/link-to-blog
pub_fc_23_0,0.0,https://www.kaggle.com/competitions/fixing-the-poisoned-well/discussion/link-to-blog
pub_fc_23_1,0.0,https://www.kaggle.com/competitions/fixing-the-poisoned-well/discussion/link-to-blog
pub_fc_23_2,0.0,https://www.kaggle.com/competitions/fixing-the-poisoned-well/discussion/link-to-blog
pub_fc_23_3,0.0,https://www.kaggle.com/competitions/fixing-the-poisoned-well/discussion/link-to-blog
pub_fc_23_4,0.0,https://www.kaggle.com/competitions/fixing-the-poisoned-well/discussion/link-to-blog
pub_fc_23_5,0.0,https://www.kaggle.com/competitions/fixing-the-poisoned-well/discussion/link-to-blog
pub_fc_23_6,0.0,https://www.kaggle.com/competitions/fixing-the-poisoned-well/discussion/link-to-blog
pub_fc_23_7,0.0,https://www.kaggle.com/competitions/fixing-the-poisoned-well/discussion/link-to-blog
pub_fc_23_8,0.0,https://www.kaggle.com/competitions/fixing-the-poisoned-well/discussion/link-to-blog
pub_fc_23_9,0.0,https://www.kaggle.com/competitions/fixing-the-poisoned-well/discussion/link-to-blog
pub_fc_23_10,0.0,https://www.kaggle.com/competitions/fixing-the-poisoned-well/discussion/link-to-blog
pub_fc_23_11,0.0,https://www.kaggle.com/competitions/fixing-the-poisoned-well/discussion/link-to-blog
pub_fc_23_12,0.0,https://www.kaggle.com/competitions/fixing-the-poisoned-well/discussion/link-to-blog
pub_fc_23_13,0.0,https://www.kaggle.com/competitions/fixing-the-poisoned-well/discussion/link-to-blog
pub_fc_23_14,0.0,https://www.kaggle.com/competitions/fixing-the-poisoned-well/discussion/link-to-blog
pub_fc_23_15,0.0,https://www.kaggle.com/competitions/fixing-the-poisoned-well/discussion/link-to-blog
pub_fc_23_16,0.0,https://www.kaggle.com/competitions/fixing-the-poisoned-well/discussion/link-to-blog
pub_fc_23_17,0.0,https://www.kaggle.com/competitions/fixing-the-poisoned-well/discussion/link-to-blog
pub_fc_23_18,0.0,https://www.kaggle.com/competitions/fixing-the-poisoned-well/discussion/link-to-blog
pub_fc_23_19,0.0,https://www.kaggle.com/competitions/fixing-the-poisoned-well/discussion/link-to-blog
pub_fc_23_20,0.0,https://www.kaggle.com/competitions/fixing-the-poisoned-well/discussion/link-to-blog
pub_fc_23_21,0.0,https://www.kaggle.com/competitions/fixing-the-poisoned-well/discussion/link-to-blog
pub_fc_23_22,0.0,https://www.kaggle.com/competitions/fixing-the-poisoned-well/discussion/link-to-blog
pub_fc_23_23,0.0,https://www.kaggle.com/competitions/fixing-the-poisoned-well/discussion/link-to-blog
pub_fc_23_24,0.0,https://www.kaggle.com/competitions/fixing-the-poisoned-well/discussion/link-to-blog
pub_fc_23_25,0.0,https://www.kaggle.com/competitions/fixing-the-poisoned-well/discussion/link-to-blog
pub_fc_23_26,0.0,https://www.kaggle.com/competitions/fixing-the-poisoned-well/discussion/link-to-blog
pub_fc_23_27,0.0,https://www.kaggle.com/competitions/fixing-the-poisoned-well/discussion/link-to-blog
pub_fc_23_28,0.0,https://www.kaggle.com/competitions/fixing-the-poisoned-well/discussion/link-to-blog
pub_fc_23_29,0.0,https://www.kaggle.com/competitions/fixing-the-poisoned-well/discussion/link-to-blog
pub_fc_23_30,0.0,https://www.kaggle.com/competitions/fixing-the-poisoned-well/discussion/link-to-blog
pub_fc_23_31,0.0,https://www.kaggle.com/competitions/fixing-the-poisoned-well/discussion/link-to-blog
pub_fc_23_32,0.0,https://www.kaggle.com/competitions/fixing-the-poisoned-well/discussion/link-to-blog
pub_fc_23_33,0.0,https://www.kaggle.com/competitions/fixing-the-poisoned-well/discussion/link-to-blog
pub_fc_23_34,0.0,https://www.kaggle.com/competitions/fixing-the-poisoned-well/discussion/link-to-blog
pub_fc_23_35,0.0,https://www.kaggle.com/competitions/fixing-the-poisoned-well/discussion/link-to-blog
pub_fc_23_36,0.0,https://www.kaggle.com/competitions/fixing-the-poisoned-well/discussion/link-to-blog
pub_fc_23_37,0.0,https://www.kaggle.com/competitions/fixing-the-poisoned-well/discussion/link-to-blog
pub_fc_23_38,0.0,https://www.kaggle.com/competitions/fixing-the-poisoned-well/discussion/link-to-blog
pub_fc_23_39,0.0,https://www.kaggle.com/competitions/fixing-the-poisoned-well/discussion/link-to-blog
pub_fc_23_40,0.0,https://www.kaggle.com/competitions/fixing-the-poisoned-well/discussion/link-to-blog
pub_fc_23_41,0.0,https://www.kaggle.com/competitions/fixing-the-poisoned-well/discussion/link-to-blog
pub_fc_23_42,0.0,https://www.kaggle.com/competitions/fixing-the-poisoned-well/discussion/link-to-blog
pub_fc_23_43,0.0,https://www.kaggle.com/competitions/fixing-the-poisoned-well/discussion/link-to-blog
pub_fc_23_44,0.0,https://www.kaggle.com/competitions/fixing-the-poisoned-well/discussion/link-to-blog
pub_fc_23_45,0.0,https://www.kaggle.com/competitions/fixing-the-poisoned-well/discussion/link-to-blog
pub_fc_23_46,0.0,https://www.kaggle.com/competitions/fixing-the-poisoned-well/discussion/link-to-blog
pub_fc_23_47,0.0,https://www.kaggle.com/competitions/fixing-the-poisoned-well/discussion/link-to-blog
pub_fc_23_48,0.0,https://www.kaggle.com/competitions/fixing-the-poisoned-well/discussion/link-to-blog
pub_fc_23_49,0.0,https://www.kaggle.com/competitions/fixing-the-poisoned-well/discussion/link-to-blog
pub_fc_23_50,0.0,https://www.kaggle.com/competitions/fixing-the-poisoned-well/discussion/link-to-blog
pub_fc_23_51,0.0,https://www.kaggle.com/competitions/fixing-the-poisoned-well/discussion/link-to-blog
pub_fc_23_52,0.0,https://www.kaggle.com/competitions/fixing-the-poisoned-well/discussion/link-to-blog
pub_fc_23_53,0.0,https://www.kaggle.com/competitions/fixing-the-poisoned-well/discussion/link-to-blog
pub_fc_23_54,0.0,https://www.kaggle.com/competitions/fixing-the-poisoned-well/discussion/link-to-blog
pub_fc_23_55,0.0,https://www.kaggle.com/competitions/fixing-the-poisoned-well/discussion/link-to-blog
pub_fc_24_0,0.0,https://www.kaggle.com/competitions/fixing-the-poisoned-well/discussion/link-to-blog
pub_fc_24_1,0.0,https://www.kaggle.com/competitions/fixing-the-poisoned-well/discussion/link-to-blog
pub_fc_24_2,0.0,https://www.kaggle.com/competitions/fixing-the-poisoned-well/discussion/link-to-blog
pub_fc_24_3,0.0,https://www.kaggle.com/competitions/fixing-the-poisoned-well/discussion/link-to-blog
pub_fc_24_4,0.0,https://www.kaggle.com/competitions/fixing-the-poisoned-well/discussion/link-to-blog
pub_fc_24_5,0.0,https://www.kaggle.com/competitions/fixing-the-poisoned-well/discussion/link-to-blog
pub_fc_24_6,0.0,https://www.kaggle.com/competitions/fixing-the-poisoned-well/discussion/link-to-blog
pub_fc_24_7,0.0,https://www.kaggle.com/competitions/fixing-the-poisoned-well/discussion/link-to-blog
pub_fc_24_8,0.0,https://www.kaggle.com/competitions/fixing-the-poisoned-well/discussion/link-to-blog
pub_fc_24_9,0.0,https://www.kaggle.com/competitions/fixing-the-poisoned-well/discussion/link-to-blog
pub_fc_24_10,0.0,https://www.kaggle.com/competitions/fixing-the-poisoned-well/discussion/link-to-blog
pub_fc_24_11,0.0,https://www.kaggle.com/competitions/fixing-the-poisoned-well/discussion/link-to-blog
pub_fc_24_12,0.0,https://www.kaggle.com/competitions/fixing-the-poisoned-well/discussion/link-to-blog
pub_fc_24_13,0.0,https://www.kaggle.com/competitions/fixing-the-poisoned-well/discussion/link-to-blog
pub_fc_24_14,0.0,https://www.kaggle.com/competitions/fixing-the-poisoned-well/discussion/link-to-blog
pub_fc_24_15,0.0,https://www.kaggle.com/competitions/fixing-the-poisoned-well/discussion/link-to-blog
pub_fc_24_16,0.0,https://www.kaggle.com/competitions/fixing-the-poisoned-well/discussion/link-to-blog
pub_fc_24_17,0.0,https://www.kaggle.com/competitions/fixing-the-poisoned-well/discussion/link-to-blog
pub_fc_24_18,0.0,https://www.kaggle.com/competitions/fixing-the-poisoned-well/discussion/link-to-blog
pub_fc_24_19,0.0,https://www.kaggle.com/competitions/fixing-the-poisoned-well/discussion/link-to-blog
pub_fc_24_20,0.0,https://www.kaggle.com/competitions/fixing-the-poisoned-well/discussion/link-to-blog
pub_fc_24_21,0.0,https://www.kaggle.com/competitions/fixing-the-poisoned-well/discussion/link-to-blog
pub_fc_24_22,0.0,https://www.kaggle.com/competitions/fixing-the-poisoned-well/discussion/link-to-blog
pub_fc_24_23,0.0,https://www.kaggle.com/competitions/fixing-the-poisoned-well/discussion/link-to-blog
pub_fc_24_24,0.0,https://www.kaggle.com/competitions/fixing-the-poisoned-well/discussion/link-to-blog
pub_fc_24_25,0.0,https://www.kaggle.com/competitions/fixing-the-poisoned-well/discussion/link-to-blog
pub_fc_24_26,0.0,https://www.kaggle.com/competitions/fixing-the-poisoned-well/discussion/link-to-blog
pub_fc_24_27,0.0,https://www.kaggle.com/competitions/fixing-the-poisoned-well/discussion/link-to-blog
pub_fc_24_28,0.0,https://www.kaggle.com/competitions/fixing-the-poisoned-well/discussion/link-to-blog
pub_fc_24_29,0.0,https://www.kaggle.com/competitions/fixing-the-poisoned-well/discussion/link-to-blog
pub_fc_24_30,0.0,https://www.kaggle.com/competitions/fixing-the-poisoned-well/discussion/link-to-blog
pub_fc_24_31,0.0,https://www.kaggle.com/competitions/fixing-the-poisoned-well/discussion/link-to-blog
pub_fc_24_32,0.0,https://www.kaggle.com/competitions/fixing-the-poisoned-well/discussion/link-to-blog
pub_fc_24_33,0.0,https://www.kaggle.com/competitions/fixing-the-poisoned-well/discussion/link-to-blog
pub_fc_24_34,0.0,https://www.kaggle.com/competitions/fixing-the-poisoned-well/discussion/link-to-blog
pub_fc_24_35,0.0,https://www.kaggle.com/competitions/fixing-the-poisoned-well/discussion/link-to-blog
pub_fc_24_36,0.0,https://www.kaggle.com/competitions/fixing-the-poisoned-well/discussion/link-to-blog
pub_fc_24_37,0.0,https://www.kaggle.com/competitions/fixing-the-poisoned-well/discussion/link-to-blog
pub_fc_24_38,0.0,https://www.kaggle.com/competitions/fixing-the-poisoned-well/discussion/link-to-blog
pub_fc_24_39,0.0,https://www.kaggle.com/competitions/fixing-the-poisoned-well/discussion/link-to-blog
pub_fc_24_40,0.0,https://www.kaggle.com/competitions/fixing-the-poisoned-well/discussion/link-to-blog
pub_fc_24_41,0.0,https://www.kaggle.com/competitions/fixing-the-poisoned-well/discussion/link-to-blog
pub_fc_24_42,0.0,https://www.kaggle.com/competitions/fixing-the-poisoned-well/discussion/link-to-blog
pub_fc_24_43,0.0,https://www.kaggle.com/competitions/fixing-the-poisoned-well/discussion/link-to-blog
pub_fc_24_44,0.0,https://www.kaggle.com/competitions/fixing-the-poisoned-well/discussion/link-to-blog
pub_fc_24_45,0.0,https://www.kaggle.com/competitions/fixing-the-poisoned-well/discussion/link-to-blog
pub_fc_24_46,0.0,https://www.kaggle.com/competitions/fixing-the-poisoned-well/discussion/link-to-blog
pub_fc_24_47,0.0,https://www.kaggle.com/competitions/fixing-the-poisoned-well/discussion/link-to-blog
pub_fc_24_48,0.0,https://www.kaggle.com/competitions/fixing-the-poisoned-well/discussion/link-to-blog
pub_fc_24_49,0.0,https://www.kaggle.com/competitions/fixing-the-poisoned-well/discussion/link-to-blog
pub_fc_24_50,0.0,https://www.kaggle.com/competitions/fixing-the-poisoned-well/discussion/link-to-blog
pub_fc_24_51,0.0,https://www.kaggle.com/competitions/fixing-the-poisoned-well/discussion/link-to-blog
pub_fc_24_52,0.0,https://www.kaggle.com/competitions/fixing-the-poisoned-well/discussion/link-to-blog
pub_fc_24_53,0.0,https://www.kaggle.com/competitions/fixing-the-poisoned-well/discussion/link-to-blog
pub_fc_24_54,0.0,https://www.kaggle.com/competitions/fixing-the-poisoned-well/discussion/link-to-blog
pub_fc_24_55,0.0,https://www.kaggle.com/competitions/fixing-the-poisoned-well/discussion/link-to-blog
pub_fc_25_0,0.0,https://www.kaggle.com/competitions/fixing-the-poisoned-well/discussion/link-to-blog
pub_fc_25_1,0.0,https://www.kaggle.com/competitions/fixing-the-poisoned-well/discussion/link-to-blog
pub_fc_25_2,0.0,https://www.kaggle.com/competitions/fixing-the-poisoned-well/discussion/link-to-blog
pub_fc_25_3,0.0,https://www.kaggle.com/competitions/fixing-the-poisoned-well/discussion/link-to-blog
pub_fc_25_4,0.0,https://www.kaggle.com/competitions/fixing-the-poisoned-well/discussion/link-to-blog
pub_fc_25_5,0.0,https://www.kaggle.com/competitions/fixing-the-poisoned-well/discussion/link-to-blog
pub_fc_25_6,0.0,https://www.kaggle.com/competitions/fixing-the-poisoned-well/discussion/link-to-blog
pub_fc_25_7,0.0,https://www.kaggle.com/competitions/fixing-the-poisoned-well/discussion/link-to-blog
pub_fc_25_8,0.0,https://www.kaggle.com/competitions/fixing-the-poisoned-well/discussion/link-to-blog
pub_fc_25_9,0.0,https://www.kaggle.com/competitions/fixing-the-poisoned-well/discussion/link-to-blog
pub_fc_25_10,0.0,https://www.kaggle.com/competitions/fixing-the-poisoned-well/discussion/link-to-blog
pub_fc_25_11,0.0,https://www.kaggle.com/competitions/fixing-the-poisoned-well/discussion/link-to-blog
pub_fc_25_12,0.0,https://www.kaggle.com/competitions/fixing-the-poisoned-well/discussion/link-to-blog
pub_fc_25_13,0.0,https://www.kaggle.com/competitions/fixing-the-poisoned-well/discussion/link-to-blog
pub_fc_25_14,0.0,https://www.kaggle.com/competitions/fixing-the-poisoned-well/discussion/link-to-blog
pub_fc_25_15,0.0,https://www.kaggle.com/competitions/fixing-the-poisoned-well/discussion/link-to-blog
pub_fc_25_16,0.0,https://www.kaggle.com/competitions/fixing-the-poisoned-well/discussion/link-to-blog
pub_fc_25_17,0.0,https://www.kaggle.com/competitions/fixing-the-poisoned-well/discussion/link-to-blog
pub_fc_25_18,0.0,https://www.kaggle.com/competitions/fixing-the-poisoned-well/discussion/link-to-blog
pub_fc_25_19,0.0,https://www.kaggle.com/competitions/fixing-the-poisoned-well/discussion/link-to-blog
pub_fc_25_20,0.0,https://www.kaggle.com/competitions/fixing-the-poisoned-well/discussion/link-to-blog
pub_fc_25_21,0.0,https://www.kaggle.com/competitions/fixing-the-poisoned-well/discussion/link-to-blog
pub_fc_25_22,0.0,https://www.kaggle.com/competitions/fixing-the-poisoned-well/discussion/link-to-blog
pub_fc_25_23,0.0,https://www.kaggle.com/competitions/fixing-the-poisoned-well/discussion/link-to-blog
pub_fc_25_24,0.0,https://www.kaggle.com/competitions/fixing-the-poisoned-well/discussion/link-to-blog
pub_fc_25_25,0.0,https://www.kaggle.com/competitions/fixing-the-poisoned-well/discussion/link-to-blog
pub_fc_25_26,0.0,https://www.kaggle.com/competitions/fixing-the-poisoned-well/discussion/link-to-blog
pub_fc_25_27,0.0,https://www.kaggle.com/competitions/fixing-the-poisoned-well/discussion/link-to-blog
pub_fc_25_28,0.0,https://www.kaggle.com/competitions/fixing-the-poisoned-well/discussion/link-to-blog
pub_fc_25_29,0.0,https://www.kaggle.com/competitions/fixing-the-poisoned-well/discussion/link-to-blog
pub_fc_25_30,0.0,https://www.kaggle.com/competitions/fixing-the-poisoned-well/discussion/link-to-blog
pub_fc_25_31,0.0,https://www.kaggle.com/competitions/fixing-the-poisoned-well/discussion/link-to-blog
pub_fc_25_32,0.0,https://www.kaggle.com/competitions/fixing-the-poisoned-well/discussion/link-to-blog
pub_fc_25_33,0.0,https://www.kaggle.com/competitions/fixing-the-poisoned-well/discussion/link-to-blog
pub_fc_25_34,0.0,https://www.kaggle.com/competitions/fixing-the-poisoned-well/discussion/link-to-blog
pub_fc_25_35,0.0,https://www.kaggle.com/competitions/fixing-the-poisoned-well/discussion/link-to-blog
pub_fc_25_36,0.0,https://www.kaggle.com/competitions/fixing-the-poisoned-well/discussion/link-to-blog
pub_fc_25_37,0.0,https://www.kaggle.com/competitions/fixing-the-poisoned-well/discussion/link-to-blog
pub_fc_25_38,0.0,https://www.kaggle.com/competitions/fixing-the-poisoned-well/discussion/link-to-blog
pub_fc_25_39,0.0,https://www.kaggle.com/competitions/fixing-the-poisoned-well/discussion/link-to-blog
pub_fc_25_40,0.0,https://www.kaggle.com/competitions/fixing-the-poisoned-well/discussion/link-to-blog
pub_fc_25_41,0.0,https://www.kaggle.com/competitions/fixing-the-poisoned-well/discussion/link-to-blog
pub_fc_25_42,0.0,https://www.kaggle.com/competitions/fixing-the-poisoned-well/discussion/link-to-blog
pub_fc_25_43,0.0,https://www.kaggle.com/competitions/fixing-the-poisoned-well/discussion/link-to-blog
pub_fc_25_44,0.0,https://www.kaggle.com/competitions/fixing-the-poisoned-well/discussion/link-to-blog
pub_fc_25_45,0.0,https://www.kaggle.com/competitions/fixing-the-poisoned-well/discussion/link-to-blog
pub_fc_25_46,0.0,https://www.kaggle.com/competitions/fixing-the-poisoned-well/discussion/link-to-blog
pub_fc_25_47,0.0,https://www.kaggle.com/competitions/fixing-the-poisoned-well/discussion/link-to-blog
pub_fc_25_48,0.0,https://www.kaggle.com/competitions/fixing-the-poisoned-well/discussion/link-to-blog
pub_fc_25_49,0.0,https://www.kaggle.com/competitions/fixing-the-poisoned-well/discussion/link-to-blog
pub_fc_25_50,0.0,https://www.kaggle.com/competitions/fixing-the-poisoned-well/discussion/link-to-blog
pub_fc_25_51,0.0,https://www.kaggle.com/competitions/fixing-the-poisoned-well/discussion/link-to-blog
pub_fc_25_52,0.0,https://www.kaggle.com/competitions/fixing-the-poisoned-well/discussion/link-to-blog
pub_fc_25_53,0.0,https://www.kaggle.com/competitions/fixing-the-poisoned-well/discussion/link-to-blog
pub_fc_25_54,0.0,https://www.kaggle.com/competitions/fixing-the-poisoned-well/discussion/link-to-blog
pub_fc_25_55,0.0,https://www.kaggle.com/competitions/fixing-the-poisoned-well/discussion/link-to-blog
pub_fc_26_0,0.0,https://www.kaggle.com/competitions/fixing-the-poisoned-well/discussion/link-to-blog
pub_fc_26_1,0.0,https://www.kaggle.com/competitions/fixing-the-poisoned-well/discussion/link-to-blog
pub_fc_26_2,0.0,https://www.kaggle.com/competitions/fixing-the-poisoned-well/discussion/link-to-blog
pub_fc_26_3,0.0,https://www.kaggle.com/competitions/fixing-the-poisoned-well/discussion/link-to-blog
pub_fc_26_4,0.0,https://www.kaggle.com/competitions/fixing-the-poisoned-well/discussion/link-to-blog
pub_fc_26_5,0.0,https://www.kaggle.com/competitions/fixing-the-poisoned-well/discussion/link-to-blog
pub_fc_26_6,0.0,https://www.kaggle.com/competitions/fixing-the-poisoned-well/discussion/link-to-blog
pub_fc_26_7,0.0,https://www.kaggle.com/competitions/fixing-the-poisoned-well/discussion/link-to-blog
pub_fc_26_8,0.0,https://www.kaggle.com/competitions/fixing-the-poisoned-well/discussion/link-to-blog
pub_fc_26_9,0.0,https://www.kaggle.com/competitions/fixing-the-poisoned-well/discussion/link-to-blog
pub_fc_26_10,0.0,https://www.kaggle.com/competitions/fixing-the-poisoned-well/discussion/link-to-blog
pub_fc_26_11,0.0,https://www.kaggle.com/competitions/fixing-the-poisoned-well/discussion/link-to-blog
pub_fc_26_12,0.0,https://www.kaggle.com/competitions/fixing-the-poisoned-well/discussion/link-to-blog
pub_fc_26_13,0.0,https://www.kaggle.com/competitions/fixing-the-poisoned-well/discussion/link-to-blog
pub_fc_26_14,0.0,https://www.kaggle.com/competitions/fixing-the-poisoned-well/discussion/link-to-blog
pub_fc_26_15,0.0,https://www.kaggle.com/competitions/fixing-the-poisoned-well/discussion/link-to-blog
pub_fc_26_16,0.0,https://www.kaggle.com/competitions/fixing-the-poisoned-well/discussion/link-to-blog
pub_fc_26_17,0.0,https://www.kaggle.com/competitions/fixing-the-poisoned-well/discussion/link-to-blog
pub_fc_26_18,0.0,https://www.kaggle.com/competitions/fixing-the-poisoned-well/discussion/link-to-blog
pub_fc_26_19,0.0,https://www.kaggle.com/competitions/fixing-the-poisoned-well/discussion/link-to-blog
pub_fc_26_20,0.0,https://www.kaggle.com/competitions/fixing-the-poisoned-well/discussion/link-to-blog
pub_fc_26_21,0.0,https://www.kaggle.com/competitions/fixing-the-poisoned-well/discussion/link-to-blog
pub_fc_26_22,0.0,https://www.kaggle.com/competitions/fixing-the-poisoned-well/discussion/link-to-blog
pub_fc_26_23,0.0,https://www.kaggle.com/competitions/fixing-the-poisoned-well/discussion/link-to-blog
pub_fc_26_24,0.0,https://www.kaggle.com/competitions/fixing-the-poisoned-well/discussion/link-to-blog
pub_fc_26_25,0.0,https://www.kaggle.com/competitions/fixing-the-poisoned-well/discussion/link-to-blog
pub_fc_26_26,0.0,https://www.kaggle.com/competitions/fixing-the-poisoned-well/discussion/link-to-blog
pub_fc_26_27,0.0,https://www.kaggle.com/competitions/fixing-the-poisoned-well/discussion/link-to-blog
pub_fc_26_28,0.0,https://www.kaggle.com/competitions/fixing-the-poisoned-well/discussion/link-to-blog
pub_fc_26_29,0.0,https://www.kaggle.com/competitions/fixing-the-poisoned-well/discussion/link-to-blog
pub_fc_26_30,0.0,https://www.kaggle.com/competitions/fixing-the-poisoned-well/discussion/link-to-blog
pub_fc_26_31,0.0,https://www.kaggle.com/competitions/fixing-the-poisoned-well/discussion/link-to-blog
pub_fc_26_32,0.0,https://www.kaggle.com/competitions/fixing-the-poisoned-well/discussion/link-to-blog
pub_fc_26_33,0.0,https://www.kaggle.com/competitions/fixing-the-poisoned-well/discussion/link-to-blog
pub_fc_26_34,0.0,https://www.kaggle.com/competitions/fixing-the-poisoned-well/discussion/link-to-blog
pub_fc_26_35,0.0,https://www.kaggle.com/competitions/fixing-the-poisoned-well/discussion/link-to-blog
pub_fc_26_36,0.0,https://www.kaggle.com/competitions/fixing-the-poisoned-well/discussion/link-to-blog
pub_fc_26_37,0.0,https://www.kaggle.com/competitions/fixing-the-poisoned-well/discussion/link-to-blog
pub_fc_26_38,0.0,https://www.kaggle.com/competitions/fixing-the-poisoned-well/discussion/link-to-blog
pub_fc_26_39,0.0,https://www.kaggle.com/competitions/fixing-the-poisoned-well/discussion/link-to-blog
pub_fc_26_40,0.0,https://www.kaggle.com/competitions/fixing-the-poisoned-well/discussion/link-to-blog
pub_fc_26_41,0.0,https://www.kaggle.com/competitions/fixing-the-poisoned-well/discussion/link-to-blog
pub_fc_26_42,0.0,https://www.kaggle.com/competitions/fixing-the-poisoned-well/discussion/link-to-blog
pub_fc_26_43,0.0,https://www.kaggle.com/competitions/fixing-the-poisoned-well/discussion/link-to-blog
pub_fc_26_44,0.0,https://www.kaggle.com/competitions/fixing-the-poisoned-well/discussion/link-to-blog
pub_fc_26_45,0.0,https://www.kaggle.com/competitions/fixing-the-poisoned-well/discussion/link-to-blog
pub_fc_26_46,0.0,https://www.kaggle.com/competitions/fixing-the-poisoned-well/discussion/link-to-blog
pub_fc_26_47,0.0,https://www.kaggle.com/competitions/fixing-the-poisoned-well/discussion/link-to-blog
pub_fc_26_48,0.0,https://www.kaggle.com/competitions/fixing-the-poisoned-well/discussion/link-to-blog
pub_fc_26_49,0.0,https://www.kaggle.com/competitions/fixing-the-poisoned-well/discussion/link-to-blog
pub_fc_26_50,0.0,https://www.kaggle.com/competitions/fixing-the-poisoned-well/discussion/link-to-blog
pub_fc_26_51,0.0,https://www.kaggle.com/competitions/fixing-the-poisoned-well/discussion/link-to-blog
pub_fc_26_52,0.0,https://www.kaggle.com/competitions/fixing-the-poisoned-well/discussion/link-to-blog
pub_fc_26_53,0.0,https://www.kaggle.com/competitions/fixing-the-poisoned-well/discussion/link-to-blog
pub_fc_26_54,0.0,https://www.kaggle.com/competitions/fixing-the-poisoned-well/discussion/link-to-blog
pub_fc_26_55,0.0,https://www.kaggle.com/competitions/fixing-the-poisoned-well/discussion/link-to-blog
pub_fc_27_0,0.0,https://www.kaggle.com/competitions/fixing-the-poisoned-well/discussion/link-to-blog
pub_fc_27_1,0.0,https://www.kaggle.com/competitions/fixing-the-poisoned-well/discussion/link-to-blog
pub_fc_27_2,0.0,https://www.kaggle.com/competitions/fixing-the-poisoned-well/discussion/link-to-blog
pub_fc_27_3,0.0,https://www.kaggle.com/competitions/fixing-the-poisoned-well/discussion/link-to-blog
pub_fc_27_4,0.0,https://www.kaggle.com/competitions/fixing-the-poisoned-well/discussion/link-to-blog
pub_fc_27_5,0.0,https://www.kaggle.com/competitions/fixing-the-poisoned-well/discussion/link-to-blog
pub_fc_27_6,0.0,https://www.kaggle.com/competitions/fixing-the-poisoned-well/discussion/link-to-blog
pub_fc_27_7,0.0,https://www.kaggle.com/competitions/fixing-the-poisoned-well/discussion/link-to-blog
pub_fc_27_8,0.0,https://www.kaggle.com/competitions/fixing-the-poisoned-well/discussion/link-to-blog
pub_fc_27_9,0.0,https://www.kaggle.com/competitions/fixing-the-poisoned-well/discussion/link-to-blog
pub_fc_27_10,0.0,https://www.kaggle.com/competitions/fixing-the-poisoned-well/discussion/link-to-blog
pub_fc_27_11,0.0,https://www.kaggle.com/competitions/fixing-the-poisoned-well/discussion/link-to-blog
pub_fc_27_12,0.0,https://www.kaggle.com/competitions/fixing-the-poisoned-well/discussion/link-to-blog
pub_fc_27_13,0.0,https://www.kaggle.com/competitions/fixing-the-poisoned-well/discussion/link-to-blog
pub_fc_27_14,0.0,https://www.kaggle.com/competitions/fixing-the-poisoned-well/discussion/link-to-blog
pub_fc_27_15,0.0,https://www.kaggle.com/competitions/fixing-the-poisoned-well/discussion/link-to-blog
pub_fc_27_16,0.0,https://www.kaggle.com/competitions/fixing-the-poisoned-well/discussion/link-to-blog
pub_fc_27_17,0.0,https://www.kaggle.com/competitions/fixing-the-poisoned-well/discussion/link-to-blog
pub_fc_27_18,0.0,https://www.kaggle.com/competitions/fixing-the-poisoned-well/discussion/link-to-blog
pub_fc_27_19,0.0,https://www.kaggle.com/competitions/fixing-the-poisoned-well/discussion/link-to-blog
pub_fc_27_20,0.0,https://www.kaggle.com/competitions/fixing-the-poisoned-well/discussion/link-to-blog
pub_fc_27_21,0.0,https://www.kaggle.com/competitions/fixing-the-poisoned-well/discussion/link-to-blog
pub_fc_27_22,0.0,https://www.kaggle.com/competitions/fixing-the-poisoned-well/discussion/link-to-blog
pub_fc_27_23,0.0,https://www.kaggle.com/competitions/fixing-the-poisoned-well/discussion/link-to-blog
pub_fc_27_24,0.0,https://www.kaggle.com/competitions/fixing-the-poisoned-well/discussion/link-to-blog
pub_fc_27_25,0.0,https://www.kaggle.com/competitions/fixing-the-poisoned-well/discussion/link-to-blog
pub_fc_27_26,0.0,https://www.kaggle.com/competitions/fixing-the-poisoned-well/discussion/link-to-blog
pub_fc_27_27,0.0,https://www.kaggle.com/competitions/fixing-the-poisoned-well/discussion/link-to-blog
pub_fc_27_28,0.0,https://www.kaggle.com/competitions/fixing-the-poisoned-well/discussion/link-to-blog
pub_fc_27_29,0.0,https://www.kaggle.com/competitions/fixing-the-poisoned-well/discussion/link-to-blog
pub_fc_27_30,0.0,https://www.kaggle.com/competitions/fixing-the-poisoned-well/discussion/link-to-blog
pub_fc_27_31,0.0,https://www.kaggle.com/competitions/fixing-the-poisoned-well/discussion/link-to-blog
pub_fc_27_32,0.0,https://www.kaggle.com/competitions/fixing-the-poisoned-well/discussion/link-to-blog
pub_fc_27_33,0.0,https://www.kaggle.com/competitions/fixing-the-poisoned-well/discussion/link-to-blog
pub_fc_27_34,0.0,https://www.kaggle.com/competitions/fixing-the-poisoned-well/discussion/link-to-blog
pub_fc_27_35,0.0,https://www.kaggle.com/competitions/fixing-the-poisoned-well/discussion/link-to-blog
pub_fc_27_36,0.0,https://www.kaggle.com/competitions/fixing-the-poisoned-well/discussion/link-to-blog
pub_fc_27_37,0.0,https://www.kaggle.com/competitions/fixing-the-poisoned-well/discussion/link-to-blog
pub_fc_27_38,0.0,https://www.kaggle.com/competitions/fixing-the-poisoned-well/discussion/link-to-blog
pub_fc_27_39,0.0,https://www.kaggle.com/competitions/fixing-the-poisoned-well/discussion/link-to-blog
pub_fc_27_40,0.0,https://www.kaggle.com/competitions/fixing-the-poisoned-well/discussion/link-to-blog
pub_fc_27_41,0.0,https://www.kaggle.com/competitions/fixing-the-poisoned-well/discussion/link-to-blog
pub_fc_27_42,0.0,https://www.kaggle.com/competitions/fixing-the-poisoned-well/discussion/link-to-blog
pub_fc_27_43,0.0,https://www.kaggle.com/competitions/fixing-the-poisoned-well/discussion/link-to-blog
pub_fc_27_44,0.0,https://www.kaggle.com/competitions/fixing-the-poisoned-well/discussion/link-to-blog
pub_fc_27_45,0.0,https://www.kaggle.com/competitions/fixing-the-poisoned-well/discussion/link-to-blog
pub_fc_27_46,0.0,https://www.kaggle.com/competitions/fixing-the-poisoned-well/discussion/link-to-blog
pub_fc_27_47,0.0,https://www.kaggle.com/competitions/fixing-the-poisoned-well/discussion/link-to-blog
pub_fc_27_48,0.0,https://www.kaggle.com/competitions/fixing-the-poisoned-well/discussion/link-to-blog
pub_fc_27_49,0.0,https://www.kaggle.com/competitions/fixing-the-poisoned-well/discussion/link-to-blog
pub_fc_27_50,0.0,https://www.kaggle.com/competitions/fixing-the-poisoned-well/discussion/link-to-blog
pub_fc_27_51,0.0,https://www.kaggle.com/competitions/fixing-the-poisoned-well/discussion/link-to-blog
pub_fc_27_52,0.0,https://www.kaggle.com/competitions/fixing-the-poisoned-well/discussion/link-to-blog
pub_fc_27_53,0.0,https://www.kaggle.com/competitions/fixing-the-poisoned-well/discussion/link-to-blog
pub_fc_27_54,0.0,https://www.kaggle.com/competitions/fixing-the-poisoned-well/discussion/link-to-blog
pub_fc_27_55,0.0,https://www.kaggle.com/competitions/fixing-the-poisoned-well/discussion/link-to-blog
pub_fc_28_0,0.0,https://www.kaggle.com/competitions/fixing-the-poisoned-well/discussion/link-to-blog
pub_fc_28_1,0.0,https://www.kaggle.com/competitions/fixing-the-poisoned-well/discussion/link-to-blog
pub_fc_28_2,0.0,https://www.kaggle.com/competitions/fixing-the-poisoned-well/discussion/link-to-blog
pub_fc_28_3,0.0,https://www.kaggle.com/competitions/fixing-the-poisoned-well/discussion/link-to-blog
pub_fc_28_4,0.0,https://www.kaggle.com/competitions/fixing-the-poisoned-well/discussion/link-to-blog
pub_fc_28_5,0.0,https://www.kaggle.com/competitions/fixing-the-poisoned-well/discussion/link-to-blog
pub_fc_28_6,0.0,https://www.kaggle.com/competitions/fixing-the-poisoned-well/discussion/link-to-blog
pub_fc_28_7,0.0,https://www.kaggle.com/competitions/fixing-the-poisoned-well/discussion/link-to-blog
pub_fc_28_8,0.0,https://www.kaggle.com/competitions/fixing-the-poisoned-well/discussion/link-to-blog
pub_fc_28_9,0.0,https://www.kaggle.com/competitions/fixing-the-poisoned-well/discussion/link-to-blog
pub_fc_28_10,0.0,https://www.kaggle.com/competitions/fixing-the-poisoned-well/discussion/link-to-blog
pub_fc_28_11,0.0,https://www.kaggle.com/competitions/fixing-the-poisoned-well/discussion/link-to-blog
pub_fc_28_12,0.0,https://www.kaggle.com/competitions/fixing-the-poisoned-well/discussion/link-to-blog
pub_fc_28_13,0.0,https://www.kaggle.com/competitions/fixing-the-poisoned-well/discussion/link-to-blog
pub_fc_28_14,0.0,https://www.kaggle.com/competitions/fixing-the-poisoned-well/discussion/link-to-blog
pub_fc_28_15,0.0,https://www.kaggle.com/competitions/fixing-the-poisoned-well/discussion/link-to-blog
pub_fc_28_16,0.0,https://www.kaggle.com/competitions/fixing-the-poisoned-well/discussion/link-to-blog
pub_fc_28_17,0.0,https://www.kaggle.com/competitions/fixing-the-poisoned-well/discussion/link-to-blog
pub_fc_28_18,0.0,https://www.kaggle.com/competitions/fixing-the-poisoned-well/discussion/link-to-blog
pub_fc_28_19,0.0,https://www.kaggle.com/competitions/fixing-the-poisoned-well/discussion/link-to-blog
pub_fc_28_20,0.0,https://www.kaggle.com/competitions/fixing-the-poisoned-well/discussion/link-to-blog
pub_fc_28_21,0.0,https://www.kaggle.com/competitions/fixing-the-poisoned-well/discussion/link-to-blog
pub_fc_28_22,0.0,https://www.kaggle.com/competitions/fixing-the-poisoned-well/discussion/link-to-blog
pub_fc_28_23,0.0,https://www.kaggle.com/competitions/fixing-the-poisoned-well/discussion/link-to-blog
pub_fc_28_24,0.0,https://www.kaggle.com/competitions/fixing-the-poisoned-well/discussion/link-to-blog
pub_fc_28_25,0.0,https://www.kaggle.com/competitions/fixing-the-poisoned-well/discussion/link-to-blog
pub_fc_28_26,0.0,https://www.kaggle.com/competitions/fixing-the-poisoned-well/discussion/link-to-blog
pub_fc_28_27,0.0,https://www.kaggle.com/competitions/fixing-the-poisoned-well/discussion/link-to-blog
pub_fc_28_28,0.0,https://www.kaggle.com/competitions/fixing-the-poisoned-well/discussion/link-to-blog
pub_fc_28_29,0.0,https://www.kaggle.com/competitions/fixing-the-poisoned-well/discussion/link-to-blog
pub_fc_28_30,0.0,https://www.kaggle.com/competitions/fixing-the-poisoned-well/discussion/link-to-blog
pub_fc_28_31,0.0,https://www.kaggle.com/competitions/fixing-the-poisoned-well/discussion/link-to-blog
pub_fc_28_32,0.0,https://www.kaggle.com/competitions/fixing-the-poisoned-well/discussion/link-to-blog
pub_fc_28_33,0.0,https://www.kaggle.com/competitions/fixing-the-poisoned-well/discussion/link-to-blog
pub_fc_28_34,0.0,https://www.kaggle.com/competitions/fixing-the-poisoned-well/discussion/link-to-blog
pub_fc_28_35,0.0,https://www.kaggle.com/competitions/fixing-the-poisoned-well/discussion/link-to-blog
pub_fc_28_36,0.0,https://www.kaggle.com/competitions/fixing-the-poisoned-well/discussion/link-to-blog
pub_fc_28_37,0.0,https://www.kaggle.com/competitions/fixing-the-poisoned-well/discussion/link-to-blog
pub_fc_28_38,0.0,https://www.kaggle.com/competitions/fixing-the-poisoned-well/discussion/link-to-blog
pub_fc_28_39,0.0,https://www.kaggle.com/competitions/fixing-the-poisoned-well/discussion/link-to-blog
pub_fc_28_40,0.0,https://www.kaggle.com/competitions/fixing-the-poisoned-well/discussion/link-to-blog
pub_fc_28_41,0.0,https://www.kaggle.com/competitions/fixing-the-poisoned-well/discussion/link-to-blog
pub_fc_28_42,0.0,https://www.kaggle.com/competitions/fixing-the-poisoned-well/discussion/link-to-blog
pub_fc_28_43,0.0,https://www.kaggle.com/competitions/fixing-the-poisoned-well/discussion/link-to-blog
pub_fc_28_44,0.0,https://www.kaggle.com/competitions/fixing-the-poisoned-well/discussion/link-to-blog
pub_fc_28_45,0.0,https://www.kaggle.com/competitions/fixing-the-poisoned-well/discussion/link-to-blog
pub_fc_28_46,0.0,https://www.kaggle.com/competitions/fixing-the-poisoned-well/discussion/link-to-blog
pub_fc_28_47,0.0,https://www.kaggle.com/competitions/fixing-the-poisoned-well/discussion/link-to-blog
pub_fc_28_48,0.0,https://www.kaggle.com/competitions/fixing-the-poisoned-well/discussion/link-to-blog
pub_fc_28_49,0.0,https://www.kaggle.com/competitions/fixing-the-poisoned-well/discussion/link-to-blog
pub_fc_28_50,0.0,https://www.kaggle.com/competitions/fixing-the-poisoned-well/discussion/link-to-blog
pub_fc_28_51,0.0,https://www.kaggle.com/competitions/fixing-the-poisoned-well/discussion/link-to-blog
pub_fc_28_52,0.0,https://www.kaggle.com/competitions/fixing-the-poisoned-well/discussion/link-to-blog
pub_fc_28_53,0.0,https://www.kaggle.com/competitions/fixing-the-poisoned-well/discussion/link-to-blog
pub_fc_28_54,0.0,https://www.kaggle.com/competitions/fixing-the-poisoned-well/discussion/link-to-blog
pub_fc_28_55,0.0,https://www.kaggle.com/competitions/fixing-the-poisoned-well/discussion/link-to-blog
pub_fc_29_0,0.0,https://www.kaggle.com/competitions/fixing-the-poisoned-well/discussion/link-to-blog
pub_fc_29_1,0.0,https://www.kaggle.com/competitions/fixing-the-poisoned-well/discussion/link-to-blog
pub_fc_29_2,0.0,https://www.kaggle.com/competitions/fixing-the-poisoned-well/discussion/link-to-blog
pub_fc_29_3,0.0,https://www.kaggle.com/competitions/fixing-the-poisoned-well/discussion/link-to-blog
pub_fc_29_4,0.0,https://www.kaggle.com/competitions/fixing-the-poisoned-well/discussion/link-to-blog
pub_fc_29_5,0.0,https://www.kaggle.com/competitions/fixing-the-poisoned-well/discussion/link-to-blog
pub_fc_29_6,0.0,https://www.kaggle.com/competitions/fixing-the-poisoned-well/discussion/link-to-blog
pub_fc_29_7,0.0,https://www.kaggle.com/competitions/fixing-the-poisoned-well/discussion/link-to-blog
pub_fc_29_8,0.0,https://www.kaggle.com/competitions/fixing-the-poisoned-well/discussion/link-to-blog
pub_fc_29_9,0.0,https://www.kaggle.com/competitions/fixing-the-poisoned-well/discussion/link-to-blog
pub_fc_29_10,0.0,https://www.kaggle.com/competitions/fixing-the-poisoned-well/discussion/link-to-blog
pub_fc_29_11,0.0,https://www.kaggle.com/competitions/fixing-the-poisoned-well/discussion/link-to-blog
pub_fc_29_12,0.0,https://www.kaggle.com/competitions/fixing-the-poisoned-well/discussion/link-to-blog
pub_fc_29_13,0.0,https://www.kaggle.com/competitions/fixing-the-poisoned-well/discussion/link-to-blog
pub_fc_29_14,0.0,https://www.kaggle.com/competitions/fixing-the-poisoned-well/discussion/link-to-blog
pub_fc_29_15,0.0,https://www.kaggle.com/competitions/fixing-the-poisoned-well/discussion/link-to-blog
pub_fc_29_16,0.0,https://www.kaggle.com/competitions/fixing-the-poisoned-well/discussion/link-to-blog
pub_fc_29_17,0.0,https://www.kaggle.com/competitions/fixing-the-poisoned-well/discussion/link-to-blog
pub_fc_29_18,0.0,https://www.kaggle.com/competitions/fixing-the-poisoned-well/discussion/link-to-blog
pub_fc_29_19,0.0,https://www.kaggle.com/competitions/fixing-the-poisoned-well/discussion/link-to-blog
pub_fc_29_20,0.0,https://www.kaggle.com/competitions/fixing-the-poisoned-well/discussion/link-to-blog
pub_fc_29_21,0.0,https://www.kaggle.com/competitions/fixing-the-poisoned-well/discussion/link-to-blog
pub_fc_29_22,0.0,https://www.kaggle.com/competitions/fixing-the-poisoned-well/discussion/link-to-blog
pub_fc_29_23,0.0,https://www.kaggle.com/competitions/fixing-the-poisoned-well/discussion/link-to-blog
pub_fc_29_24,0.0,https://www.kaggle.com/competitions/fixing-the-poisoned-well/discussion/link-to-blog
pub_fc_29_25,0.0,https://www.kaggle.com/competitions/fixing-the-poisoned-well/discussion/link-to-blog
pub_fc_29_26,0.0,https://www.kaggle.com/competitions/fixing-the-poisoned-well/discussion/link-to-blog
pub_fc_29_27,0.0,https://www.kaggle.com/competitions/fixing-the-poisoned-well/discussion/link-to-blog
pub_fc_29_28,0.0,https://www.kaggle.com/competitions/fixing-the-poisoned-well/discussion/link-to-blog
pub_fc_29_29,0.0,https://www.kaggle.com/competitions/fixing-the-poisoned-well/discussion/link-to-blog
pub_fc_29_30,0.0,https://www.kaggle.com/competitions/fixing-the-poisoned-well/discussion/link-to-blog
pub_fc_29_31,0.0,https://www.kaggle.com/competitions/fixing-the-poisoned-well/discussion/link-to-blog
pub_fc_29_32,0.0,https://www.kaggle.com/competitions/fixing-the-poisoned-well/discussion/link-to-blog
pub_fc_29_33,0.0,https://www.kaggle.com/competitions/fixing-the-poisoned-well/discussion/link-to-blog
pub_fc_29_34,0.0,https://www.kaggle.com/competitions/fixing-the-poisoned-well/discussion/link-to-blog
pub_fc_29_35,0.0,https://www.kaggle.com/competitions/fixing-the-poisoned-well/discussion/link-to-blog
pub_fc_29_36,0.0,https://www.kaggle.com/competitions/fixing-the-poisoned-well/discussion/link-to-blog
pub_fc_29_37,0.0,https://www.kaggle.com/competitions/fixing-the-poisoned-well/discussion/link-to-blog
pub_fc_29_38,0.0,https://www.kaggle.com/competitions/fixing-the-poisoned-well/discussion/link-to-blog
pub_fc_29_39,0.0,https://www.kaggle.com/competitions/fixing-the-poisoned-well/discussion/link-to-blog
pub_fc_29_40,0.0,https://www.kaggle.com/competitions/fixing-the-poisoned-well/discussion/link-to-blog
pub_fc_29_41,0.0,https://www.kaggle.com/competitions/fixing-the-poisoned-well/discussion/link-to-blog
pub_fc_29_42,0.0,https://www.kaggle.com/competitions/fixing-the-poisoned-well/discussion/link-to-blog
pub_fc_29_43,0.0,https://www.kaggle.com/competitions/fixing-the-poisoned-well/discussion/link-to-blog
pub_fc_29_44,0.0,https://www.kaggle.com/competitions/fixing-the-poisoned-well/discussion/link-to-blog
pub_fc_29_45,0.0,https://www.kaggle.com/competitions/fixing-the-poisoned-well/discussion/link-to-blog
pub_fc_29_46,0.0,https://www.kaggle.com/competitions/fixing-the-poisoned-well/discussion/link-to-blog
pub_fc_29_47,0.0,https://www.kaggle.com/competitions/fixing-the-poisoned-well/discussion/link-to-blog
pub_fc_29_48,0.0,https://www.kaggle.com/competitions/fixing-the-poisoned-well/discussion/link-to-blog
pub_fc_29_49,0.0,https://www.kaggle.com/competitions/fixing-the-poisoned-well/discussion/link-to-blog
pub_fc_29_50,0.0,https://www.kaggle.com/competitions/fixing-the-poisoned-well/discussion/link-to-blog
pub_fc_29_51,0.0,https://www.kaggle.com/competitions/fixing-the-poisoned-well/discussion/link-to-blog
pub_fc_29_52,0.0,https://www.kaggle.com/competitions/fixing-the-poisoned-well/discussion/link-to-blog
pub_fc_29_53,0.0,https://www.kaggle.com/competitions/fixing-the-poisoned-well/discussion/link-to-blog
pub_fc_29_54,0.0,https://www.kaggle.com/competitions/fixing-the-poisoned-well/discussion/link-to-blog
pub_fc_29_55,0.0,https://www.kaggle.com/competitions/fixing-the-poisoned-well/discussion/link-to-blog
pub_fc_30_0,0.0,https://www.kaggle.com/competitions/fixing-the-poisoned-well/discussion/link-to-blog
pub_fc_30_1,0.0,https://www.kaggle.com/competitions/fixing-the-poisoned-well/discussion/link-to-blog
pub_fc_30_2,0.0,https://www.kaggle.com/competitions/fixing-the-poisoned-well/discussion/link-to-blog
pub_fc_30_3,0.0,https://www.kaggle.com/competitions/fixing-the-poisoned-well/discussion/link-to-blog
pub_fc_30_4,0.0,https://www.kaggle.com/competitions/fixing-the-poisoned-well/discussion/link-to-blog
pub_fc_30_5,0.0,https://www.kaggle.com/competitions/fixing-the-poisoned-well/discussion/link-to-blog
pub_fc_30_6,0.0,https://www.kaggle.com/competitions/fixing-the-poisoned-well/discussion/link-to-blog
pub_fc_30_7,0.0,https://www.kaggle.com/competitions/fixing-the-poisoned-well/discussion/link-to-blog
pub_fc_30_8,0.0,https://www.kaggle.com/competitions/fixing-the-poisoned-well/discussion/link-to-blog
pub_fc_30_9,0.0,https://www.kaggle.com/competitions/fixing-the-poisoned-well/discussion/link-to-blog
pub_fc_30_10,0.0,https://www.kaggle.com/competitions/fixing-the-poisoned-well/discussion/link-to-blog
pub_fc_30_11,0.0,https://www.kaggle.com/competitions/fixing-the-poisoned-well/discussion/link-to-blog
pub_fc_30_12,0.0,https://www.kaggle.com/competitions/fixing-the-poisoned-well/discussion/link-to-blog
pub_fc_30_13,0.0,https://www.kaggle.com/competitions/fixing-the-poisoned-well/discussion/link-to-blog
pub_fc_30_14,0.0,https://www.kaggle.com/competitions/fixing-the-poisoned-well/discussion/link-to-blog
pub_fc_30_15,0.0,https://www.kaggle.com/competitions/fixing-the-poisoned-well/discussion/link-to-blog
pub_fc_30_16,0.0,https://www.kaggle.com/competitions/fixing-the-poisoned-well/discussion/link-to-blog
pub_fc_30_17,0.0,https://www.kaggle.com/competitions/fixing-the-poisoned-well/discussion/link-to-blog
pub_fc_30_18,0.0,https://www.kaggle.com/competitions/fixing-the-poisoned-well/discussion/link-to-blog
pub_fc_30_19,0.0,https://www.kaggle.com/competitions/fixing-the-poisoned-well/discussion/link-to-blog
pub_fc_30_20,0.0,https://www.kaggle.com/competitions/fixing-the-poisoned-well/discussion/link-to-blog
pub_fc_30_21,0.0,https://www.kaggle.com/competitions/fixing-the-poisoned-well/discussion/link-to-blog
pub_fc_30_22,0.0,https://www.kaggle.com/competitions/fixing-the-poisoned-well/discussion/link-to-blog
pub_fc_30_23,0.0,https://www.kaggle.com/competitions/fixing-the-poisoned-well/discussion/link-to-blog
pub_fc_30_24,0.0,https://www.kaggle.com/competitions/fixing-the-poisoned-well/discussion/link-to-blog
pub_fc_30_25,0.0,https://www.kaggle.com/competitions/fixing-the-poisoned-well/discussion/link-to-blog
pub_fc_30_26,0.0,https://www.kaggle.com/competitions/fixing-the-poisoned-well/discussion/link-to-blog
pub_fc_30_27,0.0,https://www.kaggle.com/competitions/fixing-the-poisoned-well/discussion/link-to-blog
pub_fc_30_28,0.0,https://www.kaggle.com/competitions/fixing-the-poisoned-well/discussion/link-to-blog
pub_fc_30_29,0.0,https://www.kaggle.com/competitions/fixing-the-poisoned-well/discussion/link-to-blog
pub_fc_30_30,0.0,https://www.kaggle.com/competitions/fixing-the-poisoned-well/discussion/link-to-blog
pub_fc_30_31,0.0,https://www.kaggle.com/competitions/fixing-the-poisoned-well/discussion/link-to-blog
pub_fc_30_32,0.0,https://www.kaggle.com/competitions/fixing-the-poisoned-well/discussion/link-to-blog
pub_fc_30_33,0.0,https://www.kaggle.com/competitions/fixing-the-poisoned-well/discussion/link-to-blog
pub_fc_30_34,0.0,https://www.kaggle.com/competitions/fixing-the-poisoned-well/discussion/link-to-blog
pub_fc_30_35,0.0,https://www.kaggle.com/competitions/fixing-the-poisoned-well/discussion/link-to-blog
pub_fc_30_36,0.0,https://www.kaggle.com/competitions/fixing-the-poisoned-well/discussion/link-to-blog
pub_fc_30_37,0.0,https://www.kaggle.com/competitions/fixing-the-poisoned-well/discussion/link-to-blog
pub_fc_30_38,0.0,https://www.kaggle.com/competitions/fixing-the-poisoned-well/discussion/link-to-blog
pub_fc_30_39,0.0,https://www.kaggle.com/competitions/fixing-the-poisoned-well/discussion/link-to-blog
pub_fc_30_40,0.0,https://www.kaggle.com/competitions/fixing-the-poisoned-well/discussion/link-to-blog
pub_fc_30_41,0.0,https://www.kaggle.com/competitions/fixing-the-poisoned-well/discussion/link-to-blog
pub_fc_30_42,0.0,https://www.kaggle.com/competitions/fixing-the-poisoned-well/discussion/link-to-blog
pub_fc_30_43,0.0,https://www.kaggle.com/competitions/fixing-the-poisoned-well/discussion/link-to-blog
pub_fc_30_44,0.0,https://www.kaggle.com/competitions/fixing-the-poisoned-well/discussion/link-to-blog
pub_fc_30_45,0.0,https://www.kaggle.com/competitions/fixing-the-poisoned-well/discussion/link-to-blog
pub_fc_30_46,0.0,https://www.kaggle.com/competitions/fixing-the-poisoned-well/discussion/link-to-blog
pub_fc_30_47,0.0,https://www.kaggle.com/competitions/fixing-the-poisoned-well/discussion/link-to-blog
pub_fc_30_48,0.0,https://www.kaggle.com/competitions/fixing-the-poisoned-well/discussion/link-to-blog
pub_fc_30_49,0.0,https://www.kaggle.com/competitions/fixing-the-poisoned-well/discussion/link-to-blog
pub_fc_30_50,0.0,https://www.kaggle.com/competitions/fixing-the-poisoned-well/discussion/link-to-blog
pub_fc_30_51,0.0,https://www.kaggle.com/competitions/fixing-the-poisoned-well/discussion/link-to-blog
pub_fc_30_52,0.0,https://www.kaggle.com/competitions/fixing-the-poisoned-well/discussion/link-to-blog
pub_fc_30_53,0.0,https://www.kaggle.com/competitions/fixing-the-poisoned-well/discussion/link-to-blog
pub_fc_30_54,0.0,https://www.kaggle.com/competitions/fixing-the-poisoned-well/discussion/link-to-blog
pub_fc_30_55,0.0,https://www.kaggle.com/competitions/fixing-the-poisoned-well/discussion/link-to-blog
pub_fc_31_0,0.0,https://www.kaggle.com/competitions/fixing-the-poisoned-well/discussion/link-to-blog
pub_fc_31_1,0.0,https://www.kaggle.com/competitions/fixing-the-poisoned-well/discussion/link-to-blog
pub_fc_31_2,0.0,https://www.kaggle.com/competitions/fixing-the-poisoned-well/discussion/link-to-blog
pub_fc_31_3,0.0,https://www.kaggle.com/competitions/fixing-the-poisoned-well/discussion/link-to-blog
pub_fc_31_4,0.0,https://www.kaggle.com/competitions/fixing-the-poisoned-well/discussion/link-to-blog
pub_fc_31_5,0.0,https://www.kaggle.com/competitions/fixing-the-poisoned-well/discussion/link-to-blog
pub_fc_31_6,0.0,https://www.kaggle.com/competitions/fixing-the-poisoned-well/discussion/link-to-blog
pub_fc_31_7,0.0,https://www.kaggle.com/competitions/fixing-the-poisoned-well/discussion/link-to-blog
pub_fc_31_8,0.0,https://www.kaggle.com/competitions/fixing-the-poisoned-well/discussion/link-to-blog
pub_fc_31_9,0.0,https://www.kaggle.com/competitions/fixing-the-poisoned-well/discussion/link-to-blog
pub_fc_31_10,0.0,https://www.kaggle.com/competitions/fixing-the-poisoned-well/discussion/link-to-blog
pub_fc_31_11,0.0,https://www.kaggle.com/competitions/fixing-the-poisoned-well/discussion/link-to-blog
pub_fc_31_12,0.0,https://www.kaggle.com/competitions/fixing-the-poisoned-well/discussion/link-to-blog
pub_fc_31_13,0.0,https://www.kaggle.com/competitions/fixing-the-poisoned-well/discussion/link-to-blog
pub_fc_31_14,0.0,https://www.kaggle.com/competitions/fixing-the-poisoned-well/discussion/link-to-blog
pub_fc_31_15,0.0,https://www.kaggle.com/competitions/fixing-the-poisoned-well/discussion/link-to-blog
pub_fc_31_16,0.0,https://www.kaggle.com/competitions/fixing-the-poisoned-well/discussion/link-to-blog
pub_fc_31_17,0.0,https://www.kaggle.com/competitions/fixing-the-poisoned-well/discussion/link-to-blog
pub_fc_31_18,0.0,https://www.kaggle.com/competitions/fixing-the-poisoned-well/discussion/link-to-blog
pub_fc_31_19,0.0,https://www.kaggle.com/competitions/fixing-the-poisoned-well/discussion/link-to-blog
pub_fc_31_20,0.0,https://www.kaggle.com/competitions/fixing-the-poisoned-well/discussion/link-to-blog
pub_fc_31_21,0.0,https://www.kaggle.com/competitions/fixing-the-poisoned-well/discussion/link-to-blog
pub_fc_31_22,0.0,https://www.kaggle.com/competitions/fixing-the-poisoned-well/discussion/link-to-blog
pub_fc_31_23,0.0,https://www.kaggle.com/competitions/fixing-the-poisoned-well/discussion/link-to-blog
pub_fc_31_24,0.0,https://www.kaggle.com/competitions/fixing-the-poisoned-well/discussion/link-to-blog
pub_fc_31_25,0.0,https://www.kaggle.com/competitions/fixing-the-poisoned-well/discussion/link-to-blog
pub_fc_31_26,0.0,https://www.kaggle.com/competitions/fixing-the-poisoned-well/discussion/link-to-blog
pub_fc_31_27,0.0,https://www.kaggle.com/competitions/fixing-the-poisoned-well/discussion/link-to-blog
pub_fc_31_28,0.0,https://www.kaggle.com/competitions/fixing-the-poisoned-well/discussion/link-to-blog
pub_fc_31_29,0.0,https://www.kaggle.com/competitions/fixing-the-poisoned-well/discussion/link-to-blog
pub_fc_31_30,0.0,https://www.kaggle.com/competitions/fixing-the-poisoned-well/discussion/link-to-blog
pub_fc_31_31,0.0,https://www.kaggle.com/competitions/fixing-the-poisoned-well/discussion/link-to-blog
pub_fc_31_32,0.0,https://www.kaggle.com/competitions/fixing-the-poisoned-well/discussion/link-to-blog
pub_fc_31_33,0.0,https://www.kaggle.com/competitions/fixing-the-poisoned-well/discussion/link-to-blog
pub_fc_31_34,0.0,https://www.kaggle.com/competitions/fixing-the-poisoned-well/discussion/link-to-blog
pub_fc_31_35,0.0,https://www.kaggle.com/competitions/fixing-the-poisoned-well/discussion/link-to-blog
pub_fc_31_36,0.0,https://www.kaggle.com/competitions/fixing-the-poisoned-well/discussion/link-to-blog
pub_fc_31_37,0.0,https://www.kaggle.com/competitions/fixing-the-poisoned-well/discussion/link-to-blog
pub_fc_31_38,0.0,https://www.kaggle.com/competitions/fixing-the-poisoned-well/discussion/link-to-blog
pub_fc_31_39,0.0,https://www.kaggle.com/competitions/fixing-the-poisoned-well/discussion/link-to-blog
pub_fc_31_40,0.0,https://www.kaggle.com/competitions/fixing-the-poisoned-well/discussion/link-to-blog
pub_fc_31_41,0.0,https://www.kaggle.com/competitions/fixing-the-poisoned-well/discussion/link-to-blog
pub_fc_31_42,0.0,https://www.kaggle.com/competitions/fixing-the-poisoned-well/discussion/link-to-blog
pub_fc_31_43,0.0,https://www.kaggle.com/competitions/fixing-the-poisoned-well/discussion/link-to-blog
pub_fc_31_44,0.0,https://www.kaggle.com/competitions/fixing-the-poisoned-well/discussion/link-to-blog
pub_fc_31_45,0.0,https://www.kaggle.com/competitions/fixing-the-poisoned-well/discussion/link-to-blog
pub_fc_31_46,0.0,https://www.kaggle.com/competitions/fixing-the-poisoned-well/discussion/link-to-blog
pub_fc_31_47,0.0,https://www.kaggle.com/competitions/fixing-the-poisoned-well/discussion/link-to-blog
pub_fc_31_48,0.0,https://www.kaggle.com/competitions/fixing-the-poisoned-well/discussion/link-to-blog
pub_fc_31_49,0.0,https://www.kaggle.com/competitions/fixing-the-poisoned-well/discussion/link-to-blog
pub_fc_31_50,0.0,https://www.kaggle.com/competitions/fixing-the-poisoned-well/discussion/link-to-blog
pub_fc_31_51,0.0,https://www.kaggle.com/competitions/fixing-the-poisoned-well/discussion/link-to-blog
pub_fc_31_52,0.0,https://www.kaggle.com/competitions/fixing-the-poisoned-well/discussion/link-to-blog
pub_fc_31_53,0.0,https://www.kaggle.com/competitions/fixing-the-poisoned-well/discussion/link-to-blog
pub_fc_31_54,0.0,https://www.kaggle.com/competitions/fixing-the-poisoned-well/discussion/link-to-blog
pub_fc_31_55,0.0,https://www.kaggle.com/competitions/fixing-the-poisoned-well/discussion/link-to-blog
pub_fc_32_0,0.0,https://www.kaggle.com/competitions/fixing-the-poisoned-well/discussion/link-to-blog
pub_fc_32_1,0.0,https://www.kaggle.com/competitions/fixing-the-poisoned-well/discussion/link-to-blog
pub_fc_32_2,0.0,https://www.kaggle.com/competitions/fixing-the-poisoned-well/discussion/link-to-blog
pub_fc_32_3,0.0,https://www.kaggle.com/competitions/fixing-the-poisoned-well/discussion/link-to-blog
pub_fc_32_4,0.0,https://www.kaggle.com/competitions/fixing-the-poisoned-well/discussion/link-to-blog
pub_fc_32_5,0.0,https://www.kaggle.com/competitions/fixing-the-poisoned-well/discussion/link-to-blog
pub_fc_32_6,0.0,https://www.kaggle.com/competitions/fixing-the-poisoned-well/discussion/link-to-blog
pub_fc_32_7,0.0,https://www.kaggle.com/competitions/fixing-the-poisoned-well/discussion/link-to-blog
pub_fc_32_8,0.0,https://www.kaggle.com/competitions/fixing-the-poisoned-well/discussion/link-to-blog
pub_fc_32_9,0.0,https://www.kaggle.com/competitions/fixing-the-poisoned-well/discussion/link-to-blog
pub_fc_32_10,0.0,https://www.kaggle.com/competitions/fixing-the-poisoned-well/discussion/link-to-blog
pub_fc_32_11,0.0,https://www.kaggle.com/competitions/fixing-the-poisoned-well/discussion/link-to-blog
pub_fc_32_12,0.0,https://www.kaggle.com/competitions/fixing-the-poisoned-well/discussion/link-to-blog
pub_fc_32_13,0.0,https://www.kaggle.com/competitions/fixing-the-poisoned-well/discussion/link-to-blog
pub_fc_32_14,0.0,https://www.kaggle.com/competitions/fixing-the-poisoned-well/discussion/link-to-blog
pub_fc_32_15,0.0,https://www.kaggle.com/competitions/fixing-the-poisoned-well/discussion/link-to-blog
pub_fc_32_16,0.0,https://www.kaggle.com/competitions/fixing-the-poisoned-well/discussion/link-to-blog
pub_fc_32_17,0.0,https://www.kaggle.com/competitions/fixing-the-poisoned-well/discussion/link-to-blog
pub_fc_32_18,0.0,https://www.kaggle.com/competitions/fixing-the-poisoned-well/discussion/link-to-blog
pub_fc_32_19,0.0,https://www.kaggle.com/competitions/fixing-the-poisoned-well/discussion/link-to-blog
pub_fc_32_20,0.0,https://www.kaggle.com/competitions/fixing-the-poisoned-well/discussion/link-to-blog
pub_fc_32_21,0.0,https://www.kaggle.com/competitions/fixing-the-poisoned-well/discussion/link-to-blog
pub_fc_32_22,0.0,https://www.kaggle.com/competitions/fixing-the-poisoned-well/discussion/link-to-blog
pub_fc_32_23,0.0,https://www.kaggle.com/competitions/fixing-the-poisoned-well/discussion/link-to-blog
pub_fc_32_24,0.0,https://www.kaggle.com/competitions/fixing-the-poisoned-well/discussion/link-to-blog
pub_fc_32_25,0.0,https://www.kaggle.com/competitions/fixing-the-poisoned-well/discussion/link-to-blog
pub_fc_32_26,0.0,https://www.kaggle.com/competitions/fixing-the-poisoned-well/discussion/link-to-blog
pub_fc_32_27,0.0,https://www.kaggle.com/competitions/fixing-the-poisoned-well/discussion/link-to-blog
pub_fc_32_28,0.0,https://www.kaggle.com/competitions/fixing-the-poisoned-well/discussion/link-to-blog
pub_fc_32_29,0.0,https://www.kaggle.com/competitions/fixing-the-poisoned-well/discussion/link-to-blog
pub_fc_32_30,0.0,https://www.kaggle.com/competitions/fixing-the-poisoned-well/discussion/link-to-blog
pub_fc_32_31,0.0,https://www.kaggle.com/competitions/fixing-the-poisoned-well/discussion/link-to-blog
pub_fc_32_32,0.0,https://www.kaggle.com/competitions/fixing-the-poisoned-well/discussion/link-to-blog
pub_fc_32_33,0.0,https://www.kaggle.com/competitions/fixing-the-poisoned-well/discussion/link-to-blog
pub_fc_32_34,0.0,https://www.kaggle.com/competitions/fixing-the-poisoned-well/discussion/link-to-blog
pub_fc_32_35,0.0,https://www.kaggle.com/competitions/fixing-the-poisoned-well/discussion/link-to-blog
pub_fc_32_36,0.0,https://www.kaggle.com/competitions/fixing-the-poisoned-well/discussion/link-to-blog
pub_fc_32_37,0.0,https://www.kaggle.com/competitions/fixing-the-poisoned-well/discussion/link-to-blog
pub_fc_32_38,0.0,https://www.kaggle.com/competitions/fixing-the-poisoned-well/discussion/link-to-blog
pub_fc_32_39,0.0,https://www.kaggle.com/competitions/fixing-the-poisoned-well/discussion/link-to-blog
pub_fc_32_40,0.0,https://www.kaggle.com/competitions/fixing-the-poisoned-well/discussion/link-to-blog
pub_fc_32_41,0.0,https://www.kaggle.com/competitions/fixing-the-poisoned-well/discussion/link-to-blog
pub_fc_32_42,0.0,https://www.kaggle.com/competitions/fixing-the-poisoned-well/discussion/link-to-blog
pub_fc_32_43,0.0,https://www.kaggle.com/competitions/fixing-the-poisoned-well/discussion/link-to-blog
pub_fc_32_44,0.0,https://www.kaggle.com/competitions/fixing-the-poisoned-well/discussion/link-to-blog
pub_fc_32_45,0.0,https://www.kaggle.com/competitions/fixing-the-poisoned-well/discussion/link-to-blog
pub_fc_32_46,0.0,https://www.kaggle.com/competitions/fixing-the-poisoned-well/discussion/link-to-blog
pub_fc_32_47,0.0,https://www.kaggle.com/competitions/fixing-the-poisoned-well/discussion/link-to-blog
pub_fc_32_48,0.0,https://www.kaggle.com/competitions/fixing-the-poisoned-well/discussion/link-to-blog
pub_fc_32_49,0.0,https://www.kaggle.com/competitions/fixing-the-poisoned-well/discussion/link-to-blog
pub_fc_32_50,0.0,https://www.kaggle.com/competitions/fixing-the-poisoned-well/discussion/link-to-blog
pub_fc_32_51,0.0,https://www.kaggle.com/competitions/fixing-the-poisoned-well/discussion/link-to-blog
pub_fc_32_52,0.0,https://www.kaggle.com/competitions/fixing-the-poisoned-well/discussion/link-to-blog
pub_fc_32_53,0.0,https://www.kaggle.com/competitions/fixing-the-poisoned-well/discussion/link-to-blog
pub_fc_32_54,0.0,https://www.kaggle.com/competitions/fixing-the-poisoned-well/discussion/link-to-blog
pub_fc_32_55,0.0,https://www.kaggle.com/competitions/fixing-the-poisoned-well/discussion/link-to-blog
pub_fc_33_0,0.0,https://www.kaggle.com/competitions/fixing-the-poisoned-well/discussion/link-to-blog
pub_fc_33_1,0.0,https://www.kaggle.com/competitions/fixing-the-poisoned-well/discussion/link-to-blog
pub_fc_33_2,0.0,https://www.kaggle.com/competitions/fixing-the-poisoned-well/discussion/link-to-blog
pub_fc_33_3,0.0,https://www.kaggle.com/competitions/fixing-the-poisoned-well/discussion/link-to-blog
pub_fc_33_4,0.0,https://www.kaggle.com/competitions/fixing-the-poisoned-well/discussion/link-to-blog
pub_fc_33_5,0.0,https://www.kaggle.com/competitions/fixing-the-poisoned-well/discussion/link-to-blog
pub_fc_33_6,0.0,https://www.kaggle.com/competitions/fixing-the-poisoned-well/discussion/link-to-blog
pub_fc_33_7,0.0,https://www.kaggle.com/competitions/fixing-the-poisoned-well/discussion/link-to-blog
pub_fc_33_8,0.0,https://www.kaggle.com/competitions/fixing-the-poisoned-well/discussion/link-to-blog
pub_fc_33_9,0.0,https://www.kaggle.com/competitions/fixing-the-poisoned-well/discussion/link-to-blog
pub_fc_33_10,0.0,https://www.kaggle.com/competitions/fixing-the-poisoned-well/discussion/link-to-blog
pub_fc_33_11,0.0,https://www.kaggle.com/competitions/fixing-the-poisoned-well/discussion/link-to-blog
pub_fc_33_12,0.0,https://www.kaggle.com/competitions/fixing-the-poisoned-well/discussion/link-to-blog
pub_fc_33_13,0.0,https://www.kaggle.com/competitions/fixing-the-poisoned-well/discussion/link-to-blog
pub_fc_33_14,0.0,https://www.kaggle.com/competitions/fixing-the-poisoned-well/discussion/link-to-blog
pub_fc_33_15,0.0,https://www.kaggle.com/competitions/fixing-the-poisoned-well/discussion/link-to-blog
pub_fc_33_16,0.0,https://www.kaggle.com/competitions/fixing-the-poisoned-well/discussion/link-to-blog
pub_fc_33_17,0.0,https://www.kaggle.com/competitions/fixing-the-poisoned-well/discussion/link-to-blog
pub_fc_33_18,0.0,https://www.kaggle.com/competitions/fixing-the-poisoned-well/discussion/link-to-blog
pub_fc_33_19,0.0,https://www.kaggle.com/competitions/fixing-the-poisoned-well/discussion/link-to-blog
pub_fc_33_20,0.0,https://www.kaggle.com/competitions/fixing-the-poisoned-well/discussion/link-to-blog
pub_fc_33_21,0.0,https://www.kaggle.com/competitions/fixing-the-poisoned-well/discussion/link-to-blog
pub_fc_33_22,0.0,https://www.kaggle.com/competitions/fixing-the-poisoned-well/discussion/link-to-blog
pub_fc_33_23,0.0,https://www.kaggle.com/competitions/fixing-the-poisoned-well/discussion/link-to-blog
pub_fc_33_24,0.0,https://www.kaggle.com/competitions/fixing-the-poisoned-well/discussion/link-to-blog
pub_fc_33_25,0.0,https://www.kaggle.com/competitions/fixing-the-poisoned-well/discussion/link-to-blog
pub_fc_33_26,0.0,https://www.kaggle.com/competitions/fixing-the-poisoned-well/discussion/link-to-blog
pub_fc_33_27,0.0,https://www.kaggle.com/competitions/fixing-the-poisoned-well/discussion/link-to-blog
pub_fc_33_28,0.0,https://www.kaggle.com/competitions/fixing-the-poisoned-well/discussion/link-to-blog
pub_fc_33_29,0.0,https://www.kaggle.com/competitions/fixing-the-poisoned-well/discussion/link-to-blog
pub_fc_33_30,0.0,https://www.kaggle.com/competitions/fixing-the-poisoned-well/discussion/link-to-blog
pub_fc_33_31,0.0,https://www.kaggle.com/competitions/fixing-the-poisoned-well/discussion/link-to-blog
pub_fc_33_32,0.0,https://www.kaggle.com/competitions/fixing-the-poisoned-well/discussion/link-to-blog
pub_fc_33_33,0.0,https://www.kaggle.com/competitions/fixing-the-poisoned-well/discussion/link-to-blog
pub_fc_33_34,0.0,https://www.kaggle.com/competitions/fixing-the-poisoned-well/discussion/link-to-blog
pub_fc_33_35,0.0,https://www.kaggle.com/competitions/fixing-the-poisoned-well/discussion/link-to-blog
pub_fc_33_36,0.0,https://www.kaggle.com/competitions/fixing-the-poisoned-well/discussion/link-to-blog
pub_fc_33_37,0.0,https://www.kaggle.com/competitions/fixing-the-poisoned-well/discussion/link-to-blog
pub_fc_33_38,0.0,https://www.kaggle.com/competitions/fixing-the-poisoned-well/discussion/link-to-blog
pub_fc_33_39,0.0,https://www.kaggle.com/competitions/fixing-the-poisoned-well/discussion/link-to-blog
pub_fc_33_40,0.0,https://www.kaggle.com/competitions/fixing-the-poisoned-well/discussion/link-to-blog
pub_fc_33_41,0.0,https://www.kaggle.com/competitions/fixing-the-poisoned-well/discussion/link-to-blog
pub_fc_33_42,0.0,https://www.kaggle.com/competitions/fixing-the-poisoned-well/discussion/link-to-blog
pub_fc_33_43,0.0,https://www.kaggle.com/competitions/fixing-the-poisoned-well/discussion/link-to-blog
pub_fc_33_44,0.0,https://www.kaggle.com/competitions/fixing-the-poisoned-well/discussion/link-to-blog
pub_fc_33_45,0.0,https://www.kaggle.com/competitions/fixing-the-poisoned-well/discussion/link-to-blog
pub_fc_33_46,0.0,https://www.kaggle.com/competitions/fixing-the-poisoned-well/discussion/link-to-blog
pub_fc_33_47,0.0,https://www.kaggle.com/competitions/fixing-the-poisoned-well/discussion/link-to-blog
pub_fc_33_48,0.0,https://www.kaggle.com/competitions/fixing-the-poisoned-well/discussion/link-to-blog
pub_fc_33_49,0.0,https://www.kaggle.com/competitions/fixing-the-poisoned-well/discussion/link-to-blog
pub_fc_33_50,0.0,https://www.kaggle.com/competitions/fixing-the-poisoned-well/discussion/link-to-blog
pub_fc_33_51,0.0,https://www.kaggle.com/competitions/fixing-the-poisoned-well/discussion/link-to-blog
pub_fc_33_52,0.0,https://www.kaggle.com/competitions/fixing-the-poisoned-well/discussion/link-to-blog
pub_fc_33_53,0.0,https://www.kaggle.com/competitions/fixing-the-poisoned-well/discussion/link-to-blog
pub_fc_33_54,0.0,https://www.kaggle.com/competitions/fixing-the-poisoned-well/discussion/link-to-blog
pub_fc_33_55,0.0,https://www.kaggle.com/competitions/fixing-the-poisoned-well/discussion/link-to-blog
pub_fc_34_0,0.0,https://www.kaggle.com/competitions/fixing-the-poisoned-well/discussion/link-to-blog
pub_fc_34_1,0.0,https://www.kaggle.com/competitions/fixing-the-poisoned-well/discussion/link-to-blog
pub_fc_34_2,0.0,https://www.kaggle.com/competitions/fixing-the-poisoned-well/discussion/link-to-blog
pub_fc_34_3,0.0,https://www.kaggle.com/competitions/fixing-the-poisoned-well/discussion/link-to-blog
pub_fc_34_4,0.0,https://www.kaggle.com/competitions/fixing-the-poisoned-well/discussion/link-to-blog
pub_fc_34_5,0.0,https://www.kaggle.com/competitions/fixing-the-poisoned-well/discussion/link-to-blog
pub_fc_34_6,0.0,https://www.kaggle.com/competitions/fixing-the-poisoned-well/discussion/link-to-blog
pub_fc_34_7,0.0,https://www.kaggle.com/competitions/fixing-the-poisoned-well/discussion/link-to-blog
pub_fc_34_8,0.0,https://www.kaggle.com/competitions/fixing-the-poisoned-well/discussion/link-to-blog
pub_fc_34_9,0.0,https://www.kaggle.com/competitions/fixing-the-poisoned-well/discussion/link-to-blog
pub_fc_34_10,0.0,https://www.kaggle.com/competitions/fixing-the-poisoned-well/discussion/link-to-blog
pub_fc_34_11,0.0,https://www.kaggle.com/competitions/fixing-the-poisoned-well/discussion/link-to-blog
pub_fc_34_12,0.0,https://www.kaggle.com/competitions/fixing-the-poisoned-well/discussion/link-to-blog
pub_fc_34_13,0.0,https://www.kaggle.com/competitions/fixing-the-poisoned-well/discussion/link-to-blog
pub_fc_34_14,0.0,https://www.kaggle.com/competitions/fixing-the-poisoned-well/discussion/link-to-blog
pub_fc_34_15,0.0,https://www.kaggle.com/competitions/fixing-the-poisoned-well/discussion/link-to-blog
pub_fc_34_16,0.0,https://www.kaggle.com/competitions/fixing-the-poisoned-well/discussion/link-to-blog
pub_fc_34_17,0.0,https://www.kaggle.com/competitions/fixing-the-poisoned-well/discussion/link-to-blog
pub_fc_34_18,0.0,https://www.kaggle.com/competitions/fixing-the-poisoned-well/discussion/link-to-blog
pub_fc_34_19,0.0,https://www.kaggle.com/competitions/fixing-the-poisoned-well/discussion/link-to-blog
pub_fc_34_20,0.0,https://www.kaggle.com/competitions/fixing-the-poisoned-well/discussion/link-to-blog
pub_fc_34_21,0.0,https://www.kaggle.com/competitions/fixing-the-poisoned-well/discussion/link-to-blog
pub_fc_34_22,0.0,https://www.kaggle.com/competitions/fixing-the-poisoned-well/discussion/link-to-blog
pub_fc_34_23,0.0,https://www.kaggle.com/competitions/fixing-the-poisoned-well/discussion/link-to-blog
pub_fc_34_24,0.0,https://www.kaggle.com/competitions/fixing-the-poisoned-well/discussion/link-to-blog
pub_fc_34_25,0.0,https://www.kaggle.com/competitions/fixing-the-poisoned-well/discussion/link-to-blog
pub_fc_34_26,0.0,https://www.kaggle.com/competitions/fixing-the-poisoned-well/discussion/link-to-blog
pub_fc_34_27,0.0,https://www.kaggle.com/competitions/fixing-the-poisoned-well/discussion/link-to-blog
pub_fc_34_28,0.0,https://www.kaggle.com/competitions/fixing-the-poisoned-well/discussion/link-to-blog
pub_fc_34_29,0.0,https://www.kaggle.com/competitions/fixing-the-poisoned-well/discussion/link-to-blog
pub_fc_34_30,0.0,https://www.kaggle.com/competitions/fixing-the-poisoned-well/discussion/link-to-blog
pub_fc_34_31,0.0,https://www.kaggle.com/competitions/fixing-the-poisoned-well/discussion/link-to-blog
pub_fc_34_32,0.0,https://www.kaggle.com/competitions/fixing-the-poisoned-well/discussion/link-to-blog
pub_fc_34_33,0.0,https://www.kaggle.com/competitions/fixing-the-poisoned-well/discussion/link-to-blog
pub_fc_34_34,0.0,https://www.kaggle.com/competitions/fixing-the-poisoned-well/discussion/link-to-blog
pub_fc_34_35,0.0,https://www.kaggle.com/competitions/fixing-the-poisoned-well/discussion/link-to-blog
pub_fc_34_36,0.0,https://www.kaggle.com/competitions/fixing-the-poisoned-well/discussion/link-to-blog
pub_fc_34_37,0.0,https://www.kaggle.com/competitions/fixing-the-poisoned-well/discussion/link-to-blog
pub_fc_34_38,0.0,https://www.kaggle.com/competitions/fixing-the-poisoned-well/discussion/link-to-blog
pub_fc_34_39,0.0,https://www.kaggle.com/competitions/fixing-the-poisoned-well/discussion/link-to-blog
pub_fc_34_40,0.0,https://www.kaggle.com/competitions/fixing-the-poisoned-well/discussion/link-to-blog
pub_fc_34_41,0.0,https://www.kaggle.com/competitions/fixing-the-poisoned-well/discussion/link-to-blog
pub_fc_34_42,0.0,https://www.kaggle.com/competitions/fixing-the-poisoned-well/discussion/link-to-blog
pub_fc_34_43,0.0,https://www.kaggle.com/competitions/fixing-the-poisoned-well/discussion/link-to-blog
pub_fc_34_44,0.0,https://www.kaggle.com/competitions/fixing-the-poisoned-well/discussion/link-to-blog
pub_fc_34_45,0.0,https://www.kaggle.com/competitions/fixing-the-poisoned-well/discussion/link-to-blog
pub_fc_34_46,0.0,https://www.kaggle.com/competitions/fixing-the-poisoned-well/discussion/link-to-blog
pub_fc_34_47,0.0,https://www.kaggle.com/competitions/fixing-the-poisoned-well/discussion/link-to-blog
pub_fc_34_48,0.0,https://www.kaggle.com/competitions/fixing-the-poisoned-well/discussion/link-to-blog
pub_fc_34_49,0.0,https://www.kaggle.com/competitions/fixing-the-poisoned-well/discussion/link-to-blog
pub_fc_34_50,0.0,https://www.kaggle.com/competitions/fixing-the-poisoned-well/discussion/link-to-blog
pub_fc_34_51,0.0,https://www.kaggle.com/competitions/fixing-the-poisoned-well/discussion/link-to-blog
pub_fc_34_52,0.0,https://www.kaggle.com/competitions/fixing-the-poisoned-well/discussion/link-to-blog
pub_fc_34_53,0.0,https://www.kaggle.com/competitions/fixing-the-poisoned-well/discussion/link-to-blog
pub_fc_34_54,0.0,https://www.kaggle.com/competitions/fixing-the-poisoned-well/discussion/link-to-blog
pub_fc_34_55,0.0,https://www.kaggle.com/competitions/fixing-the-poisoned-well/discussion/link-to-blog
pub_fc_35_0,0.0,https://www.kaggle.com/competitions/fixing-the-poisoned-well/discussion/link-to-blog
pub_fc_35_1,0.0,https://www.kaggle.com/competitions/fixing-the-poisoned-well/discussion/link-to-blog
pub_fc_35_2,0.0,https://www.kaggle.com/competitions/fixing-the-poisoned-well/discussion/link-to-blog
pub_fc_35_3,0.0,https://www.kaggle.com/competitions/fixing-the-poisoned-well/discussion/link-to-blog
pub_fc_35_4,0.0,https://www.kaggle.com/competitions/fixing-the-poisoned-well/discussion/link-to-blog
pub_fc_35_5,0.0,https://www.kaggle.com/competitions/fixing-the-poisoned-well/discussion/link-to-blog
pub_fc_35_6,0.0,https://www.kaggle.com/competitions/fixing-the-poisoned-well/discussion/link-to-blog
pub_fc_35_7,0.0,https://www.kaggle.com/competitions/fixing-the-poisoned-well/discussion/link-to-blog
pub_fc_35_8,0.0,https://www.kaggle.com/competitions/fixing-the-poisoned-well/discussion/link-to-blog
pub_fc_35_9,0.0,https://www.kaggle.com/competitions/fixing-the-poisoned-well/discussion/link-to-blog
pub_fc_35_10,0.0,https://www.kaggle.com/competitions/fixing-the-poisoned-well/discussion/link-to-blog
pub_fc_35_11,0.0,https://www.kaggle.com/competitions/fixing-the-poisoned-well/discussion/link-to-blog
pub_fc_35_12,0.0,https://www.kaggle.com/competitions/fixing-the-poisoned-well/discussion/link-to-blog
pub_fc_35_13,0.0,https://www.kaggle.com/competitions/fixing-the-poisoned-well/discussion/link-to-blog
pub_fc_35_14,0.0,https://www.kaggle.com/competitions/fixing-the-poisoned-well/discussion/link-to-blog
pub_fc_35_15,0.0,https://www.kaggle.com/competitions/fixing-the-poisoned-well/discussion/link-to-blog
pub_fc_35_16,0.0,https://www.kaggle.com/competitions/fixing-the-poisoned-well/discussion/link-to-blog
pub_fc_35_17,0.0,https://www.kaggle.com/competitions/fixing-the-poisoned-well/discussion/link-to-blog
pub_fc_35_18,0.0,https://www.kaggle.com/competitions/fixing-the-poisoned-well/discussion/link-to-blog
pub_fc_35_19,0.0,https://www.kaggle.com/competitions/fixing-the-poisoned-well/discussion/link-to-blog
pub_fc_35_20,0.0,https://www.kaggle.com/competitions/fixing-the-poisoned-well/discussion/link-to-blog
pub_fc_35_21,0.0,https://www.kaggle.com/competitions/fixing-the-poisoned-well/discussion/link-to-blog
pub_fc_35_22,0.0,https://www.kaggle.com/competitions/fixing-the-poisoned-well/discussion/link-to-blog
pub_fc_35_23,0.0,https://www.kaggle.com/competitions/fixing-the-poisoned-well/discussion/link-to-blog
pub_fc_35_24,0.0,https://www.kaggle.com/competitions/fixing-the-poisoned-well/discussion/link-to-blog
pub_fc_35_25,0.0,https://www.kaggle.com/competitions/fixing-the-poisoned-well/discussion/link-to-blog
pub_fc_35_26,0.0,https://www.kaggle.com/competitions/fixing-the-poisoned-well/discussion/link-to-blog
pub_fc_35_27,0.0,https://www.kaggle.com/competitions/fixing-the-poisoned-well/discussion/link-to-blog
pub_fc_35_28,0.0,https://www.kaggle.com/competitions/fixing-the-poisoned-well/discussion/link-to-blog
pub_fc_35_29,0.0,https://www.kaggle.com/competitions/fixing-the-poisoned-well/discussion/link-to-blog
pub_fc_35_30,0.0,https://www.kaggle.com/competitions/fixing-the-poisoned-well/discussion/link-to-blog
pub_fc_35_31,0.0,https://www.kaggle.com/competitions/fixing-the-poisoned-well/discussion/link-to-blog
pub_fc_35_32,0.0,https://www.kaggle.com/competitions/fixing-the-poisoned-well/discussion/link-to-blog
pub_fc_35_33,0.0,https://www.kaggle.com/competitions/fixing-the-poisoned-well/discussion/link-to-blog
pub_fc_35_34,0.0,https://www.kaggle.com/competitions/fixing-the-poisoned-well/discussion/link-to-blog
pub_fc_35_35,0.0,https://www.kaggle.com/competitions/fixing-the-poisoned-well/discussion/link-to-blog
pub_fc_35_36,0.0,https://www.kaggle.com/competitions/fixing-the-poisoned-well/discussion/link-to-blog
pub_fc_35_37,0.0,https://www.kaggle.com/competitions/fixing-the-poisoned-well/discussion/link-to-blog
pub_fc_35_38,0.0,https://www.kaggle.com/competitions/fixing-the-poisoned-well/discussion/link-to-blog
pub_fc_35_39,0.0,https://www.kaggle.com/competitions/fixing-the-poisoned-well/discussion/link-to-blog
pub_fc_35_40,0.0,https://www.kaggle.com/competitions/fixing-the-poisoned-well/discussion/link-to-blog
pub_fc_35_41,0.0,https://www.kaggle.com/competitions/fixing-the-poisoned-well/discussion/link-to-blog
pub_fc_35_42,0.0,https://www.kaggle.com/competitions/fixing-the-poisoned-well/discussion/link-to-blog
pub_fc_35_43,0.0,https://www.kaggle.com/competitions/fixing-the-poisoned-well/discussion/link-to-blog
pub_fc_35_44,0.0,https://www.kaggle.com/competitions/fixing-the-poisoned-well/discussion/link-to-blog
pub_fc_35_45,0.0,https://www.kaggle.com/competitions/fixing-the-poisoned-well/discussion/link-to-blog
pub_fc_35_46,0.0,https://www.kaggle.com/competitions/fixing-the-poisoned-well/discussion/link-to-blog
pub_fc_35_47,0.0,https://www.kaggle.com/competitions/fixing-the-poisoned-well/discussion/link-to-blog
pub_fc_35_48,0.0,https://www.kaggle.com/competitions/fixing-the-poisoned-well/discussion/link-to-blog
pub_fc_35_49,0.0,https://www.kaggle.com/competitions/fixing-the-poisoned-well/discussion/link-to-blog
pub_fc_35_50,0.0,https://www.kaggle.com/competitions/fixing-the-poisoned-well/discussion/link-to-blog
pub_fc_35_51,0.0,https://www.kaggle.com/competitions/fixing-the-poisoned-well/discussion/link-to-blog
pub_fc_35_52,0.0,https://www.kaggle.com/competitions/fixing-the-poisoned-well/discussion/link-to-blog
pub_fc_35_53,0.0,https://www.kaggle.com/competitions/fixing-the-poisoned-well/discussion/link-to-blog
pub_fc_35_54,0.0,https://www.kaggle.com/competitions/fixing-the-poisoned-well/discussion/link-to-blog
pub_fc_35_55,0.0,https://www.kaggle.com/competitions/fixing-the-poisoned-well/discussion/link-to-blog
pub_fc_36_0,0.0,https://www.kaggle.com/competitions/fixing-the-poisoned-well/discussion/link-to-blog
pub_fc_36_1,0.0,https://www.kaggle.com/competitions/fixing-the-poisoned-well/discussion/link-to-blog
pub_fc_36_2,0.0,https://www.kaggle.com/competitions/fixing-the-poisoned-well/discussion/link-to-blog
pub_fc_36_3,0.0,https://www.kaggle.com/competitions/fixing-the-poisoned-well/discussion/link-to-blog
pub_fc_36_4,0.0,https://www.kaggle.com/competitions/fixing-the-poisoned-well/discussion/link-to-blog
pub_fc_36_5,0.0,https://www.kaggle.com/competitions/fixing-the-poisoned-well/discussion/link-to-blog
pub_fc_36_6,0.0,https://www.kaggle.com/competitions/fixing-the-poisoned-well/discussion/link-to-blog
pub_fc_36_7,0.0,https://www.kaggle.com/competitions/fixing-the-poisoned-well/discussion/link-to-blog
pub_fc_36_8,0.0,https://www.kaggle.com/competitions/fixing-the-poisoned-well/discussion/link-to-blog
pub_fc_36_9,0.0,https://www.kaggle.com/competitions/fixing-the-poisoned-well/discussion/link-to-blog
pub_fc_36_10,0.0,https://www.kaggle.com/competitions/fixing-the-poisoned-well/discussion/link-to-blog
pub_fc_36_11,0.0,https://www.kaggle.com/competitions/fixing-the-poisoned-well/discussion/link-to-blog
pub_fc_36_12,0.0,https://www.kaggle.com/competitions/fixing-the-poisoned-well/discussion/link-to-blog
pub_fc_36_13,0.0,https://www.kaggle.com/competitions/fixing-the-poisoned-well/discussion/link-to-blog
pub_fc_36_14,0.0,https://www.kaggle.com/competitions/fixing-the-poisoned-well/discussion/link-to-blog
pub_fc_36_15,0.0,https://www.kaggle.com/competitions/fixing-the-poisoned-well/discussion/link-to-blog
pub_fc_36_16,0.0,https://www.kaggle.com/competitions/fixing-the-poisoned-well/discussion/link-to-blog
pub_fc_36_17,0.0,https://www.kaggle.com/competitions/fixing-the-poisoned-well/discussion/link-to-blog
pub_fc_36_18,0.0,https://www.kaggle.com/competitions/fixing-the-poisoned-well/discussion/link-to-blog
pub_fc_36_19,0.0,https://www.kaggle.com/competitions/fixing-the-poisoned-well/discussion/link-to-blog
pub_fc_36_20,0.0,https://www.kaggle.com/competitions/fixing-the-poisoned-well/discussion/link-to-blog
pub_fc_36_21,0.0,https://www.kaggle.com/competitions/fixing-the-poisoned-well/discussion/link-to-blog
pub_fc_36_22,0.0,https://www.kaggle.com/competitions/fixing-the-poisoned-well/discussion/link-to-blog
pub_fc_36_23,0.0,https://www.kaggle.com/competitions/fixing-the-poisoned-well/discussion/link-to-blog
pub_fc_36_24,0.0,https://www.kaggle.com/competitions/fixing-the-poisoned-well/discussion/link-to-blog
pub_fc_36_25,0.0,https://www.kaggle.com/competitions/fixing-the-poisoned-well/discussion/link-to-blog
pub_fc_36_26,0.0,https://www.kaggle.com/competitions/fixing-the-poisoned-well/discussion/link-to-blog
pub_fc_36_27,0.0,https://www.kaggle.com/competitions/fixing-the-poisoned-well/discussion/link-to-blog
pub_fc_36_28,0.0,https://www.kaggle.com/competitions/fixing-the-poisoned-well/discussion/link-to-blog
pub_fc_36_29,0.0,https://www.kaggle.com/competitions/fixing-the-poisoned-well/discussion/link-to-blog
pub_fc_36_30,0.0,https://www.kaggle.com/competitions/fixing-the-poisoned-well/discussion/link-to-blog
pub_fc_36_31,0.0,https://www.kaggle.com/competitions/fixing-the-poisoned-well/discussion/link-to-blog
pub_fc_36_32,0.0,https://www.kaggle.com/competitions/fixing-the-poisoned-well/discussion/link-to-blog
pub_fc_36_33,0.0,https://www.kaggle.com/competitions/fixing-the-poisoned-well/discussion/link-to-blog
pub_fc_36_34,0.0,https://www.kaggle.com/competitions/fixing-the-poisoned-well/discussion/link-to-blog
pub_fc_36_35,0.0,https://www.kaggle.com/competitions/fixing-the-poisoned-well/discussion/link-to-blog
pub_fc_36_36,0.0,https://www.kaggle.com/competitions/fixing-the-poisoned-well/discussion/link-to-blog
pub_fc_36_37,0.0,https://www.kaggle.com/competitions/fixing-the-poisoned-well/discussion/link-to-blog
pub_fc_36_38,0.0,https://www.kaggle.com/competitions/fixing-the-poisoned-well/discussion/link-to-blog
pub_fc_36_39,0.0,https://www.kaggle.com/competitions/fixing-the-poisoned-well/discussion/link-to-blog
pub_fc_36_40,0.0,https://www.kaggle.com/competitions/fixing-the-poisoned-well/discussion/link-to-blog
pub_fc_36_41,0.0,https://www.kaggle.com/competitions/fixing-the-poisoned-well/discussion/link-to-blog
pub_fc_36_42,0.0,https://www.kaggle.com/competitions/fixing-the-poisoned-well/discussion/link-to-blog
pub_fc_36_43,0.0,https://www.kaggle.com/competitions/fixing-the-poisoned-well/discussion/link-to-blog
pub_fc_36_44,0.0,https://www.kaggle.com/competitions/fixing-the-poisoned-well/discussion/link-to-blog
pub_fc_36_45,0.0,https://www.kaggle.com/competitions/fixing-the-poisoned-well/discussion/link-to-blog
pub_fc_36_46,0.0,https://www.kaggle.com/competitions/fixing-the-poisoned-well/discussion/link-to-blog
pub_fc_36_47,0.0,https://www.kaggle.com/competitions/fixing-the-poisoned-well/discussion/link-to-blog
pub_fc_36_48,0.0,https://www.kaggle.com/competitions/fixing-the-poisoned-well/discussion/link-to-blog
pub_fc_36_49,0.0,https://www.kaggle.com/competitions/fixing-the-poisoned-well/discussion/link-to-blog
pub_fc_36_50,0.0,https://www.kaggle.com/competitions/fixing-the-poisoned-well/discussion/link-to-blog
pub_fc_36_51,0.0,https://www.kaggle.com/competitions/fixing-the-poisoned-well/discussion/link-to-blog
pub_fc_36_52,0.0,https://www.kaggle.com/competitions/fixing-the-poisoned-well/discussion/link-to-blog
pub_fc_36_53,0.0,https://www.kaggle.com/competitions/fixing-the-poisoned-well/discussion/link-to-blog
pub_fc_36_54,0.0,https://www.kaggle.com/competitions/fixing-the-poisoned-well/discussion/link-to-blog
pub_fc_36_55,0.0,https://www.kaggle.com/competitions/fixing-the-poisoned-well/discussion/link-to-blog
pub_fc_37_0,0.0,https://www.kaggle.com/competitions/fixing-the-poisoned-well/discussion/link-to-blog
pub_fc_37_1,0.0,https://www.kaggle.com/competitions/fixing-the-poisoned-well/discussion/link-to-blog
pub_fc_37_2,0.0,https://www.kaggle.com/competitions/fixing-the-poisoned-well/discussion/link-to-blog
pub_fc_37_3,0.0,https://www.kaggle.com/competitions/fixing-the-poisoned-well/discussion/link-to-blog
pub_fc_37_4,0.0,https://www.kaggle.com/competitions/fixing-the-poisoned-well/discussion/link-to-blog
pub_fc_37_5,0.0,https://www.kaggle.com/competitions/fixing-the-poisoned-well/discussion/link-to-blog
pub_fc_37_6,0.0,https://www.kaggle.com/competitions/fixing-the-poisoned-well/discussion/link-to-blog
pub_fc_37_7,0.0,https://www.kaggle.com/competitions/fixing-the-poisoned-well/discussion/link-to-blog
pub_fc_37_8,0.0,https://www.kaggle.com/competitions/fixing-the-poisoned-well/discussion/link-to-blog
pub_fc_37_9,0.0,https://www.kaggle.com/competitions/fixing-the-poisoned-well/discussion/link-to-blog
pub_fc_37_10,0.0,https://www.kaggle.com/competitions/fixing-the-poisoned-well/discussion/link-to-blog
pub_fc_37_11,0.0,https://www.kaggle.com/competitions/fixing-the-poisoned-well/discussion/link-to-blog
pub_fc_37_12,0.0,https://www.kaggle.com/competitions/fixing-the-poisoned-well/discussion/link-to-blog
pub_fc_37_13,0.0,https://www.kaggle.com/competitions/fixing-the-poisoned-well/discussion/link-to-blog
pub_fc_37_14,0.0,https://www.kaggle.com/competitions/fixing-the-poisoned-well/discussion/link-to-blog
pub_fc_37_15,0.0,https://www.kaggle.com/competitions/fixing-the-poisoned-well/discussion/link-to-blog
pub_fc_37_16,0.0,https://www.kaggle.com/competitions/fixing-the-poisoned-well/discussion/link-to-blog
pub_fc_37_17,0.0,https://www.kaggle.com/competitions/fixing-the-poisoned-well/discussion/link-to-blog
pub_fc_37_18,0.0,https://www.kaggle.com/competitions/fixing-the-poisoned-well/discussion/link-to-blog
pub_fc_37_19,0.0,https://www.kaggle.com/competitions/fixing-the-poisoned-well/discussion/link-to-blog
pub_fc_37_20,0.0,https://www.kaggle.com/competitions/fixing-the-poisoned-well/discussion/link-to-blog
pub_fc_37_21,0.0,https://www.kaggle.com/competitions/fixing-the-poisoned-well/discussion/link-to-blog
pub_fc_37_22,0.0,https://www.kaggle.com/competitions/fixing-the-poisoned-well/discussion/link-to-blog
pub_fc_37_23,0.0,https://www.kaggle.com/competitions/fixing-the-poisoned-well/discussion/link-to-blog
pub_fc_37_24,0.0,https://www.kaggle.com/competitions/fixing-the-poisoned-well/discussion/link-to-blog
pub_fc_37_25,0.0,https://www.kaggle.com/competitions/fixing-the-poisoned-well/discussion/link-to-blog
pub_fc_37_26,0.0,https://www.kaggle.com/competitions/fixing-the-poisoned-well/discussion/link-to-blog
pub_fc_37_27,0.0,https://www.kaggle.com/competitions/fixing-the-poisoned-well/discussion/link-to-blog
pub_fc_37_28,0.0,https://www.kaggle.com/competitions/fixing-the-poisoned-well/discussion/link-to-blog
pub_fc_37_29,0.0,https://www.kaggle.com/competitions/fixing-the-poisoned-well/discussion/link-to-blog
pub_fc_37_30,0.0,https://www.kaggle.com/competitions/fixing-the-poisoned-well/discussion/link-to-blog
pub_fc_37_31,0.0,https://www.kaggle.com/competitions/fixing-the-poisoned-well/discussion/link-to-blog
pub_fc_37_32,0.0,https://www.kaggle.com/competitions/fixing-the-poisoned-well/discussion/link-to-blog
pub_fc_37_33,0.0,https://www.kaggle.com/competitions/fixing-the-poisoned-well/discussion/link-to-blog
pub_fc_37_34,0.0,https://www.kaggle.com/competitions/fixing-the-poisoned-well/discussion/link-to-blog
pub_fc_37_35,0.0,https://www.kaggle.com/competitions/fixing-the-poisoned-well/discussion/link-to-blog
pub_fc_37_36,0.0,https://www.kaggle.com/competitions/fixing-the-poisoned-well/discussion/link-to-blog
pub_fc_37_37,0.0,https://www.kaggle.com/competitions/fixing-the-poisoned-well/discussion/link-to-blog
pub_fc_37_38,0.0,https://www.kaggle.com/competitions/fixing-the-poisoned-well/discussion/link-to-blog
pub_fc_37_39,0.0,https://www.kaggle.com/competitions/fixing-the-poisoned-well/discussion/link-to-blog
pub_fc_37_40,0.0,https://www.kaggle.com/competitions/fixing-the-poisoned-well/discussion/link-to-blog
pub_fc_37_41,0.0,https://www.kaggle.com/competitions/fixing-the-poisoned-well/discussion/link-to-blog
pub_fc_37_42,0.0,https://www.kaggle.com/competitions/fixing-the-poisoned-well/discussion/link-to-blog
pub_fc_37_43,0.0,https://www.kaggle.com/competitions/fixing-the-poisoned-well/discussion/link-to-blog
pub_fc_37_44,0.0,https://www.kaggle.com/competitions/fixing-the-poisoned-well/discussion/link-to-blog
pub_fc_37_45,0.0,https://www.kaggle.com/competitions/fixing-the-poisoned-well/discussion/link-to-blog
pub_fc_37_46,0.0,https://www.kaggle.com/competitions/fixing-the-poisoned-well/discussion/link-to-blog
pub_fc_37_47,0.0,https://www.kaggle.com/competitions/fixing-the-poisoned-well/discussion/link-to-blog
pub_fc_37_48,0.0,https://www.kaggle.com/competitions/fixing-the-poisoned-well/discussion/link-to-blog
pub_fc_37_49,0.0,https://www.kaggle.com/competitions/fixing-the-poisoned-well/discussion/link-to-blog
pub_fc_37_50,0.0,https://www.kaggle.com/competitions/fixing-the-poisoned-well/discussion/link-to-blog
pub_fc_37_51,0.0,https://www.kaggle.com/competitions/fixing-the-poisoned-well/discussion/link-to-blog
pub_fc_37_52,0.0,https://www.kaggle.com/competitions/fixing-the-poisoned-well/discussion/link-to-blog
pub_fc_37_53,0.0,https://www.kaggle.com/competitions/fixing-the-poisoned-well/discussion/link-to-blog
pub_fc_37_54,0.0,https://www.kaggle.com/competitions/fixing-the-poisoned-well/discussion/link-to-blog
pub_fc_37_55,0.0,https://www.kaggle.com/competitions/fixing-the-poisoned-well/discussion/link-to-blog
pub_fc_38_0,0.0,https://www.kaggle.com/competitions/fixing-the-poisoned-well/discussion/link-to-blog
pub_fc_38_1,0.0,https://www.kaggle.com/competitions/fixing-the-poisoned-well/discussion/link-to-blog
pub_fc_38_2,0.0,https://www.kaggle.com/competitions/fixing-the-poisoned-well/discussion/link-to-blog
pub_fc_38_3,0.0,https://www.kaggle.com/competitions/fixing-the-poisoned-well/discussion/link-to-blog
pub_fc_38_4,0.0,https://www.kaggle.com/competitions/fixing-the-poisoned-well/discussion/link-to-blog
pub_fc_38_5,0.0,https://www.kaggle.com/competitions/fixing-the-poisoned-well/discussion/link-to-blog
pub_fc_38_6,0.0,https://www.kaggle.com/competitions/fixing-the-poisoned-well/discussion/link-to-blog
pub_fc_38_7,0.0,https://www.kaggle.com/competitions/fixing-the-poisoned-well/discussion/link-to-blog
pub_fc_38_8,0.0,https://www.kaggle.com/competitions/fixing-the-poisoned-well/discussion/link-to-blog
pub_fc_38_9,0.0,https://www.kaggle.com/competitions/fixing-the-poisoned-well/discussion/link-to-blog
pub_fc_38_10,0.0,https://www.kaggle.com/competitions/fixing-the-poisoned-well/discussion/link-to-blog
pub_fc_38_11,0.0,https://www.kaggle.com/competitions/fixing-the-poisoned-well/discussion/link-to-blog
pub_fc_38_12,0.0,https://www.kaggle.com/competitions/fixing-the-poisoned-well/discussion/link-to-blog
pub_fc_38_13,0.0,https://www.kaggle.com/competitions/fixing-the-poisoned-well/discussion/link-to-blog
pub_fc_38_14,0.0,https://www.kaggle.com/competitions/fixing-the-poisoned-well/discussion/link-to-blog
pub_fc_38_15,0.0,https://www.kaggle.com/competitions/fixing-the-poisoned-well/discussion/link-to-blog
pub_fc_38_16,0.0,https://www.kaggle.com/competitions/fixing-the-poisoned-well/discussion/link-to-blog
pub_fc_38_17,0.0,https://www.kaggle.com/competitions/fixing-the-poisoned-well/discussion/link-to-blog
pub_fc_38_18,0.0,https://www.kaggle.com/competitions/fixing-the-poisoned-well/discussion/link-to-blog
pub_fc_38_19,0.0,https://www.kaggle.com/competitions/fixing-the-poisoned-well/discussion/link-to-blog
pub_fc_38_20,0.0,https://www.kaggle.com/competitions/fixing-the-poisoned-well/discussion/link-to-blog
pub_fc_38_21,0.0,https://www.kaggle.com/competitions/fixing-the-poisoned-well/discussion/link-to-blog
pub_fc_38_22,0.0,https://www.kaggle.com/competitions/fixing-the-poisoned-well/discussion/link-to-blog
pub_fc_38_23,0.0,https://www.kaggle.com/competitions/fixing-the-poisoned-well/discussion/link-to-blog
pub_fc_38_24,0.0,https://www.kaggle.com/competitions/fixing-the-poisoned-well/discussion/link-to-blog
pub_fc_38_25,0.0,https://www.kaggle.com/competitions/fixing-the-poisoned-well/discussion/link-to-blog
pub_fc_38_26,0.0,https://www.kaggle.com/competitions/fixing-the-poisoned-well/discussion/link-to-blog
pub_fc_38_27,0.0,https://www.kaggle.com/competitions/fixing-the-poisoned-well/discussion/link-to-blog
pub_fc_38_28,0.0,https://www.kaggle.com/competitions/fixing-the-poisoned-well/discussion/link-to-blog
pub_fc_38_29,0.0,https://www.kaggle.com/competitions/fixing-the-poisoned-well/discussion/link-to-blog
pub_fc_38_30,0.0,https://www.kaggle.com/competitions/fixing-the-poisoned-well/discussion/link-to-blog
pub_fc_38_31,0.0,https://www.kaggle.com/competitions/fixing-the-poisoned-well/discussion/link-to-blog
pub_fc_38_32,0.0,https://www.kaggle.com/competitions/fixing-the-poisoned-well/discussion/link-to-blog
pub_fc_38_33,0.0,https://www.kaggle.com/competitions/fixing-the-poisoned-well/discussion/link-to-blog
pub_fc_38_34,0.0,https://www.kaggle.com/competitions/fixing-the-poisoned-well/discussion/link-to-blog
pub_fc_38_35,0.0,https://www.kaggle.com/competitions/fixing-the-poisoned-well/discussion/link-to-blog
pub_fc_38_36,0.0,https://www.kaggle.com/competitions/fixing-the-poisoned-well/discussion/link-to-blog
pub_fc_38_37,0.0,https://www.kaggle.com/competitions/fixing-the-poisoned-well/discussion/link-to-blog
pub_fc_38_38,0.0,https://www.kaggle.com/competitions/fixing-the-poisoned-well/discussion/link-to-blog
pub_fc_38_39,0.0,https://www.kaggle.com/competitions/fixing-the-poisoned-well/discussion/link-to-blog
pub_fc_38_40,0.0,https://www.kaggle.com/competitions/fixing-the-poisoned-well/discussion/link-to-blog
pub_fc_38_41,0.0,https://www.kaggle.com/competitions/fixing-the-poisoned-well/discussion/link-to-blog
pub_fc_38_42,0.0,https://www.kaggle.com/competitions/fixing-the-poisoned-well/discussion/link-to-blog
pub_fc_38_43,0.0,https://www.kaggle.com/competitions/fixing-the-poisoned-well/discussion/link-to-blog
pub_fc_38_44,0.0,https://www.kaggle.com/competitions/fixing-the-poisoned-well/discussion/link-to-blog
pub_fc_38_45,0.0,https://www.kaggle.com/competitions/fixing-the-poisoned-well/discussion/link-to-blog
pub_fc_38_46,0.0,https://www.kaggle.com/competitions/fixing-the-poisoned-well/discussion/link-to-blog
pub_fc_38_47,0.0,https://www.kaggle.com/competitions/fixing-the-poisoned-well/discussion/link-to-blog
pub_fc_38_48,0.0,https://www.kaggle.com/competitions/fixing-the-poisoned-well/discussion/link-to-blog
pub_fc_38_49,0.0,https://www.kaggle.com/competitions/fixing-the-poisoned-well/discussion/link-to-blog
pub_fc_38_50,0.0,https://www.kaggle.com/competitions/fixing-the-poisoned-well/discussion/link-to-blog
pub_fc_38_51,0.0,https://www.kaggle.com/competitions/fixing-the-poisoned-well/discussion/link-to-blog
pub_fc_38_52,0.0,https://www.kaggle.com/competitions/fixing-the-poisoned-well/discussion/link-to-blog
pub_fc_38_53,0.0,https://www.kaggle.com/competitions/fixing-the-poisoned-well/discussion/link-to-blog
pub_fc_38_54,0.0,https://www.kaggle.com/competitions/fixing-the-poisoned-well/discussion/link-to-blog
pub_fc_38_55,0.0,https://www.kaggle.com/competitions/fixing-the-poisoned-well/discussion/link-to-blog
pub_fc_39_0,0.0,https://www.kaggle.com/competitions/fixing-the-poisoned-well/discussion/link-to-blog
pub_fc_39_1,0.0,https://www.kaggle.com/competitions/fixing-the-poisoned-well/discussion/link-to-blog
pub_fc_39_2,0.0,https://www.kaggle.com/competitions/fixing-the-poisoned-well/discussion/link-to-blog
pub_fc_39_3,0.0,https://www.kaggle.com/competitions/fixing-the-poisoned-well/discussion/link-to-blog
pub_fc_39_4,0.0,https://www.kaggle.com/competitions/fixing-the-poisoned-well/discussion/link-to-blog
pub_fc_39_5,0.0,https://www.kaggle.com/competitions/fixing-the-poisoned-well/discussion/link-to-blog
pub_fc_39_6,0.0,https://www.kaggle.com/competitions/fixing-the-poisoned-well/discussion/link-to-blog
pub_fc_39_7,0.0,https://www.kaggle.com/competitions/fixing-the-poisoned-well/discussion/link-to-blog
pub_fc_39_8,0.0,https://www.kaggle.com/competitions/fixing-the-poisoned-well/discussion/link-to-blog
pub_fc_39_9,0.0,https://www.kaggle.com/competitions/fixing-the-poisoned-well/discussion/link-to-blog
pub_fc_39_10,0.0,https://www.kaggle.com/competitions/fixing-the-poisoned-well/discussion/link-to-blog
pub_fc_39_11,0.0,https://www.kaggle.com/competitions/fixing-the-poisoned-well/discussion/link-to-blog
pub_fc_39_12,0.0,https://www.kaggle.com/competitions/fixing-the-poisoned-well/discussion/link-to-blog
pub_fc_39_13,0.0,https://www.kaggle.com/competitions/fixing-the-poisoned-well/discussion/link-to-blog
pub_fc_39_14,0.0,https://www.kaggle.com/competitions/fixing-the-poisoned-well/discussion/link-to-blog
pub_fc_39_15,0.0,https://www.kaggle.com/competitions/fixing-the-poisoned-well/discussion/link-to-blog
pub_fc_39_16,0.0,https://www.kaggle.com/competitions/fixing-the-poisoned-well/discussion/link-to-blog
pub_fc_39_17,0.0,https://www.kaggle.com/competitions/fixing-the-poisoned-well/discussion/link-to-blog
pub_fc_39_18,0.0,https://www.kaggle.com/competitions/fixing-the-poisoned-well/discussion/link-to-blog
pub_fc_39_19,0.0,https://www.kaggle.com/competitions/fixing-the-poisoned-well/discussion/link-to-blog
pub_fc_39_20,0.0,https://www.kaggle.com/competitions/fixing-the-poisoned-well/discussion/link-to-blog
pub_fc_39_21,0.0,https://www.kaggle.com/competitions/fixing-the-poisoned-well/discussion/link-to-blog
pub_fc_39_22,0.0,https://www.kaggle.com/competitions/fixing-the-poisoned-well/discussion/link-to-blog
pub_fc_39_23,0.0,https://www.kaggle.com/competitions/fixing-the-poisoned-well/discussion/link-to-blog
pub_fc_39_24,0.0,https://www.kaggle.com/competitions/fixing-the-poisoned-well/discussion/link-to-blog
pub_fc_39_25,0.0,https://www.kaggle.com/competitions/fixing-the-poisoned-well/discussion/link-to-blog
pub_fc_39_26,0.0,https://www.kaggle.com/competitions/fixing-the-poisoned-well/discussion/link-to-blog
pub_fc_39_27,0.0,https://www.kaggle.com/competitions/fixing-the-poisoned-well/discussion/link-to-blog
pub_fc_39_28,0.0,https://www.kaggle.com/competitions/fixing-the-poisoned-well/discussion/link-to-blog
pub_fc_39_29,0.0,https://www.kaggle.com/competitions/fixing-the-poisoned-well/discussion/link-to-blog
pub_fc_39_30,0.0,https://www.kaggle.com/competitions/fixing-the-poisoned-well/discussion/link-to-blog
pub_fc_39_31,0.0,https://www.kaggle.com/competitions/fixing-the-poisoned-well/discussion/link-to-blog
pub_fc_39_32,0.0,https://www.kaggle.com/competitions/fixing-the-poisoned-well/discussion/link-to-blog
pub_fc_39_33,0.0,https://www.kaggle.com/competitions/fixing-the-poisoned-well/discussion/link-to-blog
pub_fc_39_34,0.0,https://www.kaggle.com/competitions/fixing-the-poisoned-well/discussion/link-to-blog
pub_fc_39_35,0.0,https://www.kaggle.com/competitions/fixing-the-poisoned-well/discussion/link-to-blog
pub_fc_39_36,0.0,https://www.kaggle.com/competitions/fixing-the-poisoned-well/discussion/link-to-blog
pub_fc_39_37,0.0,https://www.kaggle.com/competitions/fixing-the-poisoned-well/discussion/link-to-blog
pub_fc_39_38,0.0,https://www.kaggle.com/competitions/fixing-the-poisoned-well/discussion/link-to-blog
pub_fc_39_39,0.0,https://www.kaggle.com/competitions/fixing-the-poisoned-well/discussion/link-to-blog
pub_fc_39_40,0.0,https://www.kaggle.com/competitions/fixing-the-poisoned-well/discussion/link-to-blog
pub_fc_39_41,0.0,https://www.kaggle.com/competitions/fixing-the-poisoned-well/discussion/link-to-blog
pub_fc_39_42,0.0,https://www.kaggle.com/competitions/fixing-the-poisoned-well/discussion/link-to-blog
pub_fc_39_43,0.0,https://www.kaggle.com/competitions/fixing-the-poisoned-well/discussion/link-to-blog
pub_fc_39_44,0.0,https://www.kaggle.com/competitions/fixing-the-poisoned-well/discussion/link-to-blog
pub_fc_39_45,0.0,https://www.kaggle.com/competitions/fixing-the-poisoned-well/discussion/link-to-blog
pub_fc_39_46,0.0,https://www.kaggle.com/competitions/fixing-the-poisoned-well/discussion/link-to-blog
pub_fc_39_47,0.0,https://www.kaggle.com/competitions/fixing-the-poisoned-well/discussion/link-to-blog
pub_fc_39_48,0.0,https://www.kaggle.com/competitions/fixing-the-poisoned-well/discussion/link-to-blog
pub_fc_39_49,0.0,https://www.kaggle.com/competitions/fixing-the-poisoned-well/discussion/link-to-blog
pub_fc_39_50,0.0,https://www.kaggle.com/competitions/fixing-the-poisoned-well/discussion/link-to-blog
pub_fc_39_51,0.0,https://www.kaggle.com/competitions/fixing-the-poisoned-well/discussion/link-to-blog
pub_fc_39_52,0.0,https://www.kaggle.com/competitions/fixing-the-poisoned-well/discussion/link-to-blog
pub_fc_39_53,0.0,https://www.kaggle.com/competitions/fixing-the-poisoned-well/discussion/link-to-blog
pub_fc_39_54,0.0,https://www.kaggle.com/competitions/fixing-the-poisoned-well/discussion/link-to-blog
pub_fc_39_55,0.0,https://www.kaggle.com/competitions/fixing-the-poisoned-well/discussion/link-to-blog
pub_fc_40_0,0.0,https://www.kaggle.com/competitions/fixing-the-poisoned-well/discussion/link-to-blog
pub_fc_40_1,0.0,https://www.kaggle.com/competitions/fixing-the-poisoned-well/discussion/link-to-blog
pub_fc_40_2,0.0,https://www.kaggle.com/competitions/fixing-the-poisoned-well/discussion/link-to-blog
pub_fc_40_3,0.0,https://www.kaggle.com/competitions/fixing-the-poisoned-well/discussion/link-to-blog
pub_fc_40_4,0.0,https://www.kaggle.com/competitions/fixing-the-poisoned-well/discussion/link-to-blog
pub_fc_40_5,0.0,https://www.kaggle.com/competitions/fixing-the-poisoned-well/discussion/link-to-blog
pub_fc_40_6,0.0,https://www.kaggle.com/competitions/fixing-the-poisoned-well/discussion/link-to-blog
pub_fc_40_7,0.0,https://www.kaggle.com/competitions/fixing-the-poisoned-well/discussion/link-to-blog
pub_fc_40_8,0.0,https://www.kaggle.com/competitions/fixing-the-poisoned-well/discussion/link-to-blog
pub_fc_40_9,0.0,https://www.kaggle.com/competitions/fixing-the-poisoned-well/discussion/link-to-blog
pub_fc_40_10,0.0,https://www.kaggle.com/competitions/fixing-the-poisoned-well/discussion/link-to-blog
pub_fc_40_11,0.0,https://www.kaggle.com/competitions/fixing-the-poisoned-well/discussion/link-to-blog
pub_fc_40_12,0.0,https://www.kaggle.com/competitions/fixing-the-poisoned-well/discussion/link-to-blog
pub_fc_40_13,0.0,https://www.kaggle.com/competitions/fixing-the-poisoned-well/discussion/link-to-blog
pub_fc_40_14,0.0,https://www.kaggle.com/competitions/fixing-the-poisoned-well/discussion/link-to-blog
pub_fc_40_15,0.0,https://www.kaggle.com/competitions/fixing-the-poisoned-well/discussion/link-to-blog
pub_fc_40_16,0.0,https://www.kaggle.com/competitions/fixing-the-poisoned-well/discussion/link-to-blog
pub_fc_40_17,0.0,https://www.kaggle.com/competitions/fixing-the-poisoned-well/discussion/link-to-blog
pub_fc_40_18,0.0,https://www.kaggle.com/competitions/fixing-the-poisoned-well/discussion/link-to-blog
pub_fc_40_19,0.0,https://www.kaggle.com/competitions/fixing-the-poisoned-well/discussion/link-to-blog
pub_fc_40_20,0.0,https://www.kaggle.com/competitions/fixing-the-poisoned-well/discussion/link-to-blog
pub_fc_40_21,0.0,https://www.kaggle.com/competitions/fixing-the-poisoned-well/discussion/link-to-blog
pub_fc_40_22,0.0,https://www.kaggle.com/competitions/fixing-the-poisoned-well/discussion/link-to-blog
pub_fc_40_23,0.0,https://www.kaggle.com/competitions/fixing-the-poisoned-well/discussion/link-to-blog
pub_fc_40_24,0.0,https://www.kaggle.com/competitions/fixing-the-poisoned-well/discussion/link-to-blog
pub_fc_40_25,0.0,https://www.kaggle.com/competitions/fixing-the-poisoned-well/discussion/link-to-blog
pub_fc_40_26,0.0,https://www.kaggle.com/competitions/fixing-the-poisoned-well/discussion/link-to-blog
pub_fc_40_27,0.0,https://www.kaggle.com/competitions/fixing-the-poisoned-well/discussion/link-to-blog
pub_fc_40_28,0.0,https://www.kaggle.com/competitions/fixing-the-poisoned-well/discussion/link-to-blog
pub_fc_40_29,0.0,https://www.kaggle.com/competitions/fixing-the-poisoned-well/discussion/link-to-blog
pub_fc_40_30,0.0,https://www.kaggle.com/competitions/fixing-the-poisoned-well/discussion/link-to-blog
pub_fc_40_31,0.0,https://www.kaggle.com/competitions/fixing-the-poisoned-well/discussion/link-to-blog
pub_fc_40_32,0.0,https://www.kaggle.com/competitions/fixing-the-poisoned-well/discussion/link-to-blog
pub_fc_40_33,0.0,https://www.kaggle.com/competitions/fixing-the-poisoned-well/discussion/link-to-blog
pub_fc_40_34,0.0,https://www.kaggle.com/competitions/fixing-the-poisoned-well/discussion/link-to-blog
pub_fc_40_35,0.0,https://www.kaggle.com/competitions/fixing-the-poisoned-well/discussion/link-to-blog
pub_fc_40_36,0.0,https://www.kaggle.com/competitions/fixing-the-poisoned-well/discussion/link-to-blog
pub_fc_40_37,0.0,https://www.kaggle.com/competitions/fixing-the-poisoned-well/discussion/link-to-blog
pub_fc_40_38,0.0,https://www.kaggle.com/competitions/fixing-the-poisoned-well/discussion/link-to-blog
pub_fc_40_39,0.0,https://www.kaggle.com/competitions/fixing-the-poisoned-well/discussion/link-to-blog
pub_fc_40_40,0.0,https://www.kaggle.com/competitions/fixing-the-poisoned-well/discussion/link-to-blog
pub_fc_40_41,0.0,https://www.kaggle.com/competitions/fixing-the-poisoned-well/discussion/link-to-blog
pub_fc_40_42,0.0,https://www.kaggle.com/competitions/fixing-the-poisoned-well/discussion/link-to-blog
pub_fc_40_43,0.0,https://www.kaggle.com/competitions/fixing-the-poisoned-well/discussion/link-to-blog
pub_fc_40_44,0.0,https://www.kaggle.com/competitions/fixing-the-poisoned-well/discussion/link-to-blog
pub_fc_40_45,0.0,https://www.kaggle.com/competitions/fixing-the-poisoned-well/discussion/link-to-blog
pub_fc_40_46,0.0,https://www.kaggle.com/competitions/fixing-the-poisoned-well/discussion/link-to-blog
pub_fc_40_47,0.0,https://www.kaggle.com/competitions/fixing-the-poisoned-well/discussion/link-to-blog
pub_fc_40_48,0.0,https://www.kaggle.com/competitions/fixing-the-poisoned-well/discussion/link-to-blog
pub_fc_40_49,0.0,https://www.kaggle.com/competitions/fixing-the-poisoned-well/discussion/link-to-blog
pub_fc_40_50,0.0,https://www.kaggle.com/competitions/fixing-the-poisoned-well/discussion/link-to-blog
pub_fc_40_51,0.0,https://www.kaggle.com/competitions/fixing-the-poisoned-well/discussion/link-to-blog
pub_fc_40_52,0.0,https://www.kaggle.com/competitions/fixing-the-poisoned-well/discussion/link-to-blog
pub_fc_40_53,0.0,https://www.kaggle.com/competitions/fixing-the-poisoned-well/discussion/link-to-blog
pub_fc_40_54,0.0,https://www.kaggle.com/competitions/fixing-the-poisoned-well/discussion/link-to-blog
pub_fc_40_55,0.0,https://www.kaggle.com/competitions/fixing-the-poisoned-well/discussion/link-to-blog
pub_fc_41_0,0.0,https://www.kaggle.com/competitions/fixing-the-poisoned-well/discussion/link-to-blog
pub_fc_41_1,0.0,https://www.kaggle.com/competitions/fixing-the-poisoned-well/discussion/link-to-blog
pub_fc_41_2,0.0,https://www.kaggle.com/competitions/fixing-the-poisoned-well/discussion/link-to-blog
pub_fc_41_3,0.0,https://www.kaggle.com/competitions/fixing-the-poisoned-well/discussion/link-to-blog
pub_fc_41_4,0.0,https://www.kaggle.com/competitions/fixing-the-poisoned-well/discussion/link-to-blog
pub_fc_41_5,0.0,https://www.kaggle.com/competitions/fixing-the-poisoned-well/discussion/link-to-blog
pub_fc_41_6,0.0,https://www.kaggle.com/competitions/fixing-the-poisoned-well/discussion/link-to-blog
pub_fc_41_7,0.0,https://www.kaggle.com/competitions/fixing-the-poisoned-well/discussion/link-to-blog
pub_fc_41_8,0.0,https://www.kaggle.com/competitions/fixing-the-poisoned-well/discussion/link-to-blog
pub_fc_41_9,0.0,https://www.kaggle.com/competitions/fixing-the-poisoned-well/discussion/link-to-blog
pub_fc_41_10,0.0,https://www.kaggle.com/competitions/fixing-the-poisoned-well/discussion/link-to-blog
pub_fc_41_11,0.0,https://www.kaggle.com/competitions/fixing-the-poisoned-well/discussion/link-to-blog
pub_fc_41_12,0.0,https://www.kaggle.com/competitions/fixing-the-poisoned-well/discussion/link-to-blog
pub_fc_41_13,0.0,https://www.kaggle.com/competitions/fixing-the-poisoned-well/discussion/link-to-blog
pub_fc_41_14,0.0,https://www.kaggle.com/competitions/fixing-the-poisoned-well/discussion/link-to-blog
pub_fc_41_15,0.0,https://www.kaggle.com/competitions/fixing-the-poisoned-well/discussion/link-to-blog
pub_fc_41_16,0.0,https://www.kaggle.com/competitions/fixing-the-poisoned-well/discussion/link-to-blog
pub_fc_41_17,0.0,https://www.kaggle.com/competitions/fixing-the-poisoned-well/discussion/link-to-blog
pub_fc_41_18,0.0,https://www.kaggle.com/competitions/fixing-the-poisoned-well/discussion/link-to-blog
pub_fc_41_19,0.0,https://www.kaggle.com/competitions/fixing-the-poisoned-well/discussion/link-to-blog
pub_fc_41_20,0.0,https://www.kaggle.com/competitions/fixing-the-poisoned-well/discussion/link-to-blog
pub_fc_41_21,0.0,https://www.kaggle.com/competitions/fixing-the-poisoned-well/discussion/link-to-blog
pub_fc_41_22,0.0,https://www.kaggle.com/competitions/fixing-the-poisoned-well/discussion/link-to-blog
pub_fc_41_23,0.0,https://www.kaggle.com/competitions/fixing-the-poisoned-well/discussion/link-to-blog
pub_fc_41_24,0.0,https://www.kaggle.com/competitions/fixing-the-poisoned-well/discussion/link-to-blog
pub_fc_41_25,0.0,https://www.kaggle.com/competitions/fixing-the-poisoned-well/discussion/link-to-blog
pub_fc_41_26,0.0,https://www.kaggle.com/competitions/fixing-the-poisoned-well/discussion/link-to-blog
pub_fc_41_27,0.0,https://www.kaggle.com/competitions/fixing-the-poisoned-well/discussion/link-to-blog
pub_fc_41_28,0.0,https://www.kaggle.com/competitions/fixing-the-poisoned-well/discussion/link-to-blog
pub_fc_41_29,0.0,https://www.kaggle.com/competitions/fixing-the-poisoned-well/discussion/link-to-blog
pub_fc_41_30,0.0,https://www.kaggle.com/competitions/fixing-the-poisoned-well/discussion/link-to-blog
pub_fc_41_31,0.0,https://www.kaggle.com/competitions/fixing-the-poisoned-well/discussion/link-to-blog
pub_fc_41_32,0.0,https://www.kaggle.com/competitions/fixing-the-poisoned-well/discussion/link-to-blog
pub_fc_41_33,0.0,https://www.kaggle.com/competitions/fixing-the-poisoned-well/discussion/link-to-blog
pub_fc_41_34,0.0,https://www.kaggle.com/competitions/fixing-the-poisoned-well/discussion/link-to-blog
pub_fc_41_35,0.0,https://www.kaggle.com/competitions/fixing-the-poisoned-well/discussion/link-to-blog
pub_fc_41_36,0.0,https://www.kaggle.com/competitions/fixing-the-poisoned-well/discussion/link-to-blog
pub_fc_41_37,0.0,https://www.kaggle.com/competitions/fixing-the-poisoned-well/discussion/link-to-blog
pub_fc_41_38,0.0,https://www.kaggle.com/competitions/fixing-the-poisoned-well/discussion/link-to-blog
pub_fc_41_39,0.0,https://www.kaggle.com/competitions/fixing-the-poisoned-well/discussion/link-to-blog
pub_fc_41_40,0.0,https://www.kaggle.com/competitions/fixing-the-poisoned-well/discussion/link-to-blog
pub_fc_41_41,0.0,https://www.kaggle.com/competitions/fixing-the-poisoned-well/discussion/link-to-blog
pub_fc_41_42,0.0,https://www.kaggle.com/competitions/fixing-the-poisoned-well/discussion/link-to-blog
pub_fc_41_43,0.0,https://www.kaggle.com/competitions/fixing-the-poisoned-well/discussion/link-to-blog
pub_fc_41_44,0.0,https://www.kaggle.com/competitions/fixing-the-poisoned-well/discussion/link-to-blog
pub_fc_41_45,0.0,https://www.kaggle.com/competitions/fixing-the-poisoned-well/discussion/link-to-blog
pub_fc_41_46,0.0,https://www.kaggle.com/competitions/fixing-the-poisoned-well/discussion/link-to-blog
pub_fc_41_47,0.0,https://www.kaggle.com/competitions/fixing-the-poisoned-well/discussion/link-to-blog
pub_fc_41_48,0.0,https://www.kaggle.com/competitions/fixing-the-poisoned-well/discussion/link-to-blog
pub_fc_41_49,0.0,https://www.kaggle.com/competitions/fixing-the-poisoned-well/discussion/link-to-blog
pub_fc_41_50,0.0,https://www.kaggle.com/competitions/fixing-the-poisoned-well/discussion/link-to-blog
pub_fc_41_51,0.0,https://www.kaggle.com/competitions/fixing-the-poisoned-well/discussion/link-to-blog
pub_fc_41_52,0.0,https://www.kaggle.com/competitions/fixing-the-poisoned-well/discussion/link-to-blog
pub_fc_41_53,0.0,https://www.kaggle.com/competitions/fixing-the-poisoned-well/discussion/link-to-blog
pub_fc_41_54,0.0,https://www.kaggle.com/competitions/fixing-the-poisoned-well/discussion/link-to-blog
pub_fc_41_55,0.0,https://www.kaggle.com/competitions/fixing-the-poisoned-well/discussion/link-to-blog
pub_fc_42_0,0.0,https://www.kaggle.com/competitions/fixing-the-poisoned-well/discussion/link-to-blog
pub_fc_42_1,0.0,https://www.kaggle.com/competitions/fixing-the-poisoned-well/discussion/link-to-blog
pub_fc_42_2,0.0,https://www.kaggle.com/competitions/fixing-the-poisoned-well/discussion/link-to-blog
pub_fc_42_3,0.0,https://www.kaggle.com/competitions/fixing-the-poisoned-well/discussion/link-to-blog
pub_fc_42_4,0.0,https://www.kaggle.com/competitions/fixing-the-poisoned-well/discussion/link-to-blog
pub_fc_42_5,0.0,https://www.kaggle.com/competitions/fixing-the-poisoned-well/discussion/link-to-blog
pub_fc_42_6,0.0,https://www.kaggle.com/competitions/fixing-the-poisoned-well/discussion/link-to-blog
pub_fc_42_7,0.0,https://www.kaggle.com/competitions/fixing-the-poisoned-well/discussion/link-to-blog
pub_fc_42_8,0.0,https://www.kaggle.com/competitions/fixing-the-poisoned-well/discussion/link-to-blog
pub_fc_42_9,0.0,https://www.kaggle.com/competitions/fixing-the-poisoned-well/discussion/link-to-blog
pub_fc_42_10,0.0,https://www.kaggle.com/competitions/fixing-the-poisoned-well/discussion/link-to-blog
pub_fc_42_11,0.0,https://www.kaggle.com/competitions/fixing-the-poisoned-well/discussion/link-to-blog
pub_fc_42_12,0.0,https://www.kaggle.com/competitions/fixing-the-poisoned-well/discussion/link-to-blog
pub_fc_42_13,0.0,https://www.kaggle.com/competitions/fixing-the-poisoned-well/discussion/link-to-blog
pub_fc_42_14,0.0,https://www.kaggle.com/competitions/fixing-the-poisoned-well/discussion/link-to-blog
pub_fc_42_15,0.0,https://www.kaggle.com/competitions/fixing-the-poisoned-well/discussion/link-to-blog
pub_fc_42_16,0.0,https://www.kaggle.com/competitions/fixing-the-poisoned-well/discussion/link-to-blog
pub_fc_42_17,0.0,https://www.kaggle.com/competitions/fixing-the-poisoned-well/discussion/link-to-blog
pub_fc_42_18,0.0,https://www.kaggle.com/competitions/fixing-the-poisoned-well/discussion/link-to-blog
pub_fc_42_19,0.0,https://www.kaggle.com/competitions/fixing-the-poisoned-well/discussion/link-to-blog
pub_fc_42_20,0.0,https://www.kaggle.com/competitions/fixing-the-poisoned-well/discussion/link-to-blog
pub_fc_42_21,0.0,https://www.kaggle.com/competitions/fixing-the-poisoned-well/discussion/link-to-blog
pub_fc_42_22,0.0,https://www.kaggle.com/competitions/fixing-the-poisoned-well/discussion/link-to-blog
pub_fc_42_23,0.0,https://www.kaggle.com/competitions/fixing-the-poisoned-well/discussion/link-to-blog
pub_fc_42_24,0.0,https://www.kaggle.com/competitions/fixing-the-poisoned-well/discussion/link-to-blog
pub_fc_42_25,0.0,https://www.kaggle.com/competitions/fixing-the-poisoned-well/discussion/link-to-blog
pub_fc_42_26,0.0,https://www.kaggle.com/competitions/fixing-the-poisoned-well/discussion/link-to-blog
pub_fc_42_27,0.0,https://www.kaggle.com/competitions/fixing-the-poisoned-well/discussion/link-to-blog
pub_fc_42_28,0.0,https://www.kaggle.com/competitions/fixing-the-poisoned-well/discussion/link-to-blog
pub_fc_42_29,0.0,https://www.kaggle.com/competitions/fixing-the-poisoned-well/discussion/link-to-blog
pub_fc_42_30,0.0,https://www.kaggle.com/competitions/fixing-the-poisoned-well/discussion/link-to-blog
pub_fc_42_31,0.0,https://www.kaggle.com/competitions/fixing-the-poisoned-well/discussion/link-to-blog
pub_fc_42_32,0.0,https://www.kaggle.com/competitions/fixing-the-poisoned-well/discussion/link-to-blog
pub_fc_42_33,0.0,https://www.kaggle.com/competitions/fixing-the-poisoned-well/discussion/link-to-blog
pub_fc_42_34,0.0,https://www.kaggle.com/competitions/fixing-the-poisoned-well/discussion/link-to-blog
pub_fc_42_35,0.0,https://www.kaggle.com/competitions/fixing-the-poisoned-well/discussion/link-to-blog
pub_fc_42_36,0.0,https://www.kaggle.com/competitions/fixing-the-poisoned-well/discussion/link-to-blog
pub_fc_42_37,0.0,https://www.kaggle.com/competitions/fixing-the-poisoned-well/discussion/link-to-blog
pub_fc_42_38,0.0,https://www.kaggle.com/competitions/fixing-the-poisoned-well/discussion/link-to-blog
pub_fc_42_39,0.0,https://www.kaggle.com/competitions/fixing-the-poisoned-well/discussion/link-to-blog
pub_fc_42_40,0.0,https://www.kaggle.com/competitions/fixing-the-poisoned-well/discussion/link-to-blog
pub_fc_42_41,0.0,https://www.kaggle.com/competitions/fixing-the-poisoned-well/discussion/link-to-blog
pub_fc_42_42,0.0,https://www.kaggle.com/competitions/fixing-the-poisoned-well/discussion/link-to-blog
pub_fc_42_43,0.0,https://www.kaggle.com/competitions/fixing-the-poisoned-well/discussion/link-to-blog
pub_fc_42_44,0.0,https://www.kaggle.com/competitions/fixing-the-poisoned-well/discussion/link-to-blog
pub_fc_42_45,0.0,https://www.kaggle.com/competitions/fixing-the-poisoned-well/discussion/link-to-blog
pub_fc_42_46,0.0,https://www.kaggle.com/competitions/fixing-the-poisoned-well/discussion/link-to-blog
pub_fc_42_47,0.0,https://www.kaggle.com/competitions/fixing-the-poisoned-well/discussion/link-to-blog
pub_fc_42_48,0.0,https://www.kaggle.com/competitions/fixing-the-poisoned-well/discussion/link-to-blog
pub_fc_42_49,0.0,https://www.kaggle.com/competitions/fixing-the-poisoned-well/discussion/link-to-blog
pub_fc_42_50,0.0,https://www.kaggle.com/competitions/fixing-the-poisoned-well/discussion/link-to-blog
pub_fc_42_51,0.0,https://www.kaggle.com/competitions/fixing-the-poisoned-well/discussion/link-to-blog
pub_fc_42_52,0.0,https://www.kaggle.com/competitions/fixing-the-poisoned-well/discussion/link-to-blog
pub_fc_42_53,0.0,https://www.kaggle.com/competitions/fixing-the-poisoned-well/discussion/link-to-blog
pub_fc_42_54,0.0,https://www.kaggle.com/competitions/fixing-the-poisoned-well/discussion/link-to-blog
pub_fc_42_55,0.0,https://www.kaggle.com/competitions/fixing-the-poisoned-well/discussion/link-to-blog
pub_fc_43_0,0.0,https://www.kaggle.com/competitions/fixing-the-poisoned-well/discussion/link-to-blog
pub_fc_43_1,0.0,https://www.kaggle.com/competitions/fixing-the-poisoned-well/discussion/link-to-blog
pub_fc_43_2,0.0,https://www.kaggle.com/competitions/fixing-the-poisoned-well/discussion/link-to-blog
pub_fc_43_3,0.0,https://www.kaggle.com/competitions/fixing-the-poisoned-well/discussion/link-to-blog
pub_fc_43_4,0.0,https://www.kaggle.com/competitions/fixing-the-poisoned-well/discussion/link-to-blog
pub_fc_43_5,0.0,https://www.kaggle.com/competitions/fixing-the-poisoned-well/discussion/link-to-blog
pub_fc_43_6,0.0,https://www.kaggle.com/competitions/fixing-the-poisoned-well/discussion/link-to-blog
pub_fc_43_7,0.0,https://www.kaggle.com/competitions/fixing-the-poisoned-well/discussion/link-to-blog
pub_fc_43_8,0.0,https://www.kaggle.com/competitions/fixing-the-poisoned-well/discussion/link-to-blog
pub_fc_43_9,0.0,https://www.kaggle.com/competitions/fixing-the-poisoned-well/discussion/link-to-blog
pub_fc_43_10,0.0,https://www.kaggle.com/competitions/fixing-the-poisoned-well/discussion/link-to-blog
pub_fc_43_11,0.0,https://www.kaggle.com/competitions/fixing-the-poisoned-well/discussion/link-to-blog
pub_fc_43_12,0.0,https://www.kaggle.com/competitions/fixing-the-poisoned-well/discussion/link-to-blog
pub_fc_43_13,0.0,https://www.kaggle.com/competitions/fixing-the-poisoned-well/discussion/link-to-blog
pub_fc_43_14,0.0,https://www.kaggle.com/competitions/fixing-the-poisoned-well/discussion/link-to-blog
pub_fc_43_15,0.0,https://www.kaggle.com/competitions/fixing-the-poisoned-well/discussion/link-to-blog
pub_fc_43_16,0.0,https://www.kaggle.com/competitions/fixing-the-poisoned-well/discussion/link-to-blog
pub_fc_43_17,0.0,https://www.kaggle.com/competitions/fixing-the-poisoned-well/discussion/link-to-blog
pub_fc_43_18,0.0,https://www.kaggle.com/competitions/fixing-the-poisoned-well/discussion/link-to-blog
pub_fc_43_19,0.0,https://www.kaggle.com/competitions/fixing-the-poisoned-well/discussion/link-to-blog
pub_fc_43_20,0.0,https://www.kaggle.com/competitions/fixing-the-poisoned-well/discussion/link-to-blog
pub_fc_43_21,0.0,https://www.kaggle.com/competitions/fixing-the-poisoned-well/discussion/link-to-blog
pub_fc_43_22,0.0,https://www.kaggle.com/competitions/fixing-the-poisoned-well/discussion/link-to-blog
pub_fc_43_23,0.0,https://www.kaggle.com/competitions/fixing-the-poisoned-well/discussion/link-to-blog
pub_fc_43_24,0.0,https://www.kaggle.com/competitions/fixing-the-poisoned-well/discussion/link-to-blog
pub_fc_43_25,0.0,https://www.kaggle.com/competitions/fixing-the-poisoned-well/discussion/link-to-blog
pub_fc_43_26,0.0,https://www.kaggle.com/competitions/fixing-the-poisoned-well/discussion/link-to-blog
pub_fc_43_27,0.0,https://www.kaggle.com/competitions/fixing-the-poisoned-well/discussion/link-to-blog
pub_fc_43_28,0.0,https://www.kaggle.com/competitions/fixing-the-poisoned-well/discussion/link-to-blog
pub_fc_43_29,0.0,https://www.kaggle.com/competitions/fixing-the-poisoned-well/discussion/link-to-blog
pub_fc_43_30,0.0,https://www.kaggle.com/competitions/fixing-the-poisoned-well/discussion/link-to-blog
pub_fc_43_31,0.0,https://www.kaggle.com/competitions/fixing-the-poisoned-well/discussion/link-to-blog
pub_fc_43_32,0.0,https://www.kaggle.com/competitions/fixing-the-poisoned-well/discussion/link-to-blog
pub_fc_43_33,0.0,https://www.kaggle.com/competitions/fixing-the-poisoned-well/discussion/link-to-blog
pub_fc_43_34,0.0,https://www.kaggle.com/competitions/fixing-the-poisoned-well/discussion/link-to-blog
pub_fc_43_35,0.0,https://www.kaggle.com/competitions/fixing-the-poisoned-well/discussion/link-to-blog
pub_fc_43_36,0.0,https://www.kaggle.com/competitions/fixing-the-poisoned-well/discussion/link-to-blog
pub_fc_43_37,0.0,https://www.kaggle.com/competitions/fixing-the-poisoned-well/discussion/link-to-blog
pub_fc_43_38,0.0,https://www.kaggle.com/competitions/fixing-the-poisoned-well/discussion/link-to-blog
pub_fc_43_39,0.0,https://www.kaggle.com/competitions/fixing-the-poisoned-well/discussion/link-to-blog
pub_fc_43_40,0.0,https://www.kaggle.com/competitions/fixing-the-poisoned-well/discussion/link-to-blog
pub_fc_43_41,0.0,https://www.kaggle.com/competitions/fixing-the-poisoned-well/discussion/link-to-blog
pub_fc_43_42,0.0,https://www.kaggle.com/competitions/fixing-the-poisoned-well/discussion/link-to-blog
pub_fc_43_43,0.0,https://www.kaggle.com/competitions/fixing-the-poisoned-well/discussion/link-to-blog
pub_fc_43_44,0.0,https://www.kaggle.com/competitions/fixing-the-poisoned-well/discussion/link-to-blog
pub_fc_43_45,0.0,https://www.kaggle.com/competitions/fixing-the-poisoned-well/discussion/link-to-blog
pub_fc_43_46,0.0,https://www.kaggle.com/competitions/fixing-the-poisoned-well/discussion/link-to-blog
pub_fc_43_47,0.0,https://www.kaggle.com/competitions/fixing-the-poisoned-well/discussion/link-to-blog
pub_fc_43_48,0.0,https://www.kaggle.com/competitions/fixing-the-poisoned-well/discussion/link-to-blog
pub_fc_43_49,0.0,https://www.kaggle.com/competitions/fixing-the-poisoned-well/discussion/link-to-blog
pub_fc_43_50,0.0,https://www.kaggle.com/competitions/fixing-the-poisoned-well/discussion/link-to-blog
pub_fc_43_51,0.0,https://www.kaggle.com/competitions/fixing-the-poisoned-well/discussion/link-to-blog
pub_fc_43_52,0.0,https://www.kaggle.com/competitions/fixing-the-poisoned-well/discussion/link-to-blog
pub_fc_43_53,0.0,https://www.kaggle.com/competitions/fixing-the-poisoned-well/discussion/link-to-blog
pub_fc_43_54,0.0,https://www.kaggle.com/competitions/fixing-the-poisoned-well/discussion/link-to-blog
pub_fc_43_55,0.0,https://www.kaggle.com/competitions/fixing-the-poisoned-well/discussion/link-to-blog
pub_fc_44_0,0.0,https://www.kaggle.com/competitions/fixing-the-poisoned-well/discussion/link-to-blog
pub_fc_44_1,0.0,https://www.kaggle.com/competitions/fixing-the-poisoned-well/discussion/link-to-blog
pub_fc_44_2,0.0,https://www.kaggle.com/competitions/fixing-the-poisoned-well/discussion/link-to-blog
pub_fc_44_3,0.0,https://www.kaggle.com/competitions/fixing-the-poisoned-well/discussion/link-to-blog
pub_fc_44_4,0.0,https://www.kaggle.com/competitions/fixing-the-poisoned-well/discussion/link-to-blog
pub_fc_44_5,0.0,https://www.kaggle.com/competitions/fixing-the-poisoned-well/discussion/link-to-blog
pub_fc_44_6,0.0,https://www.kaggle.com/competitions/fixing-the-poisoned-well/discussion/link-to-blog
pub_fc_44_7,0.0,https://www.kaggle.com/competitions/fixing-the-poisoned-well/discussion/link-to-blog
pub_fc_44_8,0.0,https://www.kaggle.com/competitions/fixing-the-poisoned-well/discussion/link-to-blog
pub_fc_44_9,0.0,https://www.kaggle.com/competitions/fixing-the-poisoned-well/discussion/link-to-blog
pub_fc_44_10,0.0,https://www.kaggle.com/competitions/fixing-the-poisoned-well/discussion/link-to-blog
pub_fc_44_11,0.0,https://www.kaggle.com/competitions/fixing-the-poisoned-well/discussion/link-to-blog
pub_fc_44_12,0.0,https://www.kaggle.com/competitions/fixing-the-poisoned-well/discussion/link-to-blog
pub_fc_44_13,0.0,https://www.kaggle.com/competitions/fixing-the-poisoned-well/discussion/link-to-blog
pub_fc_44_14,0.0,https://www.kaggle.com/competitions/fixing-the-poisoned-well/discussion/link-to-blog
pub_fc_44_15,0.0,https://www.kaggle.com/competitions/fixing-the-poisoned-well/discussion/link-to-blog
pub_fc_44_16,0.0,https://www.kaggle.com/competitions/fixing-the-poisoned-well/discussion/link-to-blog
pub_fc_44_17,0.0,https://www.kaggle.com/competitions/fixing-the-poisoned-well/discussion/link-to-blog
pub_fc_44_18,0.0,https://www.kaggle.com/competitions/fixing-the-poisoned-well/discussion/link-to-blog
pub_fc_44_19,0.0,https://www.kaggle.com/competitions/fixing-the-poisoned-well/discussion/link-to-blog
pub_fc_44_20,0.0,https://www.kaggle.com/competitions/fixing-the-poisoned-well/discussion/link-to-blog
pub_fc_44_21,0.0,https://www.kaggle.com/competitions/fixing-the-poisoned-well/discussion/link-to-blog
pub_fc_44_22,0.0,https://www.kaggle.com/competitions/fixing-the-poisoned-well/discussion/link-to-blog
pub_fc_44_23,0.0,https://www.kaggle.com/competitions/fixing-the-poisoned-well/discussion/link-to-blog
pub_fc_44_24,0.0,https://www.kaggle.com/competitions/fixing-the-poisoned-well/discussion/link-to-blog
pub_fc_44_25,0.0,https://www.kaggle.com/competitions/fixing-the-poisoned-well/discussion/link-to-blog
pub_fc_44_26,0.0,https://www.kaggle.com/competitions/fixing-the-poisoned-well/discussion/link-to-blog
pub_fc_44_27,0.0,https://www.kaggle.com/competitions/fixing-the-poisoned-well/discussion/link-to-blog
pub_fc_44_28,0.0,https://www.kaggle.com/competitions/fixing-the-poisoned-well/discussion/link-to-blog
pub_fc_44_29,0.0,https://www.kaggle.com/competitions/fixing-the-poisoned-well/discussion/link-to-blog
pub_fc_44_30,0.0,https://www.kaggle.com/competitions/fixing-the-poisoned-well/discussion/link-to-blog
pub_fc_44_31,0.0,https://www.kaggle.com/competitions/fixing-the-poisoned-well/discussion/link-to-blog
pub_fc_44_32,0.0,https://www.kaggle.com/competitions/fixing-the-poisoned-well/discussion/link-to-blog
pub_fc_44_33,0.0,https://www.kaggle.com/competitions/fixing-the-poisoned-well/discussion/link-to-blog
pub_fc_44_34,0.0,https://www.kaggle.com/competitions/fixing-the-poisoned-well/discussion/link-to-blog
pub_fc_44_35,0.0,https://www.kaggle.com/competitions/fixing-the-poisoned-well/discussion/link-to-blog
pub_fc_44_36,0.0,https://www.kaggle.com/competitions/fixing-the-poisoned-well/discussion/link-to-blog
pub_fc_44_37,0.0,https://www.kaggle.com/competitions/fixing-the-poisoned-well/discussion/link-to-blog
pub_fc_44_38,0.0,https://www.kaggle.com/competitions/fixing-the-poisoned-well/discussion/link-to-blog
pub_fc_44_39,0.0,https://www.kaggle.com/competitions/fixing-the-poisoned-well/discussion/link-to-blog
pub_fc_44_40,0.0,https://www.kaggle.com/competitions/fixing-the-poisoned-well/discussion/link-to-blog
pub_fc_44_41,0.0,https://www.kaggle.com/competitions/fixing-the-poisoned-well/discussion/link-to-blog
pub_fc_44_42,0.0,https://www.kaggle.com/competitions/fixing-the-poisoned-well/discussion/link-to-blog
pub_fc_44_43,0.0,https://www.kaggle.com/competitions/fixing-the-poisoned-well/discussion/link-to-blog
pub_fc_44_44,0.0,https://www.kaggle.com/competitions/fixing-the-poisoned-well/discussion/link-to-blog
pub_fc_44_45,0.0,https://www.kaggle.com/competitions/fixing-the-poisoned-well/discussion/link-to-blog
pub_fc_44_46,0.0,https://www.kaggle.com/competitions/fixing-the-poisoned-well/discussion/link-to-blog
pub_fc_44_47,0.0,https://www.kaggle.com/competitions/fixing-the-poisoned-well/discussion/link-to-blog
pub_fc_44_48,0.0,https://www.kaggle.com/competitions/fixing-the-poisoned-well/discussion/link-to-blog
pub_fc_44_49,0.0,https://www.kaggle.com/competitions/fixing-the-poisoned-well/discussion/link-to-blog
pub_fc_44_50,0.0,https://www.kaggle.com/competitions/fixing-the-poisoned-well/discussion/link-to-blog
pub_fc_44_51,0.0,https://www.kaggle.com/competitions/fixing-the-poisoned-well/discussion/link-to-blog
pub_fc_44_52,0.0,https://www.kaggle.com/competitions/fixing-the-poisoned-well/discussion/link-to-blog
pub_fc_44_53,0.0,https://www.kaggle.com/competitions/fixing-the-poisoned-well/discussion/link-to-blog
pub_fc_44_54,0.0,https://www.kaggle.com/competitions/fixing-the-poisoned-well/discussion/link-to-blog
pub_fc_44_55,0.0,https://www.kaggle.com/competitions/fixing-the-poisoned-well/discussion/link-to-blog
pub_fc_45_0,0.0,https://www.kaggle.com/competitions/fixing-the-poisoned-well/discussion/link-to-blog
pub_fc_45_1,0.0,https://www.kaggle.com/competitions/fixing-the-poisoned-well/discussion/link-to-blog
pub_fc_45_2,0.0,https://www.kaggle.com/competitions/fixing-the-poisoned-well/discussion/link-to-blog
pub_fc_45_3,0.0,https://www.kaggle.com/competitions/fixing-the-poisoned-well/discussion/link-to-blog
pub_fc_45_4,0.0,https://www.kaggle.com/competitions/fixing-the-poisoned-well/discussion/link-to-blog
pub_fc_45_5,0.0,https://www.kaggle.com/competitions/fixing-the-poisoned-well/discussion/link-to-blog
pub_fc_45_6,0.0,https://www.kaggle.com/competitions/fixing-the-poisoned-well/discussion/link-to-blog
pub_fc_45_7,0.0,https://www.kaggle.com/competitions/fixing-the-poisoned-well/discussion/link-to-blog
pub_fc_45_8,0.0,https://www.kaggle.com/competitions/fixing-the-poisoned-well/discussion/link-to-blog
pub_fc_45_9,0.0,https://www.kaggle.com/competitions/fixing-the-poisoned-well/discussion/link-to-blog
pub_fc_45_10,0.0,https://www.kaggle.com/competitions/fixing-the-poisoned-well/discussion/link-to-blog
pub_fc_45_11,0.0,https://www.kaggle.com/competitions/fixing-the-poisoned-well/discussion/link-to-blog
pub_fc_45_12,0.0,https://www.kaggle.com/competitions/fixing-the-poisoned-well/discussion/link-to-blog
pub_fc_45_13,0.0,https://www.kaggle.com/competitions/fixing-the-poisoned-well/discussion/link-to-blog
pub_fc_45_14,0.0,https://www.kaggle.com/competitions/fixing-the-poisoned-well/discussion/link-to-blog
pub_fc_45_15,0.0,https://www.kaggle.com/competitions/fixing-the-poisoned-well/discussion/link-to-blog
pub_fc_45_16,0.0,https://www.kaggle.com/competitions/fixing-the-poisoned-well/discussion/link-to-blog
pub_fc_45_17,0.0,https://www.kaggle.com/competitions/fixing-the-poisoned-well/discussion/link-to-blog
pub_fc_45_18,0.0,https://www.kaggle.com/competitions/fixing-the-poisoned-well/discussion/link-to-blog
pub_fc_45_19,0.0,https://www.kaggle.com/competitions/fixing-the-poisoned-well/discussion/link-to-blog
pub_fc_45_20,0.0,https://www.kaggle.com/competitions/fixing-the-poisoned-well/discussion/link-to-blog
pub_fc_45_21,0.0,https://www.kaggle.com/competitions/fixing-the-poisoned-well/discussion/link-to-blog
pub_fc_45_22,0.0,https://www.kaggle.com/competitions/fixing-the-poisoned-well/discussion/link-to-blog
pub_fc_45_23,0.0,https://www.kaggle.com/competitions/fixing-the-poisoned-well/discussion/link-to-blog
pub_fc_45_24,0.0,https://www.kaggle.com/competitions/fixing-the-poisoned-well/discussion/link-to-blog
pub_fc_45_25,0.0,https://www.kaggle.com/competitions/fixing-the-poisoned-well/discussion/link-to-blog
pub_fc_45_26,0.0,https://www.kaggle.com/competitions/fixing-the-poisoned-well/discussion/link-to-blog
pub_fc_45_27,0.0,https://www.kaggle.com/competitions/fixing-the-poisoned-well/discussion/link-to-blog
pub_fc_45_28,0.0,https://www.kaggle.com/competitions/fixing-the-poisoned-well/discussion/link-to-blog
pub_fc_45_29,0.0,https://www.kaggle.com/competitions/fixing-the-poisoned-well/discussion/link-to-blog
pub_fc_45_30,0.0,https://www.kaggle.com/competitions/fixing-the-poisoned-well/discussion/link-to-blog
pub_fc_45_31,0.0,https://www.kaggle.com/competitions/fixing-the-poisoned-well/discussion/link-to-blog
pub_fc_45_32,0.0,https://www.kaggle.com/competitions/fixing-the-poisoned-well/discussion/link-to-blog
pub_fc_45_33,0.0,https://www.kaggle.com/competitions/fixing-the-poisoned-well/discussion/link-to-blog
pub_fc_45_34,0.0,https://www.kaggle.com/competitions/fixing-the-poisoned-well/discussion/link-to-blog
pub_fc_45_35,0.0,https://www.kaggle.com/competitions/fixing-the-poisoned-well/discussion/link-to-blog
pub_fc_45_36,0.0,https://www.kaggle.com/competitions/fixing-the-poisoned-well/discussion/link-to-blog
pub_fc_45_37,0.0,https://www.kaggle.com/competitions/fixing-the-poisoned-well/discussion/link-to-blog
pub_fc_45_38,0.0,https://www.kaggle.com/competitions/fixing-the-poisoned-well/discussion/link-to-blog
pub_fc_45_39,0.0,https://www.kaggle.com/competitions/fixing-the-poisoned-well/discussion/link-to-blog
pub_fc_45_40,0.0,https://www.kaggle.com/competitions/fixing-the-poisoned-well/discussion/link-to-blog
pub_fc_45_41,0.0,https://www.kaggle.com/competitions/fixing-the-poisoned-well/discussion/link-to-blog
pub_fc_45_42,0.0,https://www.kaggle.com/competitions/fixing-the-poisoned-well/discussion/link-to-blog
pub_fc_45_43,0.0,https://www.kaggle.com/competitions/fixing-the-poisoned-well/discussion/link-to-blog
pub_fc_45_44,0.0,https://www.kaggle.com/competitions/fixing-the-poisoned-well/discussion/link-to-blog
pub_fc_45_45,0.0,https://www.kaggle.com/competitions/fixing-the-poisoned-well/discussion/link-to-blog
pub_fc_45_46,0.0,https://www.kaggle.com/competitions/fixing-the-poisoned-well/discussion/link-to-blog
pub_fc_45_47,0.0,https://www.kaggle.com/competitions/fixing-the-poisoned-well/discussion/link-to-blog
pub_fc_45_48,0.0,https://www.kaggle.com/competitions/fixing-the-poisoned-well/discussion/link-to-blog
pub_fc_45_49,0.0,https://www.kaggle.com/competitions/fixing-the-poisoned-well/discussion/link-to-blog
pub_fc_45_50,0.0,https://www.kaggle.com/competitions/fixing-the-poisoned-well/discussion/link-to-blog
pub_fc_45_51,0.0,https://www.kaggle.com/competitions/fixing-the-poisoned-well/discussion/link-to-blog
pub_fc_45_52,0.0,https://www.kaggle.com/competitions/fixing-the-poisoned-well/discussion/link-to-blog
pub_fc_45_53,0.0,https://www.kaggle.com/competitions/fixing-the-poisoned-well/discussion/link-to-blog
pub_fc_45_54,0.0,https://www.kaggle.com/competitions/fixing-the-poisoned-well/discussion/link-to-blog
pub_fc_45_55,0.0,https://www.kaggle.com/competitions/fixing-the-poisoned-well/discussion/link-to-blog
pub_fc_46_0,0.0,https://www.kaggle.com/competitions/fixing-the-poisoned-well/discussion/link-to-blog
pub_fc_46_1,0.0,https://www.kaggle.com/competitions/fixing-the-poisoned-well/discussion/link-to-blog
pub_fc_46_2,0.0,https://www.kaggle.com/competitions/fixing-the-poisoned-well/discussion/link-to-blog
pub_fc_46_3,0.0,https://www.kaggle.com/competitions/fixing-the-poisoned-well/discussion/link-to-blog
pub_fc_46_4,0.0,https://www.kaggle.com/competitions/fixing-the-poisoned-well/discussion/link-to-blog
pub_fc_46_5,0.0,https://www.kaggle.com/competitions/fixing-the-poisoned-well/discussion/link-to-blog
pub_fc_46_6,0.0,https://www.kaggle.com/competitions/fixing-the-poisoned-well/discussion/link-to-blog
pub_fc_46_7,0.0,https://www.kaggle.com/competitions/fixing-the-poisoned-well/discussion/link-to-blog
pub_fc_46_8,0.0,https://www.kaggle.com/competitions/fixing-the-poisoned-well/discussion/link-to-blog
pub_fc_46_9,0.0,https://www.kaggle.com/competitions/fixing-the-poisoned-well/discussion/link-to-blog
pub_fc_46_10,0.0,https://www.kaggle.com/competitions/fixing-the-poisoned-well/discussion/link-to-blog
pub_fc_46_11,0.0,https://www.kaggle.com/competitions/fixing-the-poisoned-well/discussion/link-to-blog
pub_fc_46_12,0.0,https://www.kaggle.com/competitions/fixing-the-poisoned-well/discussion/link-to-blog
pub_fc_46_13,0.0,https://www.kaggle.com/competitions/fixing-the-poisoned-well/discussion/link-to-blog
pub_fc_46_14,0.0,https://www.kaggle.com/competitions/fixing-the-poisoned-well/discussion/link-to-blog
pub_fc_46_15,0.0,https://www.kaggle.com/competitions/fixing-the-poisoned-well/discussion/link-to-blog
pub_fc_46_16,0.0,https://www.kaggle.com/competitions/fixing-the-poisoned-well/discussion/link-to-blog
pub_fc_46_17,0.0,https://www.kaggle.com/competitions/fixing-the-poisoned-well/discussion/link-to-blog
pub_fc_46_18,0.0,https://www.kaggle.com/competitions/fixing-the-poisoned-well/discussion/link-to-blog
pub_fc_46_19,0.0,https://www.kaggle.com/competitions/fixing-the-poisoned-well/discussion/link-to-blog
pub_fc_46_20,0.0,https://www.kaggle.com/competitions/fixing-the-poisoned-well/discussion/link-to-blog
pub_fc_46_21,0.0,https://www.kaggle.com/competitions/fixing-the-poisoned-well/discussion/link-to-blog
pub_fc_46_22,0.0,https://www.kaggle.com/competitions/fixing-the-poisoned-well/discussion/link-to-blog
pub_fc_46_23,0.0,https://www.kaggle.com/competitions/fixing-the-poisoned-well/discussion/link-to-blog
pub_fc_46_24,0.0,https://www.kaggle.com/competitions/fixing-the-poisoned-well/discussion/link-to-blog
pub_fc_46_25,0.0,https://www.kaggle.com/competitions/fixing-the-poisoned-well/discussion/link-to-blog
pub_fc_46_26,0.0,https://www.kaggle.com/competitions/fixing-the-poisoned-well/discussion/link-to-blog
pub_fc_46_27,0.0,https://www.kaggle.com/competitions/fixing-the-poisoned-well/discussion/link-to-blog
pub_fc_46_28,0.0,https://www.kaggle.com/competitions/fixing-the-poisoned-well/discussion/link-to-blog
pub_fc_46_29,0.0,https://www.kaggle.com/competitions/fixing-the-poisoned-well/discussion/link-to-blog
pub_fc_46_30,0.0,https://www.kaggle.com/competitions/fixing-the-poisoned-well/discussion/link-to-blog
pub_fc_46_31,0.0,https://www.kaggle.com/competitions/fixing-the-poisoned-well/discussion/link-to-blog
pub_fc_46_32,0.0,https://www.kaggle.com/competitions/fixing-the-poisoned-well/discussion/link-to-blog
pub_fc_46_33,0.0,https://www.kaggle.com/competitions/fixing-the-poisoned-well/discussion/link-to-blog
pub_fc_46_34,0.0,https://www.kaggle.com/competitions/fixing-the-poisoned-well/discussion/link-to-blog
pub_fc_46_35,0.0,https://www.kaggle.com/competitions/fixing-the-poisoned-well/discussion/link-to-blog
pub_fc_46_36,0.0,https://www.kaggle.com/competitions/fixing-the-poisoned-well/discussion/link-to-blog
pub_fc_46_37,0.0,https://www.kaggle.com/competitions/fixing-the-poisoned-well/discussion/link-to-blog
pub_fc_46_38,0.0,https://www.kaggle.com/competitions/fixing-the-poisoned-well/discussion/link-to-blog
pub_fc_46_39,0.0,https://www.kaggle.com/competitions/fixing-the-poisoned-well/discussion/link-to-blog
pub_fc_46_40,0.0,https://www.kaggle.com/competitions/fixing-the-poisoned-well/discussion/link-to-blog
pub_fc_46_41,0.0,https://www.kaggle.com/competitions/fixing-the-poisoned-well/discussion/link-to-blog
pub_fc_46_42,0.0,https://www.kaggle.com/competitions/fixing-the-poisoned-well/discussion/link-to-blog
pub_fc_46_43,0.0,https://www.kaggle.com/competitions/fixing-the-poisoned-well/discussion/link-to-blog
pub_fc_46_44,0.0,https://www.kaggle.com/competitions/fixing-the-poisoned-well/discussion/link-to-blog
pub_fc_46_45,0.0,https://www.kaggle.com/competitions/fixing-the-poisoned-well/discussion/link-to-blog
pub_fc_46_46,0.0,https://www.kaggle.com/competitions/fixing-the-poisoned-well/discussion/link-to-blog
pub_fc_46_47,0.0,https://www.kaggle.com/competitions/fixing-the-poisoned-well/discussion/link-to-blog
pub_fc_46_48,0.0,https://www.kaggle.com/competitions/fixing-the-poisoned-well/discussion/link-to-blog
pub_fc_46_49,0.0,https://www.kaggle.com/competitions/fixing-the-poisoned-well/discussion/link-to-blog
pub_fc_46_50,0.0,https://www.kaggle.com/competitions/fixing-the-poisoned-well/discussion/link-to-blog
pub_fc_46_51,0.0,https://www.kaggle.com/competitions/fixing-the-poisoned-well/discussion/link-to-blog
pub_fc_46_52,0.0,https://www.kaggle.com/competitions/fixing-the-poisoned-well/discussion/link-to-blog
pub_fc_46_53,0.0,https://www.kaggle.com/competitions/fixing-the-poisoned-well/discussion/link-to-blog
pub_fc_46_54,0.0,https://www.kaggle.com/competitions/fixing-the-poisoned-well/discussion/link-to-blog
pub_fc_46_55,0.0,https://www.kaggle.com/competitions/fixing-the-poisoned-well/discussion/link-to-blog
pub_fc_47_0,0.0,https://www.kaggle.com/competitions/fixing-the-poisoned-well/discussion/link-to-blog
pub_fc_47_1,0.0,https://www.kaggle.com/competitions/fixing-the-poisoned-well/discussion/link-to-blog
pub_fc_47_2,0.0,https://www.kaggle.com/competitions/fixing-the-poisoned-well/discussion/link-to-blog
pub_fc_47_3,0.0,https://www.kaggle.com/competitions/fixing-the-poisoned-well/discussion/link-to-blog
pub_fc_47_4,0.0,https://www.kaggle.com/competitions/fixing-the-poisoned-well/discussion/link-to-blog
pub_fc_47_5,0.0,https://www.kaggle.com/competitions/fixing-the-poisoned-well/discussion/link-to-blog
pub_fc_47_6,0.0,https://www.kaggle.com/competitions/fixing-the-poisoned-well/discussion/link-to-blog
pub_fc_47_7,0.0,https://www.kaggle.com/competitions/fixing-the-poisoned-well/discussion/link-to-blog
pub_fc_47_8,0.0,https://www.kaggle.com/competitions/fixing-the-poisoned-well/discussion/link-to-blog
pub_fc_47_9,0.0,https://www.kaggle.com/competitions/fixing-the-poisoned-well/discussion/link-to-blog
pub_fc_47_10,0.0,https://www.kaggle.com/competitions/fixing-the-poisoned-well/discussion/link-to-blog
pub_fc_47_11,0.0,https://www.kaggle.com/competitions/fixing-the-poisoned-well/discussion/link-to-blog
pub_fc_47_12,0.0,https://www.kaggle.com/competitions/fixing-the-poisoned-well/discussion/link-to-blog
pub_fc_47_13,0.0,https://www.kaggle.com/competitions/fixing-the-poisoned-well/discussion/link-to-blog
pub_fc_47_14,0.0,https://www.kaggle.com/competitions/fixing-the-poisoned-well/discussion/link-to-blog
pub_fc_47_15,0.0,https://www.kaggle.com/competitions/fixing-the-poisoned-well/discussion/link-to-blog
pub_fc_47_16,0.0,https://www.kaggle.com/competitions/fixing-the-poisoned-well/discussion/link-to-blog
pub_fc_47_17,0.0,https://www.kaggle.com/competitions/fixing-the-poisoned-well/discussion/link-to-blog
pub_fc_47_18,0.0,https://www.kaggle.com/competitions/fixing-the-poisoned-well/discussion/link-to-blog
pub_fc_47_19,0.0,https://www.kaggle.com/competitions/fixing-the-poisoned-well/discussion/link-to-blog
pub_fc_47_20,0.0,https://www.kaggle.com/competitions/fixing-the-poisoned-well/discussion/link-to-blog
pub_fc_47_21,0.0,https://www.kaggle.com/competitions/fixing-the-poisoned-well/discussion/link-to-blog
pub_fc_47_22,0.0,https://www.kaggle.com/competitions/fixing-the-poisoned-well/discussion/link-to-blog
pub_fc_47_23,0.0,https://www.kaggle.com/competitions/fixing-the-poisoned-well/discussion/link-to-blog
pub_fc_47_24,0.0,https://www.kaggle.com/competitions/fixing-the-poisoned-well/discussion/link-to-blog
pub_fc_47_25,0.0,https://www.kaggle.com/competitions/fixing-the-poisoned-well/discussion/link-to-blog
pub_fc_47_26,0.0,https://www.kaggle.com/competitions/fixing-the-poisoned-well/discussion/link-to-blog
pub_fc_47_27,0.0,https://www.kaggle.com/competitions/fixing-the-poisoned-well/discussion/link-to-blog
pub_fc_47_28,0.0,https://www.kaggle.com/competitions/fixing-the-poisoned-well/discussion/link-to-blog
pub_fc_47_29,0.0,https://www.kaggle.com/competitions/fixing-the-poisoned-well/discussion/link-to-blog
pub_fc_47_30,0.0,https://www.kaggle.com/competitions/fixing-the-poisoned-well/discussion/link-to-blog
pub_fc_47_31,0.0,https://www.kaggle.com/competitions/fixing-the-poisoned-well/discussion/link-to-blog
pub_fc_47_32,0.0,https://www.kaggle.com/competitions/fixing-the-poisoned-well/discussion/link-to-blog
pub_fc_47_33,0.0,https://www.kaggle.com/competitions/fixing-the-poisoned-well/discussion/link-to-blog
pub_fc_47_34,0.0,https://www.kaggle.com/competitions/fixing-the-poisoned-well/discussion/link-to-blog
pub_fc_47_35,0.0,https://www.kaggle.com/competitions/fixing-the-poisoned-well/discussion/link-to-blog
pub_fc_47_36,0.0,https://www.kaggle.com/competitions/fixing-the-poisoned-well/discussion/link-to-blog
pub_fc_47_37,0.0,https://www.kaggle.com/competitions/fixing-the-poisoned-well/discussion/link-to-blog
pub_fc_47_38,0.0,https://www.kaggle.com/competitions/fixing-the-poisoned-well/discussion/link-to-blog
pub_fc_47_39,0.0,https://www.kaggle.com/competitions/fixing-the-poisoned-well/discussion/link-to-blog
pub_fc_47_40,0.0,https://www.kaggle.com/competitions/fixing-the-poisoned-well/discussion/link-to-blog
pub_fc_47_41,0.0,https://www.kaggle.com/competitions/fixing-the-poisoned-well/discussion/link-to-blog
pub_fc_47_42,0.0,https://www.kaggle.com/competitions/fixing-the-poisoned-well/discussion/link-to-blog
pub_fc_47_43,0.0,https://www.kaggle.com/competitions/fixing-the-poisoned-well/discussion/link-to-blog
pub_fc_47_44,0.0,https://www.kaggle.com/competitions/fixing-the-poisoned-well/discussion/link-to-blog
pub_fc_47_45,0.0,https://www.kaggle.com/competitions/fixing-the-poisoned-well/discussion/link-to-blog
pub_fc_47_46,0.0,https://www.kaggle.com/competitions/fixing-the-poisoned-well/discussion/link-to-blog
pub_fc_47_47,0.0,https://www.kaggle.com/competitions/fixing-the-poisoned-well/discussion/link-to-blog
pub_fc_47_48,0.0,https://www.kaggle.com/competitions/fixing-the-poisoned-well/discussion/link-to-blog
pub_fc_47_49,0.0,https://www.kaggle.com/competitions/fixing-the-poisoned-well/discussion/link-to-blog
pub_fc_47_50,0.0,https://www.kaggle.com/competitions/fixing-the-poisoned-well/discussion/link-to-blog
pub_fc_47_51,0.0,https://www.kaggle.com/competitions/fixing-the-poisoned-well/discussion/link-to-blog
pub_fc_47_52,0.0,https://www.kaggle.com/competitions/fixing-the-poisoned-well/discussion/link-to-blog
pub_fc_47_53,0.0,https://www.kaggle.com/competitions/fixing-the-poisoned-well/discussion/link-to-blog
pub_fc_47_54,0.0,https://www.kaggle.com/competitions/fixing-the-poisoned-well/discussion/link-to-blog
pub_fc_47_55,0.0,https://www.kaggle.com/competitions/fixing-the-poisoned-well/discussion/link-to-blog
pub_fc_48_0,0.0,https://www.kaggle.com/competitions/fixing-the-poisoned-well/discussion/link-to-blog
pub_fc_48_1,0.0,https://www.kaggle.com/competitions/fixing-the-poisoned-well/discussion/link-to-blog
pub_fc_48_2,0.0,https://www.kaggle.com/competitions/fixing-the-poisoned-well/discussion/link-to-blog
pub_fc_48_3,0.0,https://www.kaggle.com/competitions/fixing-the-poisoned-well/discussion/link-to-blog
pub_fc_48_4,0.0,https://www.kaggle.com/competitions/fixing-the-poisoned-well/discussion/link-to-blog
pub_fc_48_5,0.0,https://www.kaggle.com/competitions/fixing-the-poisoned-well/discussion/link-to-blog
pub_fc_48_6,0.0,https://www.kaggle.com/competitions/fixing-the-poisoned-well/discussion/link-to-blog
pub_fc_48_7,0.0,https://www.kaggle.com/competitions/fixing-the-poisoned-well/discussion/link-to-blog
pub_fc_48_8,0.0,https://www.kaggle.com/competitions/fixing-the-poisoned-well/discussion/link-to-blog
pub_fc_48_9,0.0,https://www.kaggle.com/competitions/fixing-the-poisoned-well/discussion/link-to-blog
pub_fc_48_10,0.0,https://www.kaggle.com/competitions/fixing-the-poisoned-well/discussion/link-to-blog
pub_fc_48_11,0.0,https://www.kaggle.com/competitions/fixing-the-poisoned-well/discussion/link-to-blog
pub_fc_48_12,0.0,https://www.kaggle.com/competitions/fixing-the-poisoned-well/discussion/link-to-blog
pub_fc_48_13,0.0,https://www.kaggle.com/competitions/fixing-the-poisoned-well/discussion/link-to-blog
pub_fc_48_14,0.0,https://www.kaggle.com/competitions/fixing-the-poisoned-well/discussion/link-to-blog
pub_fc_48_15,0.0,https://www.kaggle.com/competitions/fixing-the-poisoned-well/discussion/link-to-blog
pub_fc_48_16,0.0,https://www.kaggle.com/competitions/fixing-the-poisoned-well/discussion/link-to-blog
pub_fc_48_17,0.0,https://www.kaggle.com/competitions/fixing-the-poisoned-well/discussion/link-to-blog
pub_fc_48_18,0.0,https://www.kaggle.com/competitions/fixing-the-poisoned-well/discussion/link-to-blog
pub_fc_48_19,0.0,https://www.kaggle.com/competitions/fixing-the-poisoned-well/discussion/link-to-blog
pub_fc_48_20,0.0,https://www.kaggle.com/competitions/fixing-the-poisoned-well/discussion/link-to-blog
pub_fc_48_21,0.0,https://www.kaggle.com/competitions/fixing-the-poisoned-well/discussion/link-to-blog
pub_fc_48_22,0.0,https://www.kaggle.com/competitions/fixing-the-poisoned-well/discussion/link-to-blog
pub_fc_48_23,0.0,https://www.kaggle.com/competitions/fixing-the-poisoned-well/discussion/link-to-blog
pub_fc_48_24,0.0,https://www.kaggle.com/competitions/fixing-the-poisoned-well/discussion/link-to-blog
pub_fc_48_25,0.0,https://www.kaggle.com/competitions/fixing-the-poisoned-well/discussion/link-to-blog
pub_fc_48_26,0.0,https://www.kaggle.com/competitions/fixing-the-poisoned-well/discussion/link-to-blog
pub_fc_48_27,0.0,https://www.kaggle.com/competitions/fixing-the-poisoned-well/discussion/link-to-blog
pub_fc_48_28,0.0,https://www.kaggle.com/competitions/fixing-the-poisoned-well/discussion/link-to-blog
pub_fc_48_29,0.0,https://www.kaggle.com/competitions/fixing-the-poisoned-well/discussion/link-to-blog
pub_fc_48_30,0.0,https://www.kaggle.com/competitions/fixing-the-poisoned-well/discussion/link-to-blog
pub_fc_48_31,0.0,https://www.kaggle.com/competitions/fixing-the-poisoned-well/discussion/link-to-blog
pub_fc_48_32,0.0,https://www.kaggle.com/competitions/fixing-the-poisoned-well/discussion/link-to-blog
pub_fc_48_33,0.0,https://www.kaggle.com/competitions/fixing-the-poisoned-well/discussion/link-to-blog
pub_fc_48_34,0.0,https://www.kaggle.com/competitions/fixing-the-poisoned-well/discussion/link-to-blog
pub_fc_48_35,0.0,https://www.kaggle.com/competitions/fixing-the-poisoned-well/discussion/link-to-blog
pub_fc_48_36,0.0,https://www.kaggle.com/competitions/fixing-the-poisoned-well/discussion/link-to-blog
pub_fc_48_37,0.0,https://www.kaggle.com/competitions/fixing-the-poisoned-well/discussion/link-to-blog
pub_fc_48_38,0.0,https://www.kaggle.com/competitions/fixing-the-poisoned-well/discussion/link-to-blog
pub_fc_48_39,0.0,https://www.kaggle.com/competitions/fixing-the-poisoned-well/discussion/link-to-blog
pub_fc_48_40,0.0,https://www.kaggle.com/competitions/fixing-the-poisoned-well/discussion/link-to-blog
pub_fc_48_41,0.0,https://www.kaggle.com/competitions/fixing-the-poisoned-well/discussion/link-to-blog
pub_fc_48_42,0.0,https://www.kaggle.com/competitions/fixing-the-poisoned-well/discussion/link-to-blog
pub_fc_48_43,0.0,https://www.kaggle.com/competitions/fixing-the-poisoned-well/discussion/link-to-blog
pub_fc_48_44,0.0,https://www.kaggle.com/competitions/fixing-the-poisoned-well/discussion/link-to-blog
pub_fc_48_45,0.0,https://www.kaggle.com/competitions/fixing-the-poisoned-well/discussion/link-to-blog
pub_fc_48_46,0.0,https://www.kaggle.com/competitions/fixing-the-poisoned-well/discussion/link-to-blog
pub_fc_48_47,0.0,https://www.kaggle.com/competitions/fixing-the-poisoned-well/discussion/link-to-blog
pub_fc_48_48,0.0,https://www.kaggle.com/competitions/fixing-the-poisoned-well/discussion/link-to-blog
pub_fc_48_49,0.0,https://www.kaggle.com/competitions/fixing-the-poisoned-well/discussion/link-to-blog
pub_fc_48_50,0.0,https://www.kaggle.com/competitions/fixing-the-poisoned-well/discussion/link-to-blog
pub_fc_48_51,0.0,https://www.kaggle.com/competitions/fixing-the-poisoned-well/discussion/link-to-blog
pub_fc_48_52,0.0,https://www.kaggle.com/competitions/fixing-the-poisoned-well/discussion/link-to-blog
pub_fc_48_53,0.0,https://www.kaggle.com/competitions/fixing-the-poisoned-well/discussion/link-to-blog
pub_fc_48_54,0.0,https://www.kaggle.com/competitions/fixing-the-poisoned-well/discussion/link-to-blog
pub_fc_48_55,0.0,https://www.kaggle.com/competitions/fixing-the-poisoned-well/discussion/link-to-blog
pub_fc_49_0,0.0,https://www.kaggle.com/competitions/fixing-the-poisoned-well/discussion/link-to-blog
pub_fc_49_1,0.0,https://www.kaggle.com/competitions/fixing-the-poisoned-well/discussion/link-to-blog
pub_fc_49_2,0.0,https://www.kaggle.com/competitions/fixing-the-poisoned-well/discussion/link-to-blog
pub_fc_49_3,0.0,https://www.kaggle.com/competitions/fixing-the-poisoned-well/discussion/link-to-blog
pub_fc_49_4,0.0,https://www.kaggle.com/competitions/fixing-the-poisoned-well/discussion/link-to-blog
pub_fc_49_5,0.0,https://www.kaggle.com/competitions/fixing-the-poisoned-well/discussion/link-to-blog
pub_fc_49_6,0.0,https://www.kaggle.com/competitions/fixing-the-poisoned-well/discussion/link-to-blog
pub_fc_49_7,0.0,https://www.kaggle.com/competitions/fixing-the-poisoned-well/discussion/link-to-blog
pub_fc_49_8,0.0,https://www.kaggle.com/competitions/fixing-the-poisoned-well/discussion/link-to-blog
pub_fc_49_9,0.0,https://www.kaggle.com/competitions/fixing-the-poisoned-well/discussion/link-to-blog
pub_fc_49_10,0.0,https://www.kaggle.com/competitions/fixing-the-poisoned-well/discussion/link-to-blog
pub_fc_49_11,0.0,https://www.kaggle.com/competitions/fixing-the-poisoned-well/discussion/link-to-blog
pub_fc_49_12,0.0,https://www.kaggle.com/competitions/fixing-the-poisoned-well/discussion/link-to-blog
pub_fc_49_13,0.0,https://www.kaggle.com/competitions/fixing-the-poisoned-well/discussion/link-to-blog
pub_fc_49_14,0.0,https://www.kaggle.com/competitions/fixing-the-poisoned-well/discussion/link-to-blog
pub_fc_49_15,0.0,https://www.kaggle.com/competitions/fixing-the-poisoned-well/discussion/link-to-blog
pub_fc_49_16,0.0,https://www.kaggle.com/competitions/fixing-the-poisoned-well/discussion/link-to-blog
pub_fc_49_17,0.0,https://www.kaggle.com/competitions/fixing-the-poisoned-well/discussion/link-to-blog
pub_fc_49_18,0.0,https://www.kaggle.com/competitions/fixing-the-poisoned-well/discussion/link-to-blog
pub_fc_49_19,0.0,https://www.kaggle.com/competitions/fixing-the-poisoned-well/discussion/link-to-blog
pub_fc_49_20,0.0,https://www.kaggle.com/competitions/fixing-the-poisoned-well/discussion/link-to-blog
pub_fc_49_21,0.0,https://www.kaggle.com/competitions/fixing-the-poisoned-well/discussion/link-to-blog
pub_fc_49_22,0.0,https://www.kaggle.com/competitions/fixing-the-poisoned-well/discussion/link-to-blog
pub_fc_49_23,0.0,https://www.kaggle.com/competitions/fixing-the-poisoned-well/discussion/link-to-blog
pub_fc_49_24,0.0,https://www.kaggle.com/competitions/fixing-the-poisoned-well/discussion/link-to-blog
pub_fc_49_25,0.0,https://www.kaggle.com/competitions/fixing-the-poisoned-well/discussion/link-to-blog
pub_fc_49_26,0.0,https://www.kaggle.com/competitions/fixing-the-poisoned-well/discussion/link-to-blog
pub_fc_49_27,0.0,https://www.kaggle.com/competitions/fixing-the-poisoned-well/discussion/link-to-blog
pub_fc_49_28,0.0,https://www.kaggle.com/competitions/fixing-the-poisoned-well/discussion/link-to-blog
pub_fc_49_29,0.0,https://www.kaggle.com/competitions/fixing-the-poisoned-well/discussion/link-to-blog
pub_fc_49_30,0.0,https://www.kaggle.com/competitions/fixing-the-poisoned-well/discussion/link-to-blog
pub_fc_49_31,0.0,https://www.kaggle.com/competitions/fixing-the-poisoned-well/discussion/link-to-blog
pub_fc_49_32,0.0,https://www.kaggle.com/competitions/fixing-the-poisoned-well/discussion/link-to-blog
pub_fc_49_33,0.0,https://www.kaggle.com/competitions/fixing-the-poisoned-well/discussion/link-to-blog
pub_fc_49_34,0.0,https://www.kaggle.com/competitions/fixing-the-poisoned-well/discussion/link-to-blog
pub_fc_49_35,0.0,https://www.kaggle.com/competitions/fixing-the-poisoned-well/discussion/link-to-blog
pub_fc_49_36,0.0,https://www.kaggle.com/competitions/fixing-the-poisoned-well/discussion/link-to-blog
pub_fc_49_37,0.0,https://www.kaggle.com/competitions/fixing-the-poisoned-well/discussion/link-to-blog
pub_fc_49_38,0.0,https://www.kaggle.com/competitions/fixing-the-poisoned-well/discussion/link-to-blog
pub_fc_49_39,0.0,https://www.kaggle.com/competitions/fixing-the-poisoned-well/discussion/link-to-blog
pub_fc_49_40,0.0,https://www.kaggle.com/competitions/fixing-the-poisoned-well/discussion/link-to-blog
pub_fc_49_41,0.0,https://www.kaggle.com/competitions/fixing-the-poisoned-well/discussion/link-to-blog
pub_fc_49_42,0.0,https://www.kaggle.com/competitions/fixing-the-poisoned-well/discussion/link-to-blog
pub_fc_49_43,0.0,https://www.kaggle.com/competitions/fixing-the-poisoned-well/discussion/link-to-blog
pub_fc_49_44,0.0,https://www.kaggle.com/competitions/fixing-the-poisoned-well/discussion/link-to-blog
pub_fc_49_45,0.0,https://www.kaggle.com/competitions/fixing-the-poisoned-well/discussion/link-to-blog
pub_fc_49_46,0.0,https://www.kaggle.com/competitions/fixing-the-poisoned-well/discussion/link-to-blog
pub_fc_49_47,0.0,https://www.kaggle.com/competitions/fixing-the-poisoned-well/discussion/link-to-blog
pub_fc_49_48,0.0,https://www.kaggle.com/competitions/fixing-the-poisoned-well/discussion/link-to-blog
pub_fc_49_49,0.0,https://www.kaggle.com/competitions/fixing-the-poisoned-well/discussion/link-to-blog
pub_fc_49_50,0.0,https://www.kaggle.com/competitions/fixing-the-poisoned-well/discussion/link-to-blog
pub_fc_49_51,0.0,https://www.kaggle.com/competitions/fixing-the-poisoned-well/discussion/link-to-blog
pub_fc_49_52,0.0,https://www.kaggle.com/competitions/fixing-the-poisoned-well/discussion/link-to-blog
pub_fc_49_53,0.0,https://www.kaggle.com/competitions/fixing-the-poisoned-well/discussion/link-to-blog
pub_fc_49_54,0.0,https://www.kaggle.com/competitions/fixing-the-poisoned-well/discussion/link-to-blog
pub_fc_49_55,0.0,https://www.kaggle.com/competitions/fixing-the-poisoned-well/discussion/link-to-blog
pub_fc_50_0,0.0,https://www.kaggle.com/competitions/fixing-the-poisoned-well/discussion/link-to-blog
pub_fc_50_1,0.0,https://www.kaggle.com/competitions/fixing-the-poisoned-well/discussion/link-to-blog
pub_fc_50_2,0.0,https://www.kaggle.com/competitions/fixing-the-poisoned-well/discussion/link-to-blog
pub_fc_50_3,0.0,https://www.kaggle.com/competitions/fixing-the-poisoned-well/discussion/link-to-blog
pub_fc_50_4,0.0,https://www.kaggle.com/competitions/fixing-the-poisoned-well/discussion/link-to-blog
pub_fc_50_5,0.0,https://www.kaggle.com/competitions/fixing-the-poisoned-well/discussion/link-to-blog
pub_fc_50_6,0.0,https://www.kaggle.com/competitions/fixing-the-poisoned-well/discussion/link-to-blog
pub_fc_50_7,0.0,https://www.kaggle.com/competitions/fixing-the-poisoned-well/discussion/link-to-blog
pub_fc_50_8,0.0,https://www.kaggle.com/competitions/fixing-the-poisoned-well/discussion/link-to-blog
pub_fc_50_9,0.0,https://www.kaggle.com/competitions/fixing-the-poisoned-well/discussion/link-to-blog
pub_fc_50_10,0.0,https://www.kaggle.com/competitions/fixing-the-poisoned-well/discussion/link-to-blog
pub_fc_50_11,0.0,https://www.kaggle.com/competitions/fixing-the-poisoned-well/discussion/link-to-blog
pub_fc_50_12,0.0,https://www.kaggle.com/competitions/fixing-the-poisoned-well/discussion/link-to-blog
pub_fc_50_13,0.0,https://www.kaggle.com/competitions/fixing-the-poisoned-well/discussion/link-to-blog
pub_fc_50_14,0.0,https://www.kaggle.com/competitions/fixing-the-poisoned-well/discussion/link-to-blog
pub_fc_50_15,0.0,https://www.kaggle.com/competitions/fixing-the-poisoned-well/discussion/link-to-blog
pub_fc_50_16,0.0,https://www.kaggle.com/competitions/fixing-the-poisoned-well/discussion/link-to-blog
pub_fc_50_17,0.0,https://www.kaggle.com/competitions/fixing-the-poisoned-well/discussion/link-to-blog
pub_fc_50_18,0.0,https://www.kaggle.com/competitions/fixing-the-poisoned-well/discussion/link-to-blog
pub_fc_50_19,0.0,https://www.kaggle.com/competitions/fixing-the-poisoned-well/discussion/link-to-blog
pub_fc_50_20,0.0,https://www.kaggle.com/competitions/fixing-the-poisoned-well/discussion/link-to-blog
pub_fc_50_21,0.0,https://www.kaggle.com/competitions/fixing-the-poisoned-well/discussion/link-to-blog
pub_fc_50_22,0.0,https://www.kaggle.com/competitions/fixing-the-poisoned-well/discussion/link-to-blog
pub_fc_50_23,0.0,https://www.kaggle.com/competitions/fixing-the-poisoned-well/discussion/link-to-blog
pub_fc_50_24,0.0,https://www.kaggle.com/competitions/fixing-the-poisoned-well/discussion/link-to-blog
pub_fc_50_25,0.0,https://www.kaggle.com/competitions/fixing-the-poisoned-well/discussion/link-to-blog
pub_fc_50_26,0.0,https://www.kaggle.com/competitions/fixing-the-poisoned-well/discussion/link-to-blog
pub_fc_50_27,0.0,https://www.kaggle.com/competitions/fixing-the-poisoned-well/discussion/link-to-blog
pub_fc_50_28,0.0,https://www.kaggle.com/competitions/fixing-the-poisoned-well/discussion/link-to-blog
pub_fc_50_29,0.0,https://www.kaggle.com/competitions/fixing-the-poisoned-well/discussion/link-to-blog
pub_fc_50_30,0.0,https://www.kaggle.com/competitions/fixing-the-poisoned-well/discussion/link-to-blog
pub_fc_50_31,0.0,https://www.kaggle.com/competitions/fixing-the-poisoned-well/discussion/link-to-blog
pub_fc_50_32,0.0,https://www.kaggle.com/competitions/fixing-the-poisoned-well/discussion/link-to-blog
pub_fc_50_33,0.0,https://www.kaggle.com/competitions/fixing-the-poisoned-well/discussion/link-to-blog
pub_fc_50_34,0.0,https://www.kaggle.com/competitions/fixing-the-poisoned-well/discussion/link-to-blog
pub_fc_50_35,0.0,https://www.kaggle.com/competitions/fixing-the-poisoned-well/discussion/link-to-blog
pub_fc_50_36,0.0,https://www.kaggle.com/competitions/fixing-the-poisoned-well/discussion/link-to-blog
pub_fc_50_37,0.0,https://www.kaggle.com/competitions/fixing-the-poisoned-well/discussion/link-to-blog
pub_fc_50_38,0.0,https://www.kaggle.com/competitions/fixing-the-poisoned-well/discussion/link-to-blog
pub_fc_50_39,0.0,https://www.kaggle.com/competitions/fixing-the-poisoned-well/discussion/link-to-blog
pub_fc_50_40,0.0,https://www.kaggle.com/competitions/fixing-the-poisoned-well/discussion/link-to-blog
pub_fc_50_41,0.0,https://www.kaggle.com/competitions/fixing-the-poisoned-well/discussion/link-to-blog
pub_fc_50_42,0.0,https://www.kaggle.com/competitions/fixing-the-poisoned-well/discussion/link-to-blog
pub_fc_50_43,0.0,https://www.kaggle.com/competitions/fixing-the-poisoned-well/discussion/link-to-blog
pub_fc_50_44,0.0,https://www.kaggle.com/competitions/fixing-the-poisoned-well/discussion/link-to-blog
pub_fc_50_45,0.0,https://www.kaggle.com/competitions/fixing-the-poisoned-well/discussion/link-to-blog
pub_fc_50_46,0.0,https://www.kaggle.com/competitions/fixing-the-poisoned-well/discussion/link-to-blog
pub_fc_50_47,0.0,https://www.kaggle.com/competitions/fixing-the-poisoned-well/discussion/link-to-blog
pub_fc_50_48,0.0,https://www.kaggle.com/competitions/fixing-the-poisoned-well/discussion/link-to-blog
pub_fc_50_49,0.0,https://www.kaggle.com/competitions/fixing-the-poisoned-well/discussion/link-to-blog
pub_fc_50_50,0.0,https://www.kaggle.com/competitions/fixing-the-poisoned-well/discussion/link-to-blog
pub_fc_50_51,0.0,https://www.kaggle.com/competitions/fixing-the-poisoned-well/discussion/link-to-blog
pub_fc_50_52,0.0,https://www.kaggle.com/competitions/fixing-the-poisoned-well/discussion/link-to-blog
pub_fc_50_53,0.0,https://www.kaggle.com/competitions/fixing-the-poisoned-well/discussion/link-to-blog
pub_fc_50_54,0.0,https://www.kaggle.com/competitions/fixing-the-poisoned-well/discussion/link-to-blog
pub_fc_50_55,0.0,https://www.kaggle.com/competitions/fixing-the-poisoned-well/discussion/link-to-blog
pub_fc_51_0,0.0,https://www.kaggle.com/competitions/fixing-the-poisoned-well/discussion/link-to-blog
pub_fc_51_1,0.0,https://www.kaggle.com/competitions/fixing-the-poisoned-well/discussion/link-to-blog
pub_fc_51_2,0.0,https://www.kaggle.com/competitions/fixing-the-poisoned-well/discussion/link-to-blog
pub_fc_51_3,0.0,https://www.kaggle.com/competitions/fixing-the-poisoned-well/discussion/link-to-blog
pub_fc_51_4,0.0,https://www.kaggle.com/competitions/fixing-the-poisoned-well/discussion/link-to-blog
pub_fc_51_5,0.0,https://www.kaggle.com/competitions/fixing-the-poisoned-well/discussion/link-to-blog
pub_fc_51_6,0.0,https://www.kaggle.com/competitions/fixing-the-poisoned-well/discussion/link-to-blog
pub_fc_51_7,0.0,https://www.kaggle.com/competitions/fixing-the-poisoned-well/discussion/link-to-blog
pub_fc_51_8,0.0,https://www.kaggle.com/competitions/fixing-the-poisoned-well/discussion/link-to-blog
pub_fc_51_9,0.0,https://www.kaggle.com/competitions/fixing-the-poisoned-well/discussion/link-to-blog
pub_fc_51_10,0.0,https://www.kaggle.com/competitions/fixing-the-poisoned-well/discussion/link-to-blog
pub_fc_51_11,0.0,https://www.kaggle.com/competitions/fixing-the-poisoned-well/discussion/link-to-blog
pub_fc_51_12,0.0,https://www.kaggle.com/competitions/fixing-the-poisoned-well/discussion/link-to-blog
pub_fc_51_13,0.0,https://www.kaggle.com/competitions/fixing-the-poisoned-well/discussion/link-to-blog
pub_fc_51_14,0.0,https://www.kaggle.com/competitions/fixing-the-poisoned-well/discussion/link-to-blog
pub_fc_51_15,0.0,https://www.kaggle.com/competitions/fixing-the-poisoned-well/discussion/link-to-blog
pub_fc_51_16,0.0,https://www.kaggle.com/competitions/fixing-the-poisoned-well/discussion/link-to-blog
pub_fc_51_17,0.0,https://www.kaggle.com/competitions/fixing-the-poisoned-well/discussion/link-to-blog
pub_fc_51_18,0.0,https://www.kaggle.com/competitions/fixing-the-poisoned-well/discussion/link-to-blog
pub_fc_51_19,0.0,https://www.kaggle.com/competitions/fixing-the-poisoned-well/discussion/link-to-blog
pub_fc_51_20,0.0,https://www.kaggle.com/competitions/fixing-the-poisoned-well/discussion/link-to-blog
pub_fc_51_21,0.0,https://www.kaggle.com/competitions/fixing-the-poisoned-well/discussion/link-to-blog
pub_fc_51_22,0.0,https://www.kaggle.com/competitions/fixing-the-poisoned-well/discussion/link-to-blog
pub_fc_51_23,0.0,https://www.kaggle.com/competitions/fixing-the-poisoned-well/discussion/link-to-blog
pub_fc_51_24,0.0,https://www.kaggle.com/competitions/fixing-the-poisoned-well/discussion/link-to-blog
pub_fc_51_25,0.0,https://www.kaggle.com/competitions/fixing-the-poisoned-well/discussion/link-to-blog
pub_fc_51_26,0.0,https://www.kaggle.com/competitions/fixing-the-poisoned-well/discussion/link-to-blog
pub_fc_51_27,0.0,https://www.kaggle.com/competitions/fixing-the-poisoned-well/discussion/link-to-blog
pub_fc_51_28,0.0,https://www.kaggle.com/competitions/fixing-the-poisoned-well/discussion/link-to-blog
pub_fc_51_29,0.0,https://www.kaggle.com/competitions/fixing-the-poisoned-well/discussion/link-to-blog
pub_fc_51_30,0.0,https://www.kaggle.com/competitions/fixing-the-poisoned-well/discussion/link-to-blog
pub_fc_51_31,0.0,https://www.kaggle.com/competitions/fixing-the-poisoned-well/discussion/link-to-blog
pub_fc_51_32,0.0,https://www.kaggle.com/competitions/fixing-the-poisoned-well/discussion/link-to-blog
pub_fc_51_33,0.0,https://www.kaggle.com/competitions/fixing-the-poisoned-well/discussion/link-to-blog
pub_fc_51_34,0.0,https://www.kaggle.com/competitions/fixing-the-poisoned-well/discussion/link-to-blog
pub_fc_51_35,0.0,https://www.kaggle.com/competitions/fixing-the-poisoned-well/discussion/link-to-blog
pub_fc_51_36,0.0,https://www.kaggle.com/competitions/fixing-the-poisoned-well/discussion/link-to-blog
pub_fc_51_37,0.0,https://www.kaggle.com/competitions/fixing-the-poisoned-well/discussion/link-to-blog
pub_fc_51_38,0.0,https://www.kaggle.com/competitions/fixing-the-poisoned-well/discussion/link-to-blog
pub_fc_51_39,0.0,https://www.kaggle.com/competitions/fixing-the-poisoned-well/discussion/link-to-blog
pub_fc_51_40,0.0,https://www.kaggle.com/competitions/fixing-the-poisoned-well/discussion/link-to-blog
pub_fc_51_41,0.0,https://www.kaggle.com/competitions/fixing-the-poisoned-well/discussion/link-to-blog
pub_fc_51_42,0.0,https://www.kaggle.com/competitions/fixing-the-poisoned-well/discussion/link-to-blog
pub_fc_51_43,0.0,https://www.kaggle.com/competitions/fixing-the-poisoned-well/discussion/link-to-blog
pub_fc_51_44,0.0,https://www.kaggle.com/competitions/fixing-the-poisoned-well/discussion/link-to-blog
pub_fc_51_45,0.0,https://www.kaggle.com/competitions/fixing-the-poisoned-well/discussion/link-to-blog
pub_fc_51_46,0.0,https://www.kaggle.com/competitions/fixing-the-poisoned-well/discussion/link-to-blog
pub_fc_51_47,0.0,https://www.kaggle.com/competitions/fixing-the-poisoned-well/discussion/link-to-blog
pub_fc_51_48,0.0,https://www.kaggle.com/competitions/fixing-the-poisoned-well/discussion/link-to-blog
pub_fc_51_49,0.0,https://www.kaggle.com/competitions/fixing-the-poisoned-well/discussion/link-to-blog
pub_fc_51_50,0.0,https://www.kaggle.com/competitions/fixing-the-poisoned-well/discussion/link-to-blog
pub_fc_51_51,0.0,https://www.kaggle.com/competitions/fixing-the-poisoned-well/discussion/link-to-blog
pub_fc_51_52,0.0,https://www.kaggle.com/competitions/fixing-the-poisoned-well/discussion/link-to-blog
pub_fc_51_53,0.0,https://www.kaggle.com/competitions/fixing-the-poisoned-well/discussion/link-to-blog
pub_fc_51_54,0.0,https://www.kaggle.com/competitions/fixing-the-poisoned-well/discussion/link-to-blog
pub_fc_51_55,0.0,https://www.kaggle.com/competitions/fixing-the-poisoned-well/discussion/link-to-blog
pub_fc_52_0,0.0,https://www.kaggle.com/competitions/fixing-the-poisoned-well/discussion/link-to-blog
pub_fc_52_1,0.0,https://www.kaggle.com/competitions/fixing-the-poisoned-well/discussion/link-to-blog
pub_fc_52_2,0.0,https://www.kaggle.com/competitions/fixing-the-poisoned-well/discussion/link-to-blog
pub_fc_52_3,0.0,https://www.kaggle.com/competitions/fixing-the-poisoned-well/discussion/link-to-blog
pub_fc_52_4,0.0,https://www.kaggle.com/competitions/fixing-the-poisoned-well/discussion/link-to-blog
pub_fc_52_5,0.0,https://www.kaggle.com/competitions/fixing-the-poisoned-well/discussion/link-to-blog
pub_fc_52_6,0.0,https://www.kaggle.com/competitions/fixing-the-poisoned-well/discussion/link-to-blog
pub_fc_52_7,0.0,https://www.kaggle.com/competitions/fixing-the-poisoned-well/discussion/link-to-blog
pub_fc_52_8,0.0,https://www.kaggle.com/competitions/fixing-the-poisoned-well/discussion/link-to-blog
pub_fc_52_9,0.0,https://www.kaggle.com/competitions/fixing-the-poisoned-well/discussion/link-to-blog
pub_fc_52_10,0.0,https://www.kaggle.com/competitions/fixing-the-poisoned-well/discussion/link-to-blog
pub_fc_52_11,0.0,https://www.kaggle.com/competitions/fixing-the-poisoned-well/discussion/link-to-blog
pub_fc_52_12,0.0,https://www.kaggle.com/competitions/fixing-the-poisoned-well/discussion/link-to-blog
pub_fc_52_13,0.0,https://www.kaggle.com/competitions/fixing-the-poisoned-well/discussion/link-to-blog
pub_fc_52_14,0.0,https://www.kaggle.com/competitions/fixing-the-poisoned-well/discussion/link-to-blog
pub_fc_52_15,0.0,https://www.kaggle.com/competitions/fixing-the-poisoned-well/discussion/link-to-blog
pub_fc_52_16,0.0,https://www.kaggle.com/competitions/fixing-the-poisoned-well/discussion/link-to-blog
pub_fc_52_17,0.0,https://www.kaggle.com/competitions/fixing-the-poisoned-well/discussion/link-to-blog
pub_fc_52_18,0.0,https://www.kaggle.com/competitions/fixing-the-poisoned-well/discussion/link-to-blog
pub_fc_52_19,0.0,https://www.kaggle.com/competitions/fixing-the-poisoned-well/discussion/link-to-blog
pub_fc_52_20,0.0,https://www.kaggle.com/competitions/fixing-the-poisoned-well/discussion/link-to-blog
pub_fc_52_21,0.0,https://www.kaggle.com/competitions/fixing-the-poisoned-well/discussion/link-to-blog
pub_fc_52_22,0.0,https://www.kaggle.com/competitions/fixing-the-poisoned-well/discussion/link-to-blog
pub_fc_52_23,0.0,https://www.kaggle.com/competitions/fixing-the-poisoned-well/discussion/link-to-blog
pub_fc_52_24,0.0,https://www.kaggle.com/competitions/fixing-the-poisoned-well/discussion/link-to-blog
pub_fc_52_25,0.0,https://www.kaggle.com/competitions/fixing-the-poisoned-well/discussion/link-to-blog
pub_fc_52_26,0.0,https://www.kaggle.com/competitions/fixing-the-poisoned-well/discussion/link-to-blog
pub_fc_52_27,0.0,https://www.kaggle.com/competitions/fixing-the-poisoned-well/discussion/link-to-blog
pub_fc_52_28,0.0,https://www.kaggle.com/competitions/fixing-the-poisoned-well/discussion/link-to-blog
pub_fc_52_29,0.0,https://www.kaggle.com/competitions/fixing-the-poisoned-well/discussion/link-to-blog
pub_fc_52_30,0.0,https://www.kaggle.com/competitions/fixing-the-poisoned-well/discussion/link-to-blog
pub_fc_52_31,0.0,https://www.kaggle.com/competitions/fixing-the-poisoned-well/discussion/link-to-blog
pub_fc_52_32,0.0,https://www.kaggle.com/competitions/fixing-the-poisoned-well/discussion/link-to-blog
pub_fc_52_33,0.0,https://www.kaggle.com/competitions/fixing-the-poisoned-well/discussion/link-to-blog
pub_fc_52_34,0.0,https://www.kaggle.com/competitions/fixing-the-poisoned-well/discussion/link-to-blog
pub_fc_52_35,0.0,https://www.kaggle.com/competitions/fixing-the-poisoned-well/discussion/link-to-blog
pub_fc_52_36,0.0,https://www.kaggle.com/competitions/fixing-the-poisoned-well/discussion/link-to-blog
pub_fc_52_37,0.0,https://www.kaggle.com/competitions/fixing-the-poisoned-well/discussion/link-to-blog
pub_fc_52_38,0.0,https://www.kaggle.com/competitions/fixing-the-poisoned-well/discussion/link-to-blog
pub_fc_52_39,0.0,https://www.kaggle.com/competitions/fixing-the-poisoned-well/discussion/link-to-blog
pub_fc_52_40,0.0,https://www.kaggle.com/competitions/fixing-the-poisoned-well/discussion/link-to-blog
pub_fc_52_41,0.0,https://www.kaggle.com/competitions/fixing-the-poisoned-well/discussion/link-to-blog
pub_fc_52_42,0.0,https://www.kaggle.com/competitions/fixing-the-poisoned-well/discussion/link-to-blog
pub_fc_52_43,0.0,https://www.kaggle.com/competitions/fixing-the-poisoned-well/discussion/link-to-blog
pub_fc_52_44,0.0,https://www.kaggle.com/competitions/fixing-the-poisoned-well/discussion/link-to-blog
pub_fc_52_45,0.0,https://www.kaggle.com/competitions/fixing-the-poisoned-well/discussion/link-to-blog
pub_fc_52_46,0.0,https://www.kaggle.com/competitions/fixing-the-poisoned-well/discussion/link-to-blog
pub_fc_52_47,0.0,https://www.kaggle.com/competitions/fixing-the-poisoned-well/discussion/link-to-blog
pub_fc_52_48,0.0,https://www.kaggle.com/competitions/fixing-the-poisoned-well/discussion/link-to-blog
pub_fc_52_49,0.0,https://www.kaggle.com/competitions/fixing-the-poisoned-well/discussion/link-to-blog
pub_fc_52_50,0.0,https://www.kaggle.com/competitions/fixing-the-poisoned-well/discussion/link-to-blog
pub_fc_52_51,0.0,https://www.kaggle.com/competitions/fixing-the-poisoned-well/discussion/link-to-blog
pub_fc_52_52,0.0,https://www.kaggle.com/competitions/fixing-the-poisoned-well/discussion/link-to-blog
pub_fc_52_53,0.0,https://www.kaggle.com/competitions/fixing-the-poisoned-well/discussion/link-to-blog
pub_fc_52_54,0.0,https://www.kaggle.com/competitions/fixing-the-poisoned-well/discussion/link-to-blog
pub_fc_52_55,0.0,https://www.kaggle.com/competitions/fixing-the-poisoned-well/discussion/link-to-blog
pub_fc_53_0,0.0,https://www.kaggle.com/competitions/fixing-the-poisoned-well/discussion/link-to-blog
pub_fc_53_1,0.0,https://www.kaggle.com/competitions/fixing-the-poisoned-well/discussion/link-to-blog
pub_fc_53_2,0.0,https://www.kaggle.com/competitions/fixing-the-poisoned-well/discussion/link-to-blog
pub_fc_53_3,0.0,https://www.kaggle.com/competitions/fixing-the-poisoned-well/discussion/link-to-blog
pub_fc_53_4,0.0,https://www.kaggle.com/competitions/fixing-the-poisoned-well/discussion/link-to-blog
pub_fc_53_5,0.0,https://www.kaggle.com/competitions/fixing-the-poisoned-well/discussion/link-to-blog
pub_fc_53_6,0.0,https://www.kaggle.com/competitions/fixing-the-poisoned-well/discussion/link-to-blog
pub_fc_53_7,0.0,https://www.kaggle.com/competitions/fixing-the-poisoned-well/discussion/link-to-blog
pub_fc_53_8,0.0,https://www.kaggle.com/competitions/fixing-the-poisoned-well/discussion/link-to-blog
pub_fc_53_9,0.0,https://www.kaggle.com/competitions/fixing-the-poisoned-well/discussion/link-to-blog
pub_fc_53_10,0.0,https://www.kaggle.com/competitions/fixing-the-poisoned-well/discussion/link-to-blog
pub_fc_53_11,0.0,https://www.kaggle.com/competitions/fixing-the-poisoned-well/discussion/link-to-blog
pub_fc_53_12,0.0,https://www.kaggle.com/competitions/fixing-the-poisoned-well/discussion/link-to-blog
pub_fc_53_13,0.0,https://www.kaggle.com/competitions/fixing-the-poisoned-well/discussion/link-to-blog
pub_fc_53_14,0.0,https://www.kaggle.com/competitions/fixing-the-poisoned-well/discussion/link-to-blog
pub_fc_53_15,0.0,https://www.kaggle.com/competitions/fixing-the-poisoned-well/discussion/link-to-blog
pub_fc_53_16,0.0,https://www.kaggle.com/competitions/fixing-the-poisoned-well/discussion/link-to-blog
pub_fc_53_17,0.0,https://www.kaggle.com/competitions/fixing-the-poisoned-well/discussion/link-to-blog
pub_fc_53_18,0.0,https://www.kaggle.com/competitions/fixing-the-poisoned-well/discussion/link-to-blog
pub_fc_53_19,0.0,https://www.kaggle.com/competitions/fixing-the-poisoned-well/discussion/link-to-blog
pub_fc_53_20,0.0,https://www.kaggle.com/competitions/fixing-the-poisoned-well/discussion/link-to-blog
pub_fc_53_21,0.0,https://www.kaggle.com/competitions/fixing-the-poisoned-well/discussion/link-to-blog
pub_fc_53_22,0.0,https://www.kaggle.com/competitions/fixing-the-poisoned-well/discussion/link-to-blog
pub_fc_53_23,0.0,https://www.kaggle.com/competitions/fixing-the-poisoned-well/discussion/link-to-blog
pub_fc_53_24,0.0,https://www.kaggle.com/competitions/fixing-the-poisoned-well/discussion/link-to-blog
pub_fc_53_25,0.0,https://www.kaggle.com/competitions/fixing-the-poisoned-well/discussion/link-to-blog
pub_fc_53_26,0.0,https://www.kaggle.com/competitions/fixing-the-poisoned-well/discussion/link-to-blog
pub_fc_53_27,0.0,https://www.kaggle.com/competitions/fixing-the-poisoned-well/discussion/link-to-blog
pub_fc_53_28,0.0,https://www.kaggle.com/competitions/fixing-the-poisoned-well/discussion/link-to-blog
pub_fc_53_29,0.0,https://www.kaggle.com/competitions/fixing-the-poisoned-well/discussion/link-to-blog
pub_fc_53_30,0.0,https://www.kaggle.com/competitions/fixing-the-poisoned-well/discussion/link-to-blog
pub_fc_53_31,0.0,https://www.kaggle.com/competitions/fixing-the-poisoned-well/discussion/link-to-blog
pub_fc_53_32,0.0,https://www.kaggle.com/competitions/fixing-the-poisoned-well/discussion/link-to-blog
pub_fc_53_33,0.0,https://www.kaggle.com/competitions/fixing-the-poisoned-well/discussion/link-to-blog
pub_fc_53_34,0.0,https://www.kaggle.com/competitions/fixing-the-poisoned-well/discussion/link-to-blog
pub_fc_53_35,0.0,https://www.kaggle.com/competitions/fixing-the-poisoned-well/discussion/link-to-blog
pub_fc_53_36,0.0,https://www.kaggle.com/competitions/fixing-the-poisoned-well/discussion/link-to-blog
pub_fc_53_37,0.0,https://www.kaggle.com/competitions/fixing-the-poisoned-well/discussion/link-to-blog
pub_fc_53_38,0.0,https://www.kaggle.com/competitions/fixing-the-poisoned-well/discussion/link-to-blog
pub_fc_53_39,0.0,https://www.kaggle.com/competitions/fixing-the-poisoned-well/discussion/link-to-blog
pub_fc_53_40,0.0,https://www.kaggle.com/competitions/fixing-the-poisoned-well/discussion/link-to-blog
pub_fc_53_41,0.0,https://www.kaggle.com/competitions/fixing-the-poisoned-well/discussion/link-to-blog
pub_fc_53_42,0.0,https://www.kaggle.com/competitions/fixing-the-poisoned-well/discussion/link-to-blog
pub_fc_53_43,0.0,https://www.kaggle.com/competitions/fixing-the-poisoned-well/discussion/link-to-blog
pub_fc_53_44,0.0,https://www.kaggle.com/competitions/fixing-the-poisoned-well/discussion/link-to-blog
pub_fc_53_45,0.0,https://www.kaggle.com/competitions/fixing-the-poisoned-well/discussion/link-to-blog
pub_fc_53_46,0.0,https://www.kaggle.com/competitions/fixing-the-poisoned-well/discussion/link-to-blog
pub_fc_53_47,0.0,https://www.kaggle.com/competitions/fixing-the-poisoned-well/discussion/link-to-blog
pub_fc_53_48,0.0,https://www.kaggle.com/competitions/fixing-the-poisoned-well/discussion/link-to-blog
pub_fc_53_49,0.0,https://www.kaggle.com/competitions/fixing-the-poisoned-well/discussion/link-to-blog
pub_fc_53_50,0.0,https://www.kaggle.com/competitions/fixing-the-poisoned-well/discussion/link-to-blog
pub_fc_53_51,0.0,https://www.kaggle.com/competitions/fixing-the-poisoned-well/discussion/link-to-blog
pub_fc_53_52,0.0,https://www.kaggle.com/competitions/fixing-the-poisoned-well/discussion/link-to-blog
pub_fc_53_53,0.0,https://www.kaggle.com/competitions/fixing-the-poisoned-well/discussion/link-to-blog
pub_fc_53_54,0.0,https://www.kaggle.com/competitions/fixing-the-poisoned-well/discussion/link-to-blog
pub_fc_53_55,0.0,https://www.kaggle.com/competitions/fixing-the-poisoned-well/discussion/link-to-blog
pub_fc_54_0,0.0,https://www.kaggle.com/competitions/fixing-the-poisoned-well/discussion/link-to-blog
pub_fc_54_1,0.0,https://www.kaggle.com/competitions/fixing-the-poisoned-well/discussion/link-to-blog
pub_fc_54_2,0.0,https://www.kaggle.com/competitions/fixing-the-poisoned-well/discussion/link-to-blog
pub_fc_54_3,0.0,https://www.kaggle.com/competitions/fixing-the-poisoned-well/discussion/link-to-blog
pub_fc_54_4,0.0,https://www.kaggle.com/competitions/fixing-the-poisoned-well/discussion/link-to-blog
pub_fc_54_5,0.0,https://www.kaggle.com/competitions/fixing-the-poisoned-well/discussion/link-to-blog
pub_fc_54_6,0.0,https://www.kaggle.com/competitions/fixing-the-poisoned-well/discussion/link-to-blog
pub_fc_54_7,0.0,https://www.kaggle.com/competitions/fixing-the-poisoned-well/discussion/link-to-blog
pub_fc_54_8,0.0,https://www.kaggle.com/competitions/fixing-the-poisoned-well/discussion/link-to-blog
pub_fc_54_9,0.0,https://www.kaggle.com/competitions/fixing-the-poisoned-well/discussion/link-to-blog
pub_fc_54_10,0.0,https://www.kaggle.com/competitions/fixing-the-poisoned-well/discussion/link-to-blog
pub_fc_54_11,0.0,https://www.kaggle.com/competitions/fixing-the-poisoned-well/discussion/link-to-blog
pub_fc_54_12,0.0,https://www.kaggle.com/competitions/fixing-the-poisoned-well/discussion/link-to-blog
pub_fc_54_13,0.0,https://www.kaggle.com/competitions/fixing-the-poisoned-well/discussion/link-to-blog
pub_fc_54_14,0.0,https://www.kaggle.com/competitions/fixing-the-poisoned-well/discussion/link-to-blog
pub_fc_54_15,0.0,https://www.kaggle.com/competitions/fixing-the-poisoned-well/discussion/link-to-blog
pub_fc_54_16,0.0,https://www.kaggle.com/competitions/fixing-the-poisoned-well/discussion/link-to-blog
pub_fc_54_17,0.0,https://www.kaggle.com/competitions/fixing-the-poisoned-well/discussion/link-to-blog
pub_fc_54_18,0.0,https://www.kaggle.com/competitions/fixing-the-poisoned-well/discussion/link-to-blog
pub_fc_54_19,0.0,https://www.kaggle.com/competitions/fixing-the-poisoned-well/discussion/link-to-blog
pub_fc_54_20,0.0,https://www.kaggle.com/competitions/fixing-the-poisoned-well/discussion/link-to-blog
pub_fc_54_21,0.0,https://www.kaggle.com/competitions/fixing-the-poisoned-well/discussion/link-to-blog
pub_fc_54_22,0.0,https://www.kaggle.com/competitions/fixing-the-poisoned-well/discussion/link-to-blog
pub_fc_54_23,0.0,https://www.kaggle.com/competitions/fixing-the-poisoned-well/discussion/link-to-blog
pub_fc_54_24,0.0,https://www.kaggle.com/competitions/fixing-the-poisoned-well/discussion/link-to-blog
pub_fc_54_25,0.0,https://www.kaggle.com/competitions/fixing-the-poisoned-well/discussion/link-to-blog
pub_fc_54_26,0.0,https://www.kaggle.com/competitions/fixing-the-poisoned-well/discussion/link-to-blog
pub_fc_54_27,0.0,https://www.kaggle.com/competitions/fixing-the-poisoned-well/discussion/link-to-blog
pub_fc_54_28,0.0,https://www.kaggle.com/competitions/fixing-the-poisoned-well/discussion/link-to-blog
pub_fc_54_29,0.0,https://www.kaggle.com/competitions/fixing-the-poisoned-well/discussion/link-to-blog
pub_fc_54_30,0.0,https://www.kaggle.com/competitions/fixing-the-poisoned-well/discussion/link-to-blog
pub_fc_54_31,0.0,https://www.kaggle.com/competitions/fixing-the-poisoned-well/discussion/link-to-blog
pub_fc_54_32,0.0,https://www.kaggle.com/competitions/fixing-the-poisoned-well/discussion/link-to-blog
pub_fc_54_33,0.0,https://www.kaggle.com/competitions/fixing-the-poisoned-well/discussion/link-to-blog
pub_fc_54_34,0.0,https://www.kaggle.com/competitions/fixing-the-poisoned-well/discussion/link-to-blog
pub_fc_54_35,0.0,https://www.kaggle.com/competitions/fixing-the-poisoned-well/discussion/link-to-blog
pub_fc_54_36,0.0,https://www.kaggle.com/competitions/fixing-the-poisoned-well/discussion/link-to-blog
pub_fc_54_37,0.0,https://www.kaggle.com/competitions/fixing-the-poisoned-well/discussion/link-to-blog
pub_fc_54_38,0.0,https://www.kaggle.com/competitions/fixing-the-poisoned-well/discussion/link-to-blog
pub_fc_54_39,0.0,https://www.kaggle.com/competitions/fixing-the-poisoned-well/discussion/link-to-blog
pub_fc_54_40,0.0,https://www.kaggle.com/competitions/fixing-the-poisoned-well/discussion/link-to-blog
pub_fc_54_41,0.0,https://www.kaggle.com/competitions/fixing-the-poisoned-well/discussion/link-to-blog
pub_fc_54_42,0.0,https://www.kaggle.com/competitions/fixing-the-poisoned-well/discussion/link-to-blog
pub_fc_54_43,0.0,https://www.kaggle.com/competitions/fixing-the-poisoned-well/discussion/link-to-blog
pub_fc_54_44,0.0,https://www.kaggle.com/competitions/fixing-the-poisoned-well/discussion/link-to-blog
pub_fc_54_45,0.0,https://www.kaggle.com/competitions/fixing-the-poisoned-well/discussion/link-to-blog
pub_fc_54_46,0.0,https://www.kaggle.com/competitions/fixing-the-poisoned-well/discussion/link-to-blog
pub_fc_54_47,0.0,https://www.kaggle.com/competitions/fixing-the-poisoned-well/discussion/link-to-blog
pub_fc_54_48,0.0,https://www.kaggle.com/competitions/fixing-the-poisoned-well/discussion/link-to-blog
pub_fc_54_49,0.0,https://www.kaggle.com/competitions/fixing-the-poisoned-well/discussion/link-to-blog
pub_fc_54_50,0.0,https://www.kaggle.com/competitions/fixing-the-poisoned-well/discussion/link-to-blog
pub_fc_54_51,0.0,https://www.kaggle.com/competitions/fixing-the-poisoned-well/discussion/link-to-blog
pub_fc_54_52,0.0,https://www.kaggle.com/competitions/fixing-the-poisoned-well/discussion/link-to-blog
pub_fc_54_53,0.0,https://www.kaggle.com/competitions/fixing-the-poisoned-well/discussion/link-to-blog
pub_fc_54_54,0.0,https://www.kaggle.com/competitions/fixing-the-poisoned-well/discussion/link-to-blog
pub_fc_54_55,0.0,https://www.kaggle.com/competitions/fixing-the-poisoned-well/discussion/link-to-blog
pub_fc_55_0,0.0,https://www.kaggle.com/competitions/fixing-the-poisoned-well/discussion/link-to-blog
pub_fc_55_1,0.0,https://www.kaggle.com/competitions/fixing-the-poisoned-well/discussion/link-to-blog
pub_fc_55_2,0.0,https://www.kaggle.com/competitions/fixing-the-poisoned-well/discussion/link-to-blog
pub_fc_55_3,0.0,https://www.kaggle.com/competitions/fixing-the-poisoned-well/discussion/link-to-blog
pub_fc_55_4,0.0,https://www.kaggle.com/competitions/fixing-the-poisoned-well/discussion/link-to-blog
pub_fc_55_5,0.0,https://www.kaggle.com/competitions/fixing-the-poisoned-well/discussion/link-to-blog
pub_fc_55_6,0.0,https://www.kaggle.com/competitions/fixing-the-poisoned-well/discussion/link-to-blog
pub_fc_55_7,0.0,https://www.kaggle.com/competitions/fixing-the-poisoned-well/discussion/link-to-blog
pub_fc_55_8,0.0,https://www.kaggle.com/competitions/fixing-the-poisoned-well/discussion/link-to-blog
pub_fc_55_9,0.0,https://www.kaggle.com/competitions/fixing-the-poisoned-well/discussion/link-to-blog
pub_fc_55_10,0.0,https://www.kaggle.com/competitions/fixing-the-poisoned-well/discussion/link-to-blog
pub_fc_55_11,0.0,https://www.kaggle.com/competitions/fixing-the-poisoned-well/discussion/link-to-blog
pub_fc_55_12,0.0,https://www.kaggle.com/competitions/fixing-the-poisoned-well/discussion/link-to-blog
pub_fc_55_13,0.0,https://www.kaggle.com/competitions/fixing-the-poisoned-well/discussion/link-to-blog
pub_fc_55_14,0.0,https://www.kaggle.com/competitions/fixing-the-poisoned-well/discussion/link-to-blog
pub_fc_55_15,0.0,https://www.kaggle.com/competitions/fixing-the-poisoned-well/discussion/link-to-blog
pub_fc_55_16,0.0,https://www.kaggle.com/competitions/fixing-the-poisoned-well/discussion/link-to-blog
pub_fc_55_17,0.0,https://www.kaggle.com/competitions/fixing-the-poisoned-well/discussion/link-to-blog
pub_fc_55_18,0.0,https://www.kaggle.com/competitions/fixing-the-poisoned-well/discussion/link-to-blog
pub_fc_55_19,0.0,https://www.kaggle.com/competitions/fixing-the-poisoned-well/discussion/link-to-blog
pub_fc_55_20,0.0,https://www.kaggle.com/competitions/fixing-the-poisoned-well/discussion/link-to-blog
pub_fc_55_21,0.0,https://www.kaggle.com/competitions/fixing-the-poisoned-well/discussion/link-to-blog
pub_fc_55_22,0.0,https://www.kaggle.com/competitions/fixing-the-poisoned-well/discussion/link-to-blog
pub_fc_55_23,0.0,https://www.kaggle.com/competitions/fixing-the-poisoned-well/discussion/link-to-blog
pub_fc_55_24,0.0,https://www.kaggle.com/competitions/fixing-the-poisoned-well/discussion/link-to-blog
pub_fc_55_25,0.0,https://www.kaggle.com/competitions/fixing-the-poisoned-well/discussion/link-to-blog
pub_fc_55_26,0.0,https://www.kaggle.com/competitions/fixing-the-poisoned-well/discussion/link-to-blog
pub_fc_55_27,0.0,https://www.kaggle.com/competitions/fixing-the-poisoned-well/discussion/link-to-blog
pub_fc_55_28,0.0,https://www.kaggle.com/competitions/fixing-the-poisoned-well/discussion/link-to-blog
pub_fc_55_29,0.0,https://www.kaggle.com/competitions/fixing-the-poisoned-well/discussion/link-to-blog
pub_fc_55_30,0.0,https://www.kaggle.com/competitions/fixing-the-poisoned-well/discussion/link-to-blog
pub_fc_55_31,0.0,https://www.kaggle.com/competitions/fixing-the-poisoned-well/discussion/link-to-blog
pub_fc_55_32,0.0,https://www.kaggle.com/competitions/fixing-the-poisoned-well/discussion/link-to-blog
pub_fc_55_33,0.0,https://www.kaggle.com/competitions/fixing-the-poisoned-well/discussion/link-to-blog
pub_fc_55_34,0.0,https://www.kaggle.com/competitions/fixing-the-poisoned-well/discussion/link-to-blog
pub_fc_55_35,0.0,https://www.kaggle.com/competitions/fixing-the-poisoned-well/discussion/link-to-blog
pub_fc_55_36,0.0,https://www.kaggle.com/competitions/fixing-the-poisoned-well/discussion/link-to-blog
pub_fc_55_37,0.0,https://www.kaggle.com/competitions/fixing-the-poisoned-well/discussion/link-to-blog
pub_fc_55_38,0.0,https://www.kaggle.com/competitions/fixing-the-poisoned-well/discussion/link-to-blog
pub_fc_55_39,0.0,https://www.kaggle.com/competitions/fixing-the-poisoned-well/discussion/link-to-blog
pub_fc_55_40,0.0,https://www.kaggle.com/competitions/fixing-the-poisoned-well/discussion/link-to-blog
pub_fc_55_41,0.0,https://www.kaggle.com/competitions/fixing-the-poisoned-well/discussion/link-to-blog
pub_fc_55_42,0.0,https://www.kaggle.com/competitions/fixing-the-poisoned-well/discussion/link-to-blog
pub_fc_55_43,0.0,https://www.kaggle.com/competitions/fixing-the-poisoned-well/discussion/link-to-blog
pub_fc_55_44,0.0,https://www.kaggle.com/competitions/fixing-the-poisoned-well/discussion/link-to-blog
pub_fc_55_45,0.0,https://www.kaggle.com/competitions/fixing-the-poisoned-well/discussion/link-to-blog
pub_fc_55_46,0.0,https://www.kaggle.com/competitions/fixing-the-poisoned-well/discussion/link-to-blog
pub_fc_55_47,0.0,https://www.kaggle.com/competitions/fixing-the-poisoned-well/discussion/link-to-blog
pub_fc_55_48,0.0,https://www.kaggle.com/competitions/fixing-the-poisoned-well/discussion/link-to-blog
pub_fc_55_49,0.0,https://www.kaggle.com/competitions/fixing-the-poisoned-well/discussion/link-to-blog
pub_fc_55_50,0.0,https://www.kaggle.com/competitions/fixing-the-poisoned-well/discussion/link-to-blog
pub_fc_55_51,0.0,https://www.kaggle.com/competitions/fixing-the-poisoned-well/discussion/link-to-blog
pub_fc_55_52,0.0,https://www.kaggle.com/competitions/fixing-the-poisoned-well/discussion/link-to-blog
pub_fc_55_53,0.0,https://www.kaggle.com/competitions/fixing-the-poisoned-well/discussion/link-to-blog
pub_fc_55_54,0.0,https://www.kaggle.com/competitions/fixing-the-poisoned-well/discussion/link-to-blog
pub_fc_55_55,0.0,https://www.kaggle.com/competitions/fixing-the-poisoned-well/discussion/link-to-blog
pub_dir_0,0.0,https://www.kaggle.com/competitions/fixing-the-poisoned-well/discussion/link-to-blog
pub_dir_1,0.0,https://www.kaggle.com/competitions/fixing-the-poisoned-well/discussion/link-to-blog
pub_dir_2,0.0,https://www.kaggle.com/competitions/fixing-the-poisoned-well/discussion/link-to-blog
pub_dir_3,0.0,https://www.kaggle.com/competitions/fixing-the-poisoned-well/discussion/link-to-blog
pub_dir_4,0.0,https://www.kaggle.com/competitions/fixing-the-poisoned-well/discussion/link-to-blog
pub_dir_5,0.0,https://www.kaggle.com/competitions/fixing-the-poisoned-well/discussion/link-to-blog
pub_dir_6,0.0,https://www.kaggle.com/competitions/fixing-the-poisoned-well/discussion/link-to-blog
pub_dir_7,0.0,https://www.kaggle.com/competitions/fixing-the-poisoned-well/discussion/link-to-blog
pub_dir_8,0.0,https://www.kaggle.com/competitions/fixing-the-poisoned-well/discussion/link-to-blog
pub_dir_9,0.0,https://www.kaggle.com/competitions/fixing-the-poisoned-well/discussion/link-to-blog
pub_dir_10,0.0,https://www.kaggle.com/competitions/fixing-the-poisoned-well/discussion/link-to-blog
pub_dir_11,0.0,https://www.kaggle.com/competitions/fixing-the-poisoned-well/discussion/link-to-blog
pub_dir_12,0.0,https://www.kaggle.com/competitions/fixing-the-poisoned-well/discussion/link-to-blog
pub_dir_13,0.0,https://www.kaggle.com/competitions/fixing-the-poisoned-well/discussion/link-to-blog
pub_dir_14,0.0,https://www.kaggle.com/competitions/fixing-the-poisoned-well/discussion/link-to-blog
pub_dir_15,0.0,https://www.kaggle.com/competitions/fixing-the-poisoned-well/discussion/link-to-blog
pub_dir_16,0.0,https://www.kaggle.com/competitions/fixing-the-poisoned-well/discussion/link-to-blog
pub_dir_17,0.0,https://www.kaggle.com/competitions/fixing-the-poisoned-well/discussion/link-to-blog
pub_dir_18,0.0,https://www.kaggle.com/competitions/fixing-the-poisoned-well/discussion/link-to-blog
pub_dir_19,0.0,https://www.kaggle.com/competitions/fixing-the-poisoned-well/discussion/link-to-blog
pub_dir_20,0.0,https://www.kaggle.com/competitions/fixing-the-poisoned-well/discussion/link-to-blog
pub_dir_21,0.0,https://www.kaggle.com/competitions/fixing-the-poisoned-well/discussion/link-to-blog
pub_dir_22,0.0,https://www.kaggle.com/competitions/fixing-the-poisoned-well/discussion/link-to-blog
pub_dir_23,0.0,https://www.kaggle.com/competitions/fixing-the-poisoned-well/discussion/link-to-blog
pub_dir_24,0.0,https://www.kaggle.com/competitions/fixing-the-poisoned-well/discussion/link-to-blog
pub_dir_25,0.0,https://www.kaggle.com/competitions/fixing-the-poisoned-well/discussion/link-to-blog
pub_dir_26,0.0,https://www.kaggle.com/competitions/fixing-the-poisoned-well/discussion/link-to-blog
pub_dir_27,0.0,https://www.kaggle.com/competitions/fixing-the-poisoned-well/discussion/link-to-blog
pub_dir_28,0.0,https://www.kaggle.com/competitions/fixing-the-poisoned-well/discussion/link-to-blog
pub_dir_29,0.0,https://www.kaggle.com/competitions/fixing-the-poisoned-well/discussion/link-to-blog
pub_dir_30,0.0,https://www.kaggle.com/competitions/fixing-the-poisoned-well/discussion/link-to-blog
pub_dir_31,0.0,https://www.kaggle.com/competitions/fixing-the-poisoned-well/discussion/link-to-blog
pub_dir_32,0.0,https://www.kaggle.com/competitions/fixing-the-poisoned-well/discussion/link-to-blog
pub_dir_33,0.0,https://www.kaggle.com/competitions/fixing-the-poisoned-well/discussion/link-to-blog
pub_dir_34,0.0,https://www.kaggle.com/competitions/fixing-the-poisoned-well/discussion/link-to-blog
pub_dir_35,0.0,https://www.kaggle.com/competitions/fixing-the-poisoned-well/discussion/link-to-blog
pub_dir_36,0.0,https://www.kaggle.com/competitions/fixing-the-poisoned-well/discussion/link-to-blog
pub_dir_37,0.0,https://www.kaggle.com/competitions/fixing-the-poisoned-well/discussion/link-to-blog
pub_dir_38,0.0,https://www.kaggle.com/competitions/fixing-the-poisoned-well/discussion/link-to-blog
pub_dir_39,0.0,https://www.kaggle.com/competitions/fixing-the-poisoned-well/discussion/link-to-blog
pub_dir_40,0.0,https://www.kaggle.com/competitions/fixing-the-poisoned-well/discussion/link-to-blog
pub_dir_41,0.0,https://www.kaggle.com/competitions/fixing-the-poisoned-well/discussion/link-to-blog
pub_dir_42,0.0,https://www.kaggle.com/competitions/fixing-the-poisoned-well/discussion/link-to-blog
pub_dir_43,0.0,https://www.kaggle.com/competitions/fixing-the-poisoned-well/discussion/link-to-blog
pub_dir_44,0.0,https://www.kaggle.com/competitions/fixing-the-poisoned-well/discussion/link-to-blog
pub_dir_45,0.0,https://www.kaggle.com/competitions/fixing-the-poisoned-well/discussion/link-to-blog
pub_dir_46,0.0,https://www.kaggle.com/competitions/fixing-the-poisoned-well/discussion/link-to-blog
pub_dir_47,0.0,https://www.kaggle.com/competitions/fixing-the-poisoned-well/discussion/link-to-blog
pub_dir_48,0.0,https://www.kaggle.com/competitions/fixing-the-poisoned-well/discussion/link-to-blog
pub_dir_49,0.0,https://www.kaggle.com/competitions/fixing-the-poisoned-well/discussion/link-to-blog
pub_dir_50,0.0,https://www.kaggle.com/competitions/fixing-the-poisoned-well/discussion/link-to-blog
pub_dir_51,0.0,https://www.kaggle.com/competitions/fixing-the-poisoned-well/discussion/link-to-blog
pub_dir_52,0.0,https://www.kaggle.com/competitions/fixing-the-poisoned-well/discussion/link-to-blog
pub_dir_53,0.0,https://www.kaggle.com/competitions/fixing-the-poisoned-well/discussion/link-to-blog
pub_dir_54,0.0,https://www.kaggle.com/competitions/fixing-the-poisoned-well/discussion/link-to-blog
pub_dir_55,0.0,https://www.kaggle.com/competitions/fixing-the-poisoned-well/discussion/link-to-blog
prv_fc_0_0,0.0,https://www.kaggle.com/competitions/fixing-the-poisoned-well/discussion/link-to-blog
prv_fc_0_1,0.0,https://www.kaggle.com/competitions/fixing-the-poisoned-well/discussion/link-to-blog
prv_fc_0_2,0.0,https://www.kaggle.com/competitions/fixing-the-poisoned-well/discussion/link-to-blog
prv_fc_0_3,0.0,https://www.kaggle.com/competitions/fixing-the-poisoned-well/discussion/link-to-blog
prv_fc_0_4,0.0,https://www.kaggle.com/competitions/fixing-the-poisoned-well/discussion/link-to-blog
prv_fc_0_5,0.0,https://www.kaggle.com/competitions/fixing-the-poisoned-well/discussion/link-to-blog
prv_fc_0_6,0.0,https://www.kaggle.com/competitions/fixing-the-poisoned-well/discussion/link-to-blog
prv_fc_0_7,0.0,https://www.kaggle.com/competitions/fixing-the-poisoned-well/discussion/link-to-blog
prv_fc_0_8,0.0,https://www.kaggle.com/competitions/fixing-the-poisoned-well/discussion/link-to-blog
prv_fc_0_9,0.0,https://www.kaggle.com/competitions/fixing-the-poisoned-well/discussion/link-to-blog
prv_fc_0_10,0.0,https://www.kaggle.com/competitions/fixing-the-poisoned-well/discussion/link-to-blog
prv_fc_0_11,0.0,https://www.kaggle.com/competitions/fixing-the-poisoned-well/discussion/link-to-blog
prv_fc_0_12,0.0,https://www.kaggle.com/competitions/fixing-the-poisoned-well/discussion/link-to-blog
prv_fc_0_13,0.0,https://www.kaggle.com/competitions/fixing-the-poisoned-well/discussion/link-to-blog
prv_fc_0_14,0.0,https://www.kaggle.com/competitions/fixing-the-poisoned-well/discussion/link-to-blog
prv_fc_0_15,0.0,https://www.kaggle.com/competitions/fixing-the-poisoned-well/discussion/link-to-blog
prv_fc_0_16,0.0,https://www.kaggle.com/competitions/fixing-the-poisoned-well/discussion/link-to-blog
prv_fc_0_17,0.0,https://www.kaggle.com/competitions/fixing-the-poisoned-well/discussion/link-to-blog
prv_fc_0_18,0.0,https://www.kaggle.com/competitions/fixing-the-poisoned-well/discussion/link-to-blog
prv_fc_0_19,0.0,https://www.kaggle.com/competitions/fixing-the-poisoned-well/discussion/link-to-blog
prv_fc_0_20,0.0,https://www.kaggle.com/competitions/fixing-the-poisoned-well/discussion/link-to-blog
prv_fc_0_21,0.0,https://www.kaggle.com/competitions/fixing-the-poisoned-well/discussion/link-to-blog
prv_fc_0_22,0.0,https://www.kaggle.com/competitions/fixing-the-poisoned-well/discussion/link-to-blog
prv_fc_0_23,0.0,https://www.kaggle.com/competitions/fixing-the-poisoned-well/discussion/link-to-blog
prv_fc_0_24,0.0,https://www.kaggle.com/competitions/fixing-the-poisoned-well/discussion/link-to-blog
prv_fc_0_25,0.0,https://www.kaggle.com/competitions/fixing-the-poisoned-well/discussion/link-to-blog
prv_fc_0_26,0.0,https://www.kaggle.com/competitions/fixing-the-poisoned-well/discussion/link-to-blog
prv_fc_0_27,0.0,https://www.kaggle.com/competitions/fixing-the-poisoned-well/discussion/link-to-blog
prv_fc_0_28,0.0,https://www.kaggle.com/competitions/fixing-the-poisoned-well/discussion/link-to-blog
prv_fc_0_29,0.0,https://www.kaggle.com/competitions/fixing-the-poisoned-well/discussion/link-to-blog
prv_fc_0_30,0.0,https://www.kaggle.com/competitions/fixing-the-poisoned-well/discussion/link-to-blog
prv_fc_0_31,0.0,https://www.kaggle.com/competitions/fixing-the-poisoned-well/discussion/link-to-blog
prv_fc_0_32,0.0,https://www.kaggle.com/competitions/fixing-the-poisoned-well/discussion/link-to-blog
prv_fc_0_33,0.0,https://www.kaggle.com/competitions/fixing-the-poisoned-well/discussion/link-to-blog
prv_fc_0_34,0.0,https://www.kaggle.com/competitions/fixing-the-poisoned-well/discussion/link-to-blog
prv_fc_0_35,0.0,https://www.kaggle.com/competitions/fixing-the-poisoned-well/discussion/link-to-blog
prv_fc_0_36,0.0,https://www.kaggle.com/competitions/fixing-the-poisoned-well/discussion/link-to-blog
prv_fc_0_37,0.0,https://www.kaggle.com/competitions/fixing-the-poisoned-well/discussion/link-to-blog
prv_fc_0_38,0.0,https://www.kaggle.com/competitions/fixing-the-poisoned-well/discussion/link-to-blog
prv_fc_0_39,0.0,https://www.kaggle.com/competitions/fixing-the-poisoned-well/discussion/link-to-blog
prv_fc_0_40,0.0,https://www.kaggle.com/competitions/fixing-the-poisoned-well/discussion/link-to-blog
prv_fc_0_41,0.0,https://www.kaggle.com/competitions/fixing-the-poisoned-well/discussion/link-to-blog
prv_fc_0_42,0.0,https://www.kaggle.com/competitions/fixing-the-poisoned-well/discussion/link-to-blog
prv_fc_0_43,0.0,https://www.kaggle.com/competitions/fixing-the-poisoned-well/discussion/link-to-blog
prv_fc_0_44,0.0,https://www.kaggle.com/competitions/fixing-the-poisoned-well/discussion/link-to-blog
prv_fc_0_45,0.0,https://www.kaggle.com/competitions/fixing-the-poisoned-well/discussion/link-to-blog
prv_fc_0_46,0.0,https://www.kaggle.com/competitions/fixing-the-poisoned-well/discussion/link-to-blog
prv_fc_0_47,0.0,https://www.kaggle.com/competitions/fixing-the-poisoned-well/discussion/link-to-blog
prv_fc_0_48,0.0,https://www.kaggle.com/competitions/fixing-the-poisoned-well/discussion/link-to-blog
prv_fc_0_49,0.0,https://www.kaggle.com/competitions/fixing-the-poisoned-well/discussion/link-to-blog
prv_fc_0_50,0.0,https://www.kaggle.com/competitions/fixing-the-poisoned-well/discussion/link-to-blog
prv_fc_0_51,0.0,https://www.kaggle.com/competitions/fixing-the-poisoned-well/discussion/link-to-blog
prv_fc_0_52,0.0,https://www.kaggle.com/competitions/fixing-the-poisoned-well/discussion/link-to-blog
prv_fc_0_53,0.0,https://www.kaggle.com/competitions/fixing-the-poisoned-well/discussion/link-to-blog
prv_fc_0_54,0.0,https://www.kaggle.com/competitions/fixing-the-poisoned-well/discussion/link-to-blog
prv_fc_0_55,0.0,https://www.kaggle.com/competitions/fixing-the-poisoned-well/discussion/link-to-blog
prv_fc_1_0,0.0,https://www.kaggle.com/competitions/fixing-the-poisoned-well/discussion/link-to-blog
prv_fc_1_1,0.0,https://www.kaggle.com/competitions/fixing-the-poisoned-well/discussion/link-to-blog
prv_fc_1_2,0.0,https://www.kaggle.com/competitions/fixing-the-poisoned-well/discussion/link-to-blog
prv_fc_1_3,0.0,https://www.kaggle.com/competitions/fixing-the-poisoned-well/discussion/link-to-blog
prv_fc_1_4,0.0,https://www.kaggle.com/competitions/fixing-the-poisoned-well/discussion/link-to-blog
prv_fc_1_5,0.0,https://www.kaggle.com/competitions/fixing-the-poisoned-well/discussion/link-to-blog
prv_fc_1_6,0.0,https://www.kaggle.com/competitions/fixing-the-poisoned-well/discussion/link-to-blog
prv_fc_1_7,0.0,https://www.kaggle.com/competitions/fixing-the-poisoned-well/discussion/link-to-blog
prv_fc_1_8,0.0,https://www.kaggle.com/competitions/fixing-the-poisoned-well/discussion/link-to-blog
prv_fc_1_9,0.0,https://www.kaggle.com/competitions/fixing-the-poisoned-well/discussion/link-to-blog
prv_fc_1_10,0.0,https://www.kaggle.com/competitions/fixing-the-poisoned-well/discussion/link-to-blog
prv_fc_1_11,0.0,https://www.kaggle.com/competitions/fixing-the-poisoned-well/discussion/link-to-blog
prv_fc_1_12,0.0,https://www.kaggle.com/competitions/fixing-the-poisoned-well/discussion/link-to-blog
prv_fc_1_13,0.0,https://www.kaggle.com/competitions/fixing-the-poisoned-well/discussion/link-to-blog
prv_fc_1_14,0.0,https://www.kaggle.com/competitions/fixing-the-poisoned-well/discussion/link-to-blog
prv_fc_1_15,0.0,https://www.kaggle.com/competitions/fixing-the-poisoned-well/discussion/link-to-blog
prv_fc_1_16,0.0,https://www.kaggle.com/competitions/fixing-the-poisoned-well/discussion/link-to-blog
prv_fc_1_17,0.0,https://www.kaggle.com/competitions/fixing-the-poisoned-well/discussion/link-to-blog
prv_fc_1_18,0.0,https://www.kaggle.com/competitions/fixing-the-poisoned-well/discussion/link-to-blog
prv_fc_1_19,0.0,https://www.kaggle.com/competitions/fixing-the-poisoned-well/discussion/link-to-blog
prv_fc_1_20,0.0,https://www.kaggle.com/competitions/fixing-the-poisoned-well/discussion/link-to-blog
prv_fc_1_21,0.0,https://www.kaggle.com/competitions/fixing-the-poisoned-well/discussion/link-to-blog
prv_fc_1_22,0.0,https://www.kaggle.com/competitions/fixing-the-poisoned-well/discussion/link-to-blog
prv_fc_1_23,0.0,https://www.kaggle.com/competitions/fixing-the-poisoned-well/discussion/link-to-blog
prv_fc_1_24,0.0,https://www.kaggle.com/competitions/fixing-the-poisoned-well/discussion/link-to-blog
prv_fc_1_25,0.0,https://www.kaggle.com/competitions/fixing-the-poisoned-well/discussion/link-to-blog
prv_fc_1_26,0.0,https://www.kaggle.com/competitions/fixing-the-poisoned-well/discussion/link-to-blog
prv_fc_1_27,0.0,https://www.kaggle.com/competitions/fixing-the-poisoned-well/discussion/link-to-blog
prv_fc_1_28,0.0,https://www.kaggle.com/competitions/fixing-the-poisoned-well/discussion/link-to-blog
prv_fc_1_29,0.0,https://www.kaggle.com/competitions/fixing-the-poisoned-well/discussion/link-to-blog
prv_fc_1_30,0.0,https://www.kaggle.com/competitions/fixing-the-poisoned-well/discussion/link-to-blog
prv_fc_1_31,0.0,https://www.kaggle.com/competitions/fixing-the-poisoned-well/discussion/link-to-blog
prv_fc_1_32,0.0,https://www.kaggle.com/competitions/fixing-the-poisoned-well/discussion/link-to-blog
prv_fc_1_33,0.0,https://www.kaggle.com/competitions/fixing-the-poisoned-well/discussion/link-to-blog
prv_fc_1_34,0.0,https://www.kaggle.com/competitions/fixing-the-poisoned-well/discussion/link-to-blog
prv_fc_1_35,0.0,https://www.kaggle.com/competitions/fixing-the-poisoned-well/discussion/link-to-blog
prv_fc_1_36,0.0,https://www.kaggle.com/competitions/fixing-the-poisoned-well/discussion/link-to-blog
prv_fc_1_37,0.0,https://www.kaggle.com/competitions/fixing-the-poisoned-well/discussion/link-to-blog
prv_fc_1_38,0.0,https://www.kaggle.com/competitions/fixing-the-poisoned-well/discussion/link-to-blog
prv_fc_1_39,0.0,https://www.kaggle.com/competitions/fixing-the-poisoned-well/discussion/link-to-blog
prv_fc_1_40,0.0,https://www.kaggle.com/competitions/fixing-the-poisoned-well/discussion/link-to-blog
prv_fc_1_41,0.0,https://www.kaggle.com/competitions/fixing-the-poisoned-well/discussion/link-to-blog
prv_fc_1_42,0.0,https://www.kaggle.com/competitions/fixing-the-poisoned-well/discussion/link-to-blog
prv_fc_1_43,0.0,https://www.kaggle.com/competitions/fixing-the-poisoned-well/discussion/link-to-blog
prv_fc_1_44,0.0,https://www.kaggle.com/competitions/fixing-the-poisoned-well/discussion/link-to-blog
prv_fc_1_45,0.0,https://www.kaggle.com/competitions/fixing-the-poisoned-well/discussion/link-to-blog
prv_fc_1_46,0.0,https://www.kaggle.com/competitions/fixing-the-poisoned-well/discussion/link-to-blog
prv_fc_1_47,0.0,https://www.kaggle.com/competitions/fixing-the-poisoned-well/discussion/link-to-blog
prv_fc_1_48,0.0,https://www.kaggle.com/competitions/fixing-the-poisoned-well/discussion/link-to-blog
prv_fc_1_49,0.0,https://www.kaggle.com/competitions/fixing-the-poisoned-well/discussion/link-to-blog
prv_fc_1_50,0.0,https://www.kaggle.com/competitions/fixing-the-poisoned-well/discussion/link-to-blog
prv_fc_1_51,0.0,https://www.kaggle.com/competitions/fixing-the-poisoned-well/discussion/link-to-blog
prv_fc_1_52,0.0,https://www.kaggle.com/competitions/fixing-the-poisoned-well/discussion/link-to-blog
prv_fc_1_53,0.0,https://www.kaggle.com/competitions/fixing-the-poisoned-well/discussion/link-to-blog
prv_fc_1_54,0.0,https://www.kaggle.com/competitions/fixing-the-poisoned-well/discussion/link-to-blog
prv_fc_1_55,0.0,https://www.kaggle.com/competitions/fixing-the-poisoned-well/discussion/link-to-blog
prv_fc_2_0,0.0,https://www.kaggle.com/competitions/fixing-the-poisoned-well/discussion/link-to-blog
prv_fc_2_1,0.0,https://www.kaggle.com/competitions/fixing-the-poisoned-well/discussion/link-to-blog
prv_fc_2_2,0.0,https://www.kaggle.com/competitions/fixing-the-poisoned-well/discussion/link-to-blog
prv_fc_2_3,0.0,https://www.kaggle.com/competitions/fixing-the-poisoned-well/discussion/link-to-blog
prv_fc_2_4,0.0,https://www.kaggle.com/competitions/fixing-the-poisoned-well/discussion/link-to-blog
prv_fc_2_5,0.0,https://www.kaggle.com/competitions/fixing-the-poisoned-well/discussion/link-to-blog
prv_fc_2_6,0.0,https://www.kaggle.com/competitions/fixing-the-poisoned-well/discussion/link-to-blog
prv_fc_2_7,0.0,https://www.kaggle.com/competitions/fixing-the-poisoned-well/discussion/link-to-blog
prv_fc_2_8,0.0,https://www.kaggle.com/competitions/fixing-the-poisoned-well/discussion/link-to-blog
prv_fc_2_9,0.0,https://www.kaggle.com/competitions/fixing-the-poisoned-well/discussion/link-to-blog
prv_fc_2_10,0.0,https://www.kaggle.com/competitions/fixing-the-poisoned-well/discussion/link-to-blog
prv_fc_2_11,0.0,https://www.kaggle.com/competitions/fixing-the-poisoned-well/discussion/link-to-blog
prv_fc_2_12,0.0,https://www.kaggle.com/competitions/fixing-the-poisoned-well/discussion/link-to-blog
prv_fc_2_13,0.0,https://www.kaggle.com/competitions/fixing-the-poisoned-well/discussion/link-to-blog
prv_fc_2_14,0.0,https://www.kaggle.com/competitions/fixing-the-poisoned-well/discussion/link-to-blog
prv_fc_2_15,0.0,https://www.kaggle.com/competitions/fixing-the-poisoned-well/discussion/link-to-blog
prv_fc_2_16,0.0,https://www.kaggle.com/competitions/fixing-the-poisoned-well/discussion/link-to-blog
prv_fc_2_17,0.0,https://www.kaggle.com/competitions/fixing-the-poisoned-well/discussion/link-to-blog
prv_fc_2_18,0.0,https://www.kaggle.com/competitions/fixing-the-poisoned-well/discussion/link-to-blog
prv_fc_2_19,0.0,https://www.kaggle.com/competitions/fixing-the-poisoned-well/discussion/link-to-blog
prv_fc_2_20,0.0,https://www.kaggle.com/competitions/fixing-the-poisoned-well/discussion/link-to-blog
prv_fc_2_21,0.0,https://www.kaggle.com/competitions/fixing-the-poisoned-well/discussion/link-to-blog
prv_fc_2_22,0.0,https://www.kaggle.com/competitions/fixing-the-poisoned-well/discussion/link-to-blog
prv_fc_2_23,0.0,https://www.kaggle.com/competitions/fixing-the-poisoned-well/discussion/link-to-blog
prv_fc_2_24,0.0,https://www.kaggle.com/competitions/fixing-the-poisoned-well/discussion/link-to-blog
prv_fc_2_25,0.0,https://www.kaggle.com/competitions/fixing-the-poisoned-well/discussion/link-to-blog
prv_fc_2_26,0.0,https://www.kaggle.com/competitions/fixing-the-poisoned-well/discussion/link-to-blog
prv_fc_2_27,0.0,https://www.kaggle.com/competitions/fixing-the-poisoned-well/discussion/link-to-blog
prv_fc_2_28,0.0,https://www.kaggle.com/competitions/fixing-the-poisoned-well/discussion/link-to-blog
prv_fc_2_29,0.0,https://www.kaggle.com/competitions/fixing-the-poisoned-well/discussion/link-to-blog
prv_fc_2_30,0.0,https://www.kaggle.com/competitions/fixing-the-poisoned-well/discussion/link-to-blog
prv_fc_2_31,0.0,https://www.kaggle.com/competitions/fixing-the-poisoned-well/discussion/link-to-blog
prv_fc_2_32,0.0,https://www.kaggle.com/competitions/fixing-the-poisoned-well/discussion/link-to-blog
prv_fc_2_33,0.0,https://www.kaggle.com/competitions/fixing-the-poisoned-well/discussion/link-to-blog
prv_fc_2_34,0.0,https://www.kaggle.com/competitions/fixing-the-poisoned-well/discussion/link-to-blog
prv_fc_2_35,0.0,https://www.kaggle.com/competitions/fixing-the-poisoned-well/discussion/link-to-blog
prv_fc_2_36,0.0,https://www.kaggle.com/competitions/fixing-the-poisoned-well/discussion/link-to-blog
prv_fc_2_37,0.0,https://www.kaggle.com/competitions/fixing-the-poisoned-well/discussion/link-to-blog
prv_fc_2_38,0.0,https://www.kaggle.com/competitions/fixing-the-poisoned-well/discussion/link-to-blog
prv_fc_2_39,0.0,https://www.kaggle.com/competitions/fixing-the-poisoned-well/discussion/link-to-blog
prv_fc_2_40,0.0,https://www.kaggle.com/competitions/fixing-the-poisoned-well/discussion/link-to-blog
prv_fc_2_41,0.0,https://www.kaggle.com/competitions/fixing-the-poisoned-well/discussion/link-to-blog
prv_fc_2_42,0.0,https://www.kaggle.com/competitions/fixing-the-poisoned-well/discussion/link-to-blog
prv_fc_2_43,0.0,https://www.kaggle.com/competitions/fixing-the-poisoned-well/discussion/link-to-blog
prv_fc_2_44,0.0,https://www.kaggle.com/competitions/fixing-the-poisoned-well/discussion/link-to-blog
prv_fc_2_45,0.0,https://www.kaggle.com/competitions/fixing-the-poisoned-well/discussion/link-to-blog
prv_fc_2_46,0.0,https://www.kaggle.com/competitions/fixing-the-poisoned-well/discussion/link-to-blog
prv_fc_2_47,0.0,https://www.kaggle.com/competitions/fixing-the-poisoned-well/discussion/link-to-blog
prv_fc_2_48,0.0,https://www.kaggle.com/competitions/fixing-the-poisoned-well/discussion/link-to-blog
prv_fc_2_49,0.0,https://www.kaggle.com/competitions/fixing-the-poisoned-well/discussion/link-to-blog
prv_fc_2_50,0.0,https://www.kaggle.com/competitions/fixing-the-poisoned-well/discussion/link-to-blog
prv_fc_2_51,0.0,https://www.kaggle.com/competitions/fixing-the-poisoned-well/discussion/link-to-blog
prv_fc_2_52,0.0,https://www.kaggle.com/competitions/fixing-the-poisoned-well/discussion/link-to-blog
prv_fc_2_53,0.0,https://www.kaggle.com/competitions/fixing-the-poisoned-well/discussion/link-to-blog
prv_fc_2_54,0.0,https://www.kaggle.com/competitions/fixing-the-poisoned-well/discussion/link-to-blog
prv_fc_2_55,0.0,https://www.kaggle.com/competitions/fixing-the-poisoned-well/discussion/link-to-blog
prv_fc_3_0,0.0,https://www.kaggle.com/competitions/fixing-the-poisoned-well/discussion/link-to-blog
prv_fc_3_1,0.0,https://www.kaggle.com/competitions/fixing-the-poisoned-well/discussion/link-to-blog
prv_fc_3_2,0.0,https://www.kaggle.com/competitions/fixing-the-poisoned-well/discussion/link-to-blog
prv_fc_3_3,0.0,https://www.kaggle.com/competitions/fixing-the-poisoned-well/discussion/link-to-blog
prv_fc_3_4,0.0,https://www.kaggle.com/competitions/fixing-the-poisoned-well/discussion/link-to-blog
prv_fc_3_5,0.0,https://www.kaggle.com/competitions/fixing-the-poisoned-well/discussion/link-to-blog
prv_fc_3_6,0.0,https://www.kaggle.com/competitions/fixing-the-poisoned-well/discussion/link-to-blog
prv_fc_3_7,0.0,https://www.kaggle.com/competitions/fixing-the-poisoned-well/discussion/link-to-blog
prv_fc_3_8,0.0,https://www.kaggle.com/competitions/fixing-the-poisoned-well/discussion/link-to-blog
prv_fc_3_9,0.0,https://www.kaggle.com/competitions/fixing-the-poisoned-well/discussion/link-to-blog
prv_fc_3_10,0.0,https://www.kaggle.com/competitions/fixing-the-poisoned-well/discussion/link-to-blog
prv_fc_3_11,0.0,https://www.kaggle.com/competitions/fixing-the-poisoned-well/discussion/link-to-blog
prv_fc_3_12,0.0,https://www.kaggle.com/competitions/fixing-the-poisoned-well/discussion/link-to-blog
prv_fc_3_13,0.0,https://www.kaggle.com/competitions/fixing-the-poisoned-well/discussion/link-to-blog
prv_fc_3_14,0.0,https://www.kaggle.com/competitions/fixing-the-poisoned-well/discussion/link-to-blog
prv_fc_3_15,0.0,https://www.kaggle.com/competitions/fixing-the-poisoned-well/discussion/link-to-blog
prv_fc_3_16,0.0,https://www.kaggle.com/competitions/fixing-the-poisoned-well/discussion/link-to-blog
prv_fc_3_17,0.0,https://www.kaggle.com/competitions/fixing-the-poisoned-well/discussion/link-to-blog
prv_fc_3_18,0.0,https://www.kaggle.com/competitions/fixing-the-poisoned-well/discussion/link-to-blog
prv_fc_3_19,0.0,https://www.kaggle.com/competitions/fixing-the-poisoned-well/discussion/link-to-blog
prv_fc_3_20,0.0,https://www.kaggle.com/competitions/fixing-the-poisoned-well/discussion/link-to-blog
prv_fc_3_21,0.0,https://www.kaggle.com/competitions/fixing-the-poisoned-well/discussion/link-to-blog
prv_fc_3_22,0.0,https://www.kaggle.com/competitions/fixing-the-poisoned-well/discussion/link-to-blog
prv_fc_3_23,0.0,https://www.kaggle.com/competitions/fixing-the-poisoned-well/discussion/link-to-blog
prv_fc_3_24,0.0,https://www.kaggle.com/competitions/fixing-the-poisoned-well/discussion/link-to-blog
prv_fc_3_25,0.0,https://www.kaggle.com/competitions/fixing-the-poisoned-well/discussion/link-to-blog
prv_fc_3_26,0.0,https://www.kaggle.com/competitions/fixing-the-poisoned-well/discussion/link-to-blog
prv_fc_3_27,0.0,https://www.kaggle.com/competitions/fixing-the-poisoned-well/discussion/link-to-blog
prv_fc_3_28,0.0,https://www.kaggle.com/competitions/fixing-the-poisoned-well/discussion/link-to-blog
prv_fc_3_29,0.0,https://www.kaggle.com/competitions/fixing-the-poisoned-well/discussion/link-to-blog
prv_fc_3_30,0.0,https://www.kaggle.com/competitions/fixing-the-poisoned-well/discussion/link-to-blog
prv_fc_3_31,0.0,https://www.kaggle.com/competitions/fixing-the-poisoned-well/discussion/link-to-blog
prv_fc_3_32,0.0,https://www.kaggle.com/competitions/fixing-the-poisoned-well/discussion/link-to-blog
prv_fc_3_33,0.0,https://www.kaggle.com/competitions/fixing-the-poisoned-well/discussion/link-to-blog
prv_fc_3_34,0.0,https://www.kaggle.com/competitions/fixing-the-poisoned-well/discussion/link-to-blog
prv_fc_3_35,0.0,https://www.kaggle.com/competitions/fixing-the-poisoned-well/discussion/link-to-blog
prv_fc_3_36,0.0,https://www.kaggle.com/competitions/fixing-the-poisoned-well/discussion/link-to-blog
prv_fc_3_37,0.0,https://www.kaggle.com/competitions/fixing-the-poisoned-well/discussion/link-to-blog
prv_fc_3_38,0.0,https://www.kaggle.com/competitions/fixing-the-poisoned-well/discussion/link-to-blog
prv_fc_3_39,0.0,https://www.kaggle.com/competitions/fixing-the-poisoned-well/discussion/link-to-blog
prv_fc_3_40,0.0,https://www.kaggle.com/competitions/fixing-the-poisoned-well/discussion/link-to-blog
prv_fc_3_41,0.0,https://www.kaggle.com/competitions/fixing-the-poisoned-well/discussion/link-to-blog
prv_fc_3_42,0.0,https://www.kaggle.com/competitions/fixing-the-poisoned-well/discussion/link-to-blog
prv_fc_3_43,0.0,https://www.kaggle.com/competitions/fixing-the-poisoned-well/discussion/link-to-blog
prv_fc_3_44,0.0,https://www.kaggle.com/competitions/fixing-the-poisoned-well/discussion/link-to-blog
prv_fc_3_45,0.0,https://www.kaggle.com/competitions/fixing-the-poisoned-well/discussion/link-to-blog
prv_fc_3_46,0.0,https://www.kaggle.com/competitions/fixing-the-poisoned-well/discussion/link-to-blog
prv_fc_3_47,0.0,https://www.kaggle.com/competitions/fixing-the-poisoned-well/discussion/link-to-blog
prv_fc_3_48,0.0,https://www.kaggle.com/competitions/fixing-the-poisoned-well/discussion/link-to-blog
prv_fc_3_49,0.0,https://www.kaggle.com/competitions/fixing-the-poisoned-well/discussion/link-to-blog
prv_fc_3_50,0.0,https://www.kaggle.com/competitions/fixing-the-poisoned-well/discussion/link-to-blog
prv_fc_3_51,0.0,https://www.kaggle.com/competitions/fixing-the-poisoned-well/discussion/link-to-blog
prv_fc_3_52,0.0,https://www.kaggle.com/competitions/fixing-the-poisoned-well/discussion/link-to-blog
prv_fc_3_53,0.0,https://www.kaggle.com/competitions/fixing-the-poisoned-well/discussion/link-to-blog
prv_fc_3_54,0.0,https://www.kaggle.com/competitions/fixing-the-poisoned-well/discussion/link-to-blog
prv_fc_3_55,0.0,https://www.kaggle.com/competitions/fixing-the-poisoned-well/discussion/link-to-blog
prv_fc_4_0,0.0,https://www.kaggle.com/competitions/fixing-the-poisoned-well/discussion/link-to-blog
prv_fc_4_1,0.0,https://www.kaggle.com/competitions/fixing-the-poisoned-well/discussion/link-to-blog
prv_fc_4_2,0.0,https://www.kaggle.com/competitions/fixing-the-poisoned-well/discussion/link-to-blog
prv_fc_4_3,0.0,https://www.kaggle.com/competitions/fixing-the-poisoned-well/discussion/link-to-blog
prv_fc_4_4,0.0,https://www.kaggle.com/competitions/fixing-the-poisoned-well/discussion/link-to-blog
prv_fc_4_5,0.0,https://www.kaggle.com/competitions/fixing-the-poisoned-well/discussion/link-to-blog
prv_fc_4_6,0.0,https://www.kaggle.com/competitions/fixing-the-poisoned-well/discussion/link-to-blog
prv_fc_4_7,0.0,https://www.kaggle.com/competitions/fixing-the-poisoned-well/discussion/link-to-blog
prv_fc_4_8,0.0,https://www.kaggle.com/competitions/fixing-the-poisoned-well/discussion/link-to-blog
prv_fc_4_9,0.0,https://www.kaggle.com/competitions/fixing-the-poisoned-well/discussion/link-to-blog
prv_fc_4_10,0.0,https://www.kaggle.com/competitions/fixing-the-poisoned-well/discussion/link-to-blog
prv_fc_4_11,0.0,https://www.kaggle.com/competitions/fixing-the-poisoned-well/discussion/link-to-blog
prv_fc_4_12,0.0,https://www.kaggle.com/competitions/fixing-the-poisoned-well/discussion/link-to-blog
prv_fc_4_13,0.0,https://www.kaggle.com/competitions/fixing-the-poisoned-well/discussion/link-to-blog
prv_fc_4_14,0.0,https://www.kaggle.com/competitions/fixing-the-poisoned-well/discussion/link-to-blog
prv_fc_4_15,0.0,https://www.kaggle.com/competitions/fixing-the-poisoned-well/discussion/link-to-blog
prv_fc_4_16,0.0,https://www.kaggle.com/competitions/fixing-the-poisoned-well/discussion/link-to-blog
prv_fc_4_17,0.0,https://www.kaggle.com/competitions/fixing-the-poisoned-well/discussion/link-to-blog
prv_fc_4_18,0.0,https://www.kaggle.com/competitions/fixing-the-poisoned-well/discussion/link-to-blog
prv_fc_4_19,0.0,https://www.kaggle.com/competitions/fixing-the-poisoned-well/discussion/link-to-blog
prv_fc_4_20,0.0,https://www.kaggle.com/competitions/fixing-the-poisoned-well/discussion/link-to-blog
prv_fc_4_21,0.0,https://www.kaggle.com/competitions/fixing-the-poisoned-well/discussion/link-to-blog
prv_fc_4_22,0.0,https://www.kaggle.com/competitions/fixing-the-poisoned-well/discussion/link-to-blog
prv_fc_4_23,0.0,https://www.kaggle.com/competitions/fixing-the-poisoned-well/discussion/link-to-blog
prv_fc_4_24,0.0,https://www.kaggle.com/competitions/fixing-the-poisoned-well/discussion/link-to-blog
prv_fc_4_25,0.0,https://www.kaggle.com/competitions/fixing-the-poisoned-well/discussion/link-to-blog
prv_fc_4_26,0.0,https://www.kaggle.com/competitions/fixing-the-poisoned-well/discussion/link-to-blog
prv_fc_4_27,0.0,https://www.kaggle.com/competitions/fixing-the-poisoned-well/discussion/link-to-blog
prv_fc_4_28,0.0,https://www.kaggle.com/competitions/fixing-the-poisoned-well/discussion/link-to-blog
prv_fc_4_29,0.0,https://www.kaggle.com/competitions/fixing-the-poisoned-well/discussion/link-to-blog
prv_fc_4_30,0.0,https://www.kaggle.com/competitions/fixing-the-poisoned-well/discussion/link-to-blog
prv_fc_4_31,0.0,https://www.kaggle.com/competitions/fixing-the-poisoned-well/discussion/link-to-blog
prv_fc_4_32,0.0,https://www.kaggle.com/competitions/fixing-the-poisoned-well/discussion/link-to-blog
prv_fc_4_33,0.0,https://www.kaggle.com/competitions/fixing-the-poisoned-well/discussion/link-to-blog
prv_fc_4_34,0.0,https://www.kaggle.com/competitions/fixing-the-poisoned-well/discussion/link-to-blog
prv_fc_4_35,0.0,https://www.kaggle.com/competitions/fixing-the-poisoned-well/discussion/link-to-blog
prv_fc_4_36,0.0,https://www.kaggle.com/competitions/fixing-the-poisoned-well/discussion/link-to-blog
prv_fc_4_37,0.0,https://www.kaggle.com/competitions/fixing-the-poisoned-well/discussion/link-to-blog
prv_fc_4_38,0.0,https://www.kaggle.com/competitions/fixing-the-poisoned-well/discussion/link-to-blog
prv_fc_4_39,0.0,https://www.kaggle.com/competitions/fixing-the-poisoned-well/discussion/link-to-blog
prv_fc_4_40,0.0,https://www.kaggle.com/competitions/fixing-the-poisoned-well/discussion/link-to-blog
prv_fc_4_41,0.0,https://www.kaggle.com/competitions/fixing-the-poisoned-well/discussion/link-to-blog
prv_fc_4_42,0.0,https://www.kaggle.com/competitions/fixing-the-poisoned-well/discussion/link-to-blog
prv_fc_4_43,0.0,https://www.kaggle.com/competitions/fixing-the-poisoned-well/discussion/link-to-blog
prv_fc_4_44,0.0,https://www.kaggle.com/competitions/fixing-the-poisoned-well/discussion/link-to-blog
prv_fc_4_45,0.0,https://www.kaggle.com/competitions/fixing-the-poisoned-well/discussion/link-to-blog
prv_fc_4_46,0.0,https://www.kaggle.com/competitions/fixing-the-poisoned-well/discussion/link-to-blog
prv_fc_4_47,0.0,https://www.kaggle.com/competitions/fixing-the-poisoned-well/discussion/link-to-blog
prv_fc_4_48,0.0,https://www.kaggle.com/competitions/fixing-the-poisoned-well/discussion/link-to-blog
prv_fc_4_49,0.0,https://www.kaggle.com/competitions/fixing-the-poisoned-well/discussion/link-to-blog
prv_fc_4_50,0.0,https://www.kaggle.com/competitions/fixing-the-poisoned-well/discussion/link-to-blog
prv_fc_4_51,0.0,https://www.kaggle.com/competitions/fixing-the-poisoned-well/discussion/link-to-blog
prv_fc_4_52,0.0,https://www.kaggle.com/competitions/fixing-the-poisoned-well/discussion/link-to-blog
prv_fc_4_53,0.0,https://www.kaggle.com/competitions/fixing-the-poisoned-well/discussion/link-to-blog
prv_fc_4_54,0.0,https://www.kaggle.com/competitions/fixing-the-poisoned-well/discussion/link-to-blog
prv_fc_4_55,0.0,https://www.kaggle.com/competitions/fixing-the-poisoned-well/discussion/link-to-blog
prv_fc_5_0,0.0,https://www.kaggle.com/competitions/fixing-the-poisoned-well/discussion/link-to-blog
prv_fc_5_1,0.0,https://www.kaggle.com/competitions/fixing-the-poisoned-well/discussion/link-to-blog
prv_fc_5_2,0.0,https://www.kaggle.com/competitions/fixing-the-poisoned-well/discussion/link-to-blog
prv_fc_5_3,0.0,https://www.kaggle.com/competitions/fixing-the-poisoned-well/discussion/link-to-blog
prv_fc_5_4,0.0,https://www.kaggle.com/competitions/fixing-the-poisoned-well/discussion/link-to-blog
prv_fc_5_5,0.0,https://www.kaggle.com/competitions/fixing-the-poisoned-well/discussion/link-to-blog
prv_fc_5_6,0.0,https://www.kaggle.com/competitions/fixing-the-poisoned-well/discussion/link-to-blog
prv_fc_5_7,0.0,https://www.kaggle.com/competitions/fixing-the-poisoned-well/discussion/link-to-blog
prv_fc_5_8,0.0,https://www.kaggle.com/competitions/fixing-the-poisoned-well/discussion/link-to-blog
prv_fc_5_9,0.0,https://www.kaggle.com/competitions/fixing-the-poisoned-well/discussion/link-to-blog
prv_fc_5_10,0.0,https://www.kaggle.com/competitions/fixing-the-poisoned-well/discussion/link-to-blog
prv_fc_5_11,0.0,https://www.kaggle.com/competitions/fixing-the-poisoned-well/discussion/link-to-blog
prv_fc_5_12,0.0,https://www.kaggle.com/competitions/fixing-the-poisoned-well/discussion/link-to-blog
prv_fc_5_13,0.0,https://www.kaggle.com/competitions/fixing-the-poisoned-well/discussion/link-to-blog
prv_fc_5_14,0.0,https://www.kaggle.com/competitions/fixing-the-poisoned-well/discussion/link-to-blog
prv_fc_5_15,0.0,https://www.kaggle.com/competitions/fixing-the-poisoned-well/discussion/link-to-blog
prv_fc_5_16,0.0,https://www.kaggle.com/competitions/fixing-the-poisoned-well/discussion/link-to-blog
prv_fc_5_17,0.0,https://www.kaggle.com/competitions/fixing-the-poisoned-well/discussion/link-to-blog
prv_fc_5_18,0.0,https://www.kaggle.com/competitions/fixing-the-poisoned-well/discussion/link-to-blog
prv_fc_5_19,0.0,https://www.kaggle.com/competitions/fixing-the-poisoned-well/discussion/link-to-blog
prv_fc_5_20,0.0,https://www.kaggle.com/competitions/fixing-the-poisoned-well/discussion/link-to-blog
prv_fc_5_21,0.0,https://www.kaggle.com/competitions/fixing-the-poisoned-well/discussion/link-to-blog
prv_fc_5_22,0.0,https://www.kaggle.com/competitions/fixing-the-poisoned-well/discussion/link-to-blog
prv_fc_5_23,0.0,https://www.kaggle.com/competitions/fixing-the-poisoned-well/discussion/link-to-blog
prv_fc_5_24,0.0,https://www.kaggle.com/competitions/fixing-the-poisoned-well/discussion/link-to-blog
prv_fc_5_25,0.0,https://www.kaggle.com/competitions/fixing-the-poisoned-well/discussion/link-to-blog
prv_fc_5_26,0.0,https://www.kaggle.com/competitions/fixing-the-poisoned-well/discussion/link-to-blog
prv_fc_5_27,0.0,https://www.kaggle.com/competitions/fixing-the-poisoned-well/discussion/link-to-blog
prv_fc_5_28,0.0,https://www.kaggle.com/competitions/fixing-the-poisoned-well/discussion/link-to-blog
prv_fc_5_29,0.0,https://www.kaggle.com/competitions/fixing-the-poisoned-well/discussion/link-to-blog
prv_fc_5_30,0.0,https://www.kaggle.com/competitions/fixing-the-poisoned-well/discussion/link-to-blog
prv_fc_5_31,0.0,https://www.kaggle.com/competitions/fixing-the-poisoned-well/discussion/link-to-blog
prv_fc_5_32,0.0,https://www.kaggle.com/competitions/fixing-the-poisoned-well/discussion/link-to-blog
prv_fc_5_33,0.0,https://www.kaggle.com/competitions/fixing-the-poisoned-well/discussion/link-to-blog
prv_fc_5_34,0.0,https://www.kaggle.com/competitions/fixing-the-poisoned-well/discussion/link-to-blog
prv_fc_5_35,0.0,https://www.kaggle.com/competitions/fixing-the-poisoned-well/discussion/link-to-blog
prv_fc_5_36,0.0,https://www.kaggle.com/competitions/fixing-the-poisoned-well/discussion/link-to-blog
prv_fc_5_37,0.0,https://www.kaggle.com/competitions/fixing-the-poisoned-well/discussion/link-to-blog
prv_fc_5_38,0.0,https://www.kaggle.com/competitions/fixing-the-poisoned-well/discussion/link-to-blog
prv_fc_5_39,0.0,https://www.kaggle.com/competitions/fixing-the-poisoned-well/discussion/link-to-blog
prv_fc_5_40,0.0,https://www.kaggle.com/competitions/fixing-the-poisoned-well/discussion/link-to-blog
prv_fc_5_41,0.0,https://www.kaggle.com/competitions/fixing-the-poisoned-well/discussion/link-to-blog
prv_fc_5_42,0.0,https://www.kaggle.com/competitions/fixing-the-poisoned-well/discussion/link-to-blog
prv_fc_5_43,0.0,https://www.kaggle.com/competitions/fixing-the-poisoned-well/discussion/link-to-blog
prv_fc_5_44,0.0,https://www.kaggle.com/competitions/fixing-the-poisoned-well/discussion/link-to-blog
prv_fc_5_45,0.0,https://www.kaggle.com/competitions/fixing-the-poisoned-well/discussion/link-to-blog
prv_fc_5_46,0.0,https://www.kaggle.com/competitions/fixing-the-poisoned-well/discussion/link-to-blog
prv_fc_5_47,0.0,https://www.kaggle.com/competitions/fixing-the-poisoned-well/discussion/link-to-blog
prv_fc_5_48,0.0,https://www.kaggle.com/competitions/fixing-the-poisoned-well/discussion/link-to-blog
prv_fc_5_49,0.0,https://www.kaggle.com/competitions/fixing-the-poisoned-well/discussion/link-to-blog
prv_fc_5_50,0.0,https://www.kaggle.com/competitions/fixing-the-poisoned-well/discussion/link-to-blog
prv_fc_5_51,0.0,https://www.kaggle.com/competitions/fixing-the-poisoned-well/discussion/link-to-blog
prv_fc_5_52,0.0,https://www.kaggle.com/competitions/fixing-the-poisoned-well/discussion/link-to-blog
prv_fc_5_53,0.0,https://www.kaggle.com/competitions/fixing-the-poisoned-well/discussion/link-to-blog
prv_fc_5_54,0.0,https://www.kaggle.com/competitions/fixing-the-poisoned-well/discussion/link-to-blog
prv_fc_5_55,0.0,https://www.kaggle.com/competitions/fixing-the-poisoned-well/discussion/link-to-blog
prv_fc_6_0,0.0,https://www.kaggle.com/competitions/fixing-the-poisoned-well/discussion/link-to-blog
prv_fc_6_1,0.0,https://www.kaggle.com/competitions/fixing-the-poisoned-well/discussion/link-to-blog
prv_fc_6_2,0.0,https://www.kaggle.com/competitions/fixing-the-poisoned-well/discussion/link-to-blog
prv_fc_6_3,0.0,https://www.kaggle.com/competitions/fixing-the-poisoned-well/discussion/link-to-blog
prv_fc_6_4,0.0,https://www.kaggle.com/competitions/fixing-the-poisoned-well/discussion/link-to-blog
prv_fc_6_5,0.0,https://www.kaggle.com/competitions/fixing-the-poisoned-well/discussion/link-to-blog
prv_fc_6_6,0.0,https://www.kaggle.com/competitions/fixing-the-poisoned-well/discussion/link-to-blog
prv_fc_6_7,0.0,https://www.kaggle.com/competitions/fixing-the-poisoned-well/discussion/link-to-blog
prv_fc_6_8,0.0,https://www.kaggle.com/competitions/fixing-the-poisoned-well/discussion/link-to-blog
prv_fc_6_9,0.0,https://www.kaggle.com/competitions/fixing-the-poisoned-well/discussion/link-to-blog
prv_fc_6_10,0.0,https://www.kaggle.com/competitions/fixing-the-poisoned-well/discussion/link-to-blog
prv_fc_6_11,0.0,https://www.kaggle.com/competitions/fixing-the-poisoned-well/discussion/link-to-blog
prv_fc_6_12,0.0,https://www.kaggle.com/competitions/fixing-the-poisoned-well/discussion/link-to-blog
prv_fc_6_13,0.0,https://www.kaggle.com/competitions/fixing-the-poisoned-well/discussion/link-to-blog
prv_fc_6_14,0.0,https://www.kaggle.com/competitions/fixing-the-poisoned-well/discussion/link-to-blog
prv_fc_6_15,0.0,https://www.kaggle.com/competitions/fixing-the-poisoned-well/discussion/link-to-blog
prv_fc_6_16,0.0,https://www.kaggle.com/competitions/fixing-the-poisoned-well/discussion/link-to-blog
prv_fc_6_17,0.0,https://www.kaggle.com/competitions/fixing-the-poisoned-well/discussion/link-to-blog
prv_fc_6_18,0.0,https://www.kaggle.com/competitions/fixing-the-poisoned-well/discussion/link-to-blog
prv_fc_6_19,0.0,https://www.kaggle.com/competitions/fixing-the-poisoned-well/discussion/link-to-blog
prv_fc_6_20,0.0,https://www.kaggle.com/competitions/fixing-the-poisoned-well/discussion/link-to-blog
prv_fc_6_21,0.0,https://www.kaggle.com/competitions/fixing-the-poisoned-well/discussion/link-to-blog
prv_fc_6_22,0.0,https://www.kaggle.com/competitions/fixing-the-poisoned-well/discussion/link-to-blog
prv_fc_6_23,0.0,https://www.kaggle.com/competitions/fixing-the-poisoned-well/discussion/link-to-blog
prv_fc_6_24,0.0,https://www.kaggle.com/competitions/fixing-the-poisoned-well/discussion/link-to-blog
prv_fc_6_25,0.0,https://www.kaggle.com/competitions/fixing-the-poisoned-well/discussion/link-to-blog
prv_fc_6_26,0.0,https://www.kaggle.com/competitions/fixing-the-poisoned-well/discussion/link-to-blog
prv_fc_6_27,0.0,https://www.kaggle.com/competitions/fixing-the-poisoned-well/discussion/link-to-blog
prv_fc_6_28,0.0,https://www.kaggle.com/competitions/fixing-the-poisoned-well/discussion/link-to-blog
prv_fc_6_29,0.0,https://www.kaggle.com/competitions/fixing-the-poisoned-well/discussion/link-to-blog
prv_fc_6_30,0.0,https://www.kaggle.com/competitions/fixing-the-poisoned-well/discussion/link-to-blog
prv_fc_6_31,0.0,https://www.kaggle.com/competitions/fixing-the-poisoned-well/discussion/link-to-blog
prv_fc_6_32,0.0,https://www.kaggle.com/competitions/fixing-the-poisoned-well/discussion/link-to-blog
prv_fc_6_33,0.0,https://www.kaggle.com/competitions/fixing-the-poisoned-well/discussion/link-to-blog
prv_fc_6_34,0.0,https://www.kaggle.com/competitions/fixing-the-poisoned-well/discussion/link-to-blog
prv_fc_6_35,0.0,https://www.kaggle.com/competitions/fixing-the-poisoned-well/discussion/link-to-blog
prv_fc_6_36,0.0,https://www.kaggle.com/competitions/fixing-the-poisoned-well/discussion/link-to-blog
prv_fc_6_37,0.0,https://www.kaggle.com/competitions/fixing-the-poisoned-well/discussion/link-to-blog
prv_fc_6_38,0.0,https://www.kaggle.com/competitions/fixing-the-poisoned-well/discussion/link-to-blog
prv_fc_6_39,0.0,https://www.kaggle.com/competitions/fixing-the-poisoned-well/discussion/link-to-blog
prv_fc_6_40,0.0,https://www.kaggle.com/competitions/fixing-the-poisoned-well/discussion/link-to-blog
prv_fc_6_41,0.0,https://www.kaggle.com/competitions/fixing-the-poisoned-well/discussion/link-to-blog
prv_fc_6_42,0.0,https://www.kaggle.com/competitions/fixing-the-poisoned-well/discussion/link-to-blog
prv_fc_6_43,0.0,https://www.kaggle.com/competitions/fixing-the-poisoned-well/discussion/link-to-blog
prv_fc_6_44,0.0,https://www.kaggle.com/competitions/fixing-the-poisoned-well/discussion/link-to-blog
prv_fc_6_45,0.0,https://www.kaggle.com/competitions/fixing-the-poisoned-well/discussion/link-to-blog
prv_fc_6_46,0.0,https://www.kaggle.com/competitions/fixing-the-poisoned-well/discussion/link-to-blog
prv_fc_6_47,0.0,https://www.kaggle.com/competitions/fixing-the-poisoned-well/discussion/link-to-blog
prv_fc_6_48,0.0,https://www.kaggle.com/competitions/fixing-the-poisoned-well/discussion/link-to-blog
prv_fc_6_49,0.0,https://www.kaggle.com/competitions/fixing-the-poisoned-well/discussion/link-to-blog
prv_fc_6_50,0.0,https://www.kaggle.com/competitions/fixing-the-poisoned-well/discussion/link-to-blog
prv_fc_6_51,0.0,https://www.kaggle.com/competitions/fixing-the-poisoned-well/discussion/link-to-blog
prv_fc_6_52,0.0,https://www.kaggle.com/competitions/fixing-the-poisoned-well/discussion/link-to-blog
prv_fc_6_53,0.0,https://www.kaggle.com/competitions/fixing-the-poisoned-well/discussion/link-to-blog
prv_fc_6_54,0.0,https://www.kaggle.com/competitions/fixing-the-poisoned-well/discussion/link-to-blog
prv_fc_6_55,0.0,https://www.kaggle.com/competitions/fixing-the-poisoned-well/discussion/link-to-blog
prv_fc_7_0,0.0,https://www.kaggle.com/competitions/fixing-the-poisoned-well/discussion/link-to-blog
prv_fc_7_1,0.0,https://www.kaggle.com/competitions/fixing-the-poisoned-well/discussion/link-to-blog
prv_fc_7_2,0.0,https://www.kaggle.com/competitions/fixing-the-poisoned-well/discussion/link-to-blog
prv_fc_7_3,0.0,https://www.kaggle.com/competitions/fixing-the-poisoned-well/discussion/link-to-blog
prv_fc_7_4,0.0,https://www.kaggle.com/competitions/fixing-the-poisoned-well/discussion/link-to-blog
prv_fc_7_5,0.0,https://www.kaggle.com/competitions/fixing-the-poisoned-well/discussion/link-to-blog
prv_fc_7_6,0.0,https://www.kaggle.com/competitions/fixing-the-poisoned-well/discussion/link-to-blog
prv_fc_7_7,0.0,https://www.kaggle.com/competitions/fixing-the-poisoned-well/discussion/link-to-blog
prv_fc_7_8,0.0,https://www.kaggle.com/competitions/fixing-the-poisoned-well/discussion/link-to-blog
prv_fc_7_9,0.0,https://www.kaggle.com/competitions/fixing-the-poisoned-well/discussion/link-to-blog
prv_fc_7_10,0.0,https://www.kaggle.com/competitions/fixing-the-poisoned-well/discussion/link-to-blog
prv_fc_7_11,0.0,https://www.kaggle.com/competitions/fixing-the-poisoned-well/discussion/link-to-blog
prv_fc_7_12,0.0,https://www.kaggle.com/competitions/fixing-the-poisoned-well/discussion/link-to-blog
prv_fc_7_13,0.0,https://www.kaggle.com/competitions/fixing-the-poisoned-well/discussion/link-to-blog
prv_fc_7_14,0.0,https://www.kaggle.com/competitions/fixing-the-poisoned-well/discussion/link-to-blog
prv_fc_7_15,0.0,https://www.kaggle.com/competitions/fixing-the-poisoned-well/discussion/link-to-blog
prv_fc_7_16,0.0,https://www.kaggle.com/competitions/fixing-the-poisoned-well/discussion/link-to-blog
prv_fc_7_17,0.0,https://www.kaggle.com/competitions/fixing-the-poisoned-well/discussion/link-to-blog
prv_fc_7_18,0.0,https://www.kaggle.com/competitions/fixing-the-poisoned-well/discussion/link-to-blog
prv_fc_7_19,0.0,https://www.kaggle.com/competitions/fixing-the-poisoned-well/discussion/link-to-blog
prv_fc_7_20,0.0,https://www.kaggle.com/competitions/fixing-the-poisoned-well/discussion/link-to-blog
prv_fc_7_21,0.0,https://www.kaggle.com/competitions/fixing-the-poisoned-well/discussion/link-to-blog
prv_fc_7_22,0.0,https://www.kaggle.com/competitions/fixing-the-poisoned-well/discussion/link-to-blog
prv_fc_7_23,0.0,https://www.kaggle.com/competitions/fixing-the-poisoned-well/discussion/link-to-blog
prv_fc_7_24,0.0,https://www.kaggle.com/competitions/fixing-the-poisoned-well/discussion/link-to-blog
prv_fc_7_25,0.0,https://www.kaggle.com/competitions/fixing-the-poisoned-well/discussion/link-to-blog
prv_fc_7_26,0.0,https://www.kaggle.com/competitions/fixing-the-poisoned-well/discussion/link-to-blog
prv_fc_7_27,0.0,https://www.kaggle.com/competitions/fixing-the-poisoned-well/discussion/link-to-blog
prv_fc_7_28,0.0,https://www.kaggle.com/competitions/fixing-the-poisoned-well/discussion/link-to-blog
prv_fc_7_29,0.0,https://www.kaggle.com/competitions/fixing-the-poisoned-well/discussion/link-to-blog
prv_fc_7_30,0.0,https://www.kaggle.com/competitions/fixing-the-poisoned-well/discussion/link-to-blog
prv_fc_7_31,0.0,https://www.kaggle.com/competitions/fixing-the-poisoned-well/discussion/link-to-blog
prv_fc_7_32,0.0,https://www.kaggle.com/competitions/fixing-the-poisoned-well/discussion/link-to-blog
prv_fc_7_33,0.0,https://www.kaggle.com/competitions/fixing-the-poisoned-well/discussion/link-to-blog
prv_fc_7_34,0.0,https://www.kaggle.com/competitions/fixing-the-poisoned-well/discussion/link-to-blog
prv_fc_7_35,0.0,https://www.kaggle.com/competitions/fixing-the-poisoned-well/discussion/link-to-blog
prv_fc_7_36,0.0,https://www.kaggle.com/competitions/fixing-the-poisoned-well/discussion/link-to-blog
prv_fc_7_37,0.0,https://www.kaggle.com/competitions/fixing-the-poisoned-well/discussion/link-to-blog
prv_fc_7_38,0.0,https://www.kaggle.com/competitions/fixing-the-poisoned-well/discussion/link-to-blog
prv_fc_7_39,0.0,https://www.kaggle.com/competitions/fixing-the-poisoned-well/discussion/link-to-blog
prv_fc_7_40,0.0,https://www.kaggle.com/competitions/fixing-the-poisoned-well/discussion/link-to-blog
prv_fc_7_41,0.0,https://www.kaggle.com/competitions/fixing-the-poisoned-well/discussion/link-to-blog
prv_fc_7_42,0.0,https://www.kaggle.com/competitions/fixing-the-poisoned-well/discussion/link-to-blog
prv_fc_7_43,0.0,https://www.kaggle.com/competitions/fixing-the-poisoned-well/discussion/link-to-blog
prv_fc_7_44,0.0,https://www.kaggle.com/competitions/fixing-the-poisoned-well/discussion/link-to-blog
prv_fc_7_45,0.0,https://www.kaggle.com/competitions/fixing-the-poisoned-well/discussion/link-to-blog
prv_fc_7_46,0.0,https://www.kaggle.com/competitions/fixing-the-poisoned-well/discussion/link-to-blog
prv_fc_7_47,0.0,https://www.kaggle.com/competitions/fixing-the-poisoned-well/discussion/link-to-blog
prv_fc_7_48,0.0,https://www.kaggle.com/competitions/fixing-the-poisoned-well/discussion/link-to-blog
prv_fc_7_49,0.0,https://www.kaggle.com/competitions/fixing-the-poisoned-well/discussion/link-to-blog
prv_fc_7_50,0.0,https://www.kaggle.com/competitions/fixing-the-poisoned-well/discussion/link-to-blog
prv_fc_7_51,0.0,https://www.kaggle.com/competitions/fixing-the-poisoned-well/discussion/link-to-blog
prv_fc_7_52,0.0,https://www.kaggle.com/competitions/fixing-the-poisoned-well/discussion/link-to-blog
prv_fc_7_53,0.0,https://www.kaggle.com/competitions/fixing-the-poisoned-well/discussion/link-to-blog
prv_fc_7_54,0.0,https://www.kaggle.com/competitions/fixing-the-poisoned-well/discussion/link-to-blog
prv_fc_7_55,0.0,https://www.kaggle.com/competitions/fixing-the-poisoned-well/discussion/link-to-blog
prv_fc_8_0,0.0,https://www.kaggle.com/competitions/fixing-the-poisoned-well/discussion/link-to-blog
prv_fc_8_1,0.0,https://www.kaggle.com/competitions/fixing-the-poisoned-well/discussion/link-to-blog
prv_fc_8_2,0.0,https://www.kaggle.com/competitions/fixing-the-poisoned-well/discussion/link-to-blog
prv_fc_8_3,0.0,https://www.kaggle.com/competitions/fixing-the-poisoned-well/discussion/link-to-blog
prv_fc_8_4,0.0,https://www.kaggle.com/competitions/fixing-the-poisoned-well/discussion/link-to-blog
prv_fc_8_5,0.0,https://www.kaggle.com/competitions/fixing-the-poisoned-well/discussion/link-to-blog
prv_fc_8_6,0.0,https://www.kaggle.com/competitions/fixing-the-poisoned-well/discussion/link-to-blog
prv_fc_8_7,0.0,https://www.kaggle.com/competitions/fixing-the-poisoned-well/discussion/link-to-blog
prv_fc_8_8,0.0,https://www.kaggle.com/competitions/fixing-the-poisoned-well/discussion/link-to-blog
prv_fc_8_9,0.0,https://www.kaggle.com/competitions/fixing-the-poisoned-well/discussion/link-to-blog
prv_fc_8_10,0.0,https://www.kaggle.com/competitions/fixing-the-poisoned-well/discussion/link-to-blog
prv_fc_8_11,0.0,https://www.kaggle.com/competitions/fixing-the-poisoned-well/discussion/link-to-blog
prv_fc_8_12,0.0,https://www.kaggle.com/competitions/fixing-the-poisoned-well/discussion/link-to-blog
prv_fc_8_13,0.0,https://www.kaggle.com/competitions/fixing-the-poisoned-well/discussion/link-to-blog
prv_fc_8_14,0.0,https://www.kaggle.com/competitions/fixing-the-poisoned-well/discussion/link-to-blog
prv_fc_8_15,0.0,https://www.kaggle.com/competitions/fixing-the-poisoned-well/discussion/link-to-blog
prv_fc_8_16,0.0,https://www.kaggle.com/competitions/fixing-the-poisoned-well/discussion/link-to-blog
prv_fc_8_17,0.0,https://www.kaggle.com/competitions/fixing-the-poisoned-well/discussion/link-to-blog
prv_fc_8_18,0.0,https://www.kaggle.com/competitions/fixing-the-poisoned-well/discussion/link-to-blog
prv_fc_8_19,0.0,https://www.kaggle.com/competitions/fixing-the-poisoned-well/discussion/link-to-blog
prv_fc_8_20,0.0,https://www.kaggle.com/competitions/fixing-the-poisoned-well/discussion/link-to-blog
prv_fc_8_21,0.0,https://www.kaggle.com/competitions/fixing-the-poisoned-well/discussion/link-to-blog
prv_fc_8_22,0.0,https://www.kaggle.com/competitions/fixing-the-poisoned-well/discussion/link-to-blog
prv_fc_8_23,0.0,https://www.kaggle.com/competitions/fixing-the-poisoned-well/discussion/link-to-blog
prv_fc_8_24,0.0,https://www.kaggle.com/competitions/fixing-the-poisoned-well/discussion/link-to-blog
prv_fc_8_25,0.0,https://www.kaggle.com/competitions/fixing-the-poisoned-well/discussion/link-to-blog
prv_fc_8_26,0.0,https://www.kaggle.com/competitions/fixing-the-poisoned-well/discussion/link-to-blog
prv_fc_8_27,0.0,https://www.kaggle.com/competitions/fixing-the-poisoned-well/discussion/link-to-blog
prv_fc_8_28,0.0,https://www.kaggle.com/competitions/fixing-the-poisoned-well/discussion/link-to-blog
prv_fc_8_29,0.0,https://www.kaggle.com/competitions/fixing-the-poisoned-well/discussion/link-to-blog
prv_fc_8_30,0.0,https://www.kaggle.com/competitions/fixing-the-poisoned-well/discussion/link-to-blog
prv_fc_8_31,0.0,https://www.kaggle.com/competitions/fixing-the-poisoned-well/discussion/link-to-blog
prv_fc_8_32,0.0,https://www.kaggle.com/competitions/fixing-the-poisoned-well/discussion/link-to-blog
prv_fc_8_33,0.0,https://www.kaggle.com/competitions/fixing-the-poisoned-well/discussion/link-to-blog
prv_fc_8_34,0.0,https://www.kaggle.com/competitions/fixing-the-poisoned-well/discussion/link-to-blog
prv_fc_8_35,0.0,https://www.kaggle.com/competitions/fixing-the-poisoned-well/discussion/link-to-blog
prv_fc_8_36,0.0,https://www.kaggle.com/competitions/fixing-the-poisoned-well/discussion/link-to-blog
prv_fc_8_37,0.0,https://www.kaggle.com/competitions/fixing-the-poisoned-well/discussion/link-to-blog
prv_fc_8_38,0.0,https://www.kaggle.com/competitions/fixing-the-poisoned-well/discussion/link-to-blog
prv_fc_8_39,0.0,https://www.kaggle.com/competitions/fixing-the-poisoned-well/discussion/link-to-blog
prv_fc_8_40,0.0,https://www.kaggle.com/competitions/fixing-the-poisoned-well/discussion/link-to-blog
prv_fc_8_41,0.0,https://www.kaggle.com/competitions/fixing-the-poisoned-well/discussion/link-to-blog
prv_fc_8_42,0.0,https://www.kaggle.com/competitions/fixing-the-poisoned-well/discussion/link-to-blog
prv_fc_8_43,0.0,https://www.kaggle.com/competitions/fixing-the-poisoned-well/discussion/link-to-blog
prv_fc_8_44,0.0,https://www.kaggle.com/competitions/fixing-the-poisoned-well/discussion/link-to-blog
prv_fc_8_45,0.0,https://www.kaggle.com/competitions/fixing-the-poisoned-well/discussion/link-to-blog
prv_fc_8_46,0.0,https://www.kaggle.com/competitions/fixing-the-poisoned-well/discussion/link-to-blog
prv_fc_8_47,0.0,https://www.kaggle.com/competitions/fixing-the-poisoned-well/discussion/link-to-blog
prv_fc_8_48,0.0,https://www.kaggle.com/competitions/fixing-the-poisoned-well/discussion/link-to-blog
prv_fc_8_49,0.0,https://www.kaggle.com/competitions/fixing-the-poisoned-well/discussion/link-to-blog
prv_fc_8_50,0.0,https://www.kaggle.com/competitions/fixing-the-poisoned-well/discussion/link-to-blog
prv_fc_8_51,0.0,https://www.kaggle.com/competitions/fixing-the-poisoned-well/discussion/link-to-blog
prv_fc_8_52,0.0,https://www.kaggle.com/competitions/fixing-the-poisoned-well/discussion/link-to-blog
prv_fc_8_53,0.0,https://www.kaggle.com/competitions/fixing-the-poisoned-well/discussion/link-to-blog
prv_fc_8_54,0.0,https://www.kaggle.com/competitions/fixing-the-poisoned-well/discussion/link-to-blog
prv_fc_8_55,0.0,https://www.kaggle.com/competitions/fixing-the-poisoned-well/discussion/link-to-blog
prv_fc_9_0,0.0,https://www.kaggle.com/competitions/fixing-the-poisoned-well/discussion/link-to-blog
prv_fc_9_1,0.0,https://www.kaggle.com/competitions/fixing-the-poisoned-well/discussion/link-to-blog
prv_fc_9_2,0.0,https://www.kaggle.com/competitions/fixing-the-poisoned-well/discussion/link-to-blog
prv_fc_9_3,0.0,https://www.kaggle.com/competitions/fixing-the-poisoned-well/discussion/link-to-blog
prv_fc_9_4,0.0,https://www.kaggle.com/competitions/fixing-the-poisoned-well/discussion/link-to-blog
prv_fc_9_5,0.0,https://www.kaggle.com/competitions/fixing-the-poisoned-well/discussion/link-to-blog
prv_fc_9_6,0.0,https://www.kaggle.com/competitions/fixing-the-poisoned-well/discussion/link-to-blog
prv_fc_9_7,0.0,https://www.kaggle.com/competitions/fixing-the-poisoned-well/discussion/link-to-blog
prv_fc_9_8,0.0,https://www.kaggle.com/competitions/fixing-the-poisoned-well/discussion/link-to-blog
prv_fc_9_9,0.0,https://www.kaggle.com/competitions/fixing-the-poisoned-well/discussion/link-to-blog
prv_fc_9_10,0.0,https://www.kaggle.com/competitions/fixing-the-poisoned-well/discussion/link-to-blog
prv_fc_9_11,0.0,https://www.kaggle.com/competitions/fixing-the-poisoned-well/discussion/link-to-blog
prv_fc_9_12,0.0,https://www.kaggle.com/competitions/fixing-the-poisoned-well/discussion/link-to-blog
prv_fc_9_13,0.0,https://www.kaggle.com/competitions/fixing-the-poisoned-well/discussion/link-to-blog
prv_fc_9_14,0.0,https://www.kaggle.com/competitions/fixing-the-poisoned-well/discussion/link-to-blog
prv_fc_9_15,0.0,https://www.kaggle.com/competitions/fixing-the-poisoned-well/discussion/link-to-blog
prv_fc_9_16,0.0,https://www.kaggle.com/competitions/fixing-the-poisoned-well/discussion/link-to-blog
prv_fc_9_17,0.0,https://www.kaggle.com/competitions/fixing-the-poisoned-well/discussion/link-to-blog
prv_fc_9_18,0.0,https://www.kaggle.com/competitions/fixing-the-poisoned-well/discussion/link-to-blog
prv_fc_9_19,0.0,https://www.kaggle.com/competitions/fixing-the-poisoned-well/discussion/link-to-blog
prv_fc_9_20,0.0,https://www.kaggle.com/competitions/fixing-the-poisoned-well/discussion/link-to-blog
prv_fc_9_21,0.0,https://www.kaggle.com/competitions/fixing-the-poisoned-well/discussion/link-to-blog
prv_fc_9_22,0.0,https://www.kaggle.com/competitions/fixing-the-poisoned-well/discussion/link-to-blog
prv_fc_9_23,0.0,https://www.kaggle.com/competitions/fixing-the-poisoned-well/discussion/link-to-blog
prv_fc_9_24,0.0,https://www.kaggle.com/competitions/fixing-the-poisoned-well/discussion/link-to-blog
prv_fc_9_25,0.0,https://www.kaggle.com/competitions/fixing-the-poisoned-well/discussion/link-to-blog
prv_fc_9_26,0.0,https://www.kaggle.com/competitions/fixing-the-poisoned-well/discussion/link-to-blog
prv_fc_9_27,0.0,https://www.kaggle.com/competitions/fixing-the-poisoned-well/discussion/link-to-blog
prv_fc_9_28,0.0,https://www.kaggle.com/competitions/fixing-the-poisoned-well/discussion/link-to-blog
prv_fc_9_29,0.0,https://www.kaggle.com/competitions/fixing-the-poisoned-well/discussion/link-to-blog
prv_fc_9_30,0.0,https://www.kaggle.com/competitions/fixing-the-poisoned-well/discussion/link-to-blog
prv_fc_9_31,0.0,https://www.kaggle.com/competitions/fixing-the-poisoned-well/discussion/link-to-blog
prv_fc_9_32,0.0,https://www.kaggle.com/competitions/fixing-the-poisoned-well/discussion/link-to-blog
prv_fc_9_33,0.0,https://www.kaggle.com/competitions/fixing-the-poisoned-well/discussion/link-to-blog
prv_fc_9_34,0.0,https://www.kaggle.com/competitions/fixing-the-poisoned-well/discussion/link-to-blog
prv_fc_9_35,0.0,https://www.kaggle.com/competitions/fixing-the-poisoned-well/discussion/link-to-blog
prv_fc_9_36,0.0,https://www.kaggle.com/competitions/fixing-the-poisoned-well/discussion/link-to-blog
prv_fc_9_37,0.0,https://www.kaggle.com/competitions/fixing-the-poisoned-well/discussion/link-to-blog
prv_fc_9_38,0.0,https://www.kaggle.com/competitions/fixing-the-poisoned-well/discussion/link-to-blog
prv_fc_9_39,0.0,https://www.kaggle.com/competitions/fixing-the-poisoned-well/discussion/link-to-blog
prv_fc_9_40,0.0,https://www.kaggle.com/competitions/fixing-the-poisoned-well/discussion/link-to-blog
prv_fc_9_41,0.0,https://www.kaggle.com/competitions/fixing-the-poisoned-well/discussion/link-to-blog
prv_fc_9_42,0.0,https://www.kaggle.com/competitions/fixing-the-poisoned-well/discussion/link-to-blog
prv_fc_9_43,0.0,https://www.kaggle.com/competitions/fixing-the-poisoned-well/discussion/link-to-blog
prv_fc_9_44,0.0,https://www.kaggle.com/competitions/fixing-the-poisoned-well/discussion/link-to-blog
prv_fc_9_45,0.0,https://www.kaggle.com/competitions/fixing-the-poisoned-well/discussion/link-to-blog
prv_fc_9_46,0.0,https://www.kaggle.com/competitions/fixing-the-poisoned-well/discussion/link-to-blog
prv_fc_9_47,0.0,https://www.kaggle.com/competitions/fixing-the-poisoned-well/discussion/link-to-blog
prv_fc_9_48,0.0,https://www.kaggle.com/competitions/fixing-the-poisoned-well/discussion/link-to-blog
prv_fc_9_49,0.0,https://www.kaggle.com/competitions/fixing-the-poisoned-well/discussion/link-to-blog
prv_fc_9_50,0.0,https://www.kaggle.com/competitions/fixing-the-poisoned-well/discussion/link-to-blog
prv_fc_9_51,0.0,https://www.kaggle.com/competitions/fixing-the-poisoned-well/discussion/link-to-blog
prv_fc_9_52,0.0,https://www.kaggle.com/competitions/fixing-the-poisoned-well/discussion/link-to-blog
prv_fc_9_53,0.0,https://www.kaggle.com/competitions/fixing-the-poisoned-well/discussion/link-to-blog
prv_fc_9_54,0.0,https://www.kaggle.com/competitions/fixing-the-poisoned-well/discussion/link-to-blog
prv_fc_9_55,0.0,https://www.kaggle.com/competitions/fixing-the-poisoned-well/discussion/link-to-blog
prv_fc_10_0,0.0,https://www.kaggle.com/competitions/fixing-the-poisoned-well/discussion/link-to-blog
prv_fc_10_1,0.0,https://www.kaggle.com/competitions/fixing-the-poisoned-well/discussion/link-to-blog
prv_fc_10_2,0.0,https://www.kaggle.com/competitions/fixing-the-poisoned-well/discussion/link-to-blog
prv_fc_10_3,0.0,https://www.kaggle.com/competitions/fixing-the-poisoned-well/discussion/link-to-blog
prv_fc_10_4,0.0,https://www.kaggle.com/competitions/fixing-the-poisoned-well/discussion/link-to-blog
prv_fc_10_5,0.0,https://www.kaggle.com/competitions/fixing-the-poisoned-well/discussion/link-to-blog
prv_fc_10_6,0.0,https://www.kaggle.com/competitions/fixing-the-poisoned-well/discussion/link-to-blog
prv_fc_10_7,0.0,https://www.kaggle.com/competitions/fixing-the-poisoned-well/discussion/link-to-blog
prv_fc_10_8,0.0,https://www.kaggle.com/competitions/fixing-the-poisoned-well/discussion/link-to-blog
prv_fc_10_9,0.0,https://www.kaggle.com/competitions/fixing-the-poisoned-well/discussion/link-to-blog
prv_fc_10_10,0.0,https://www.kaggle.com/competitions/fixing-the-poisoned-well/discussion/link-to-blog
prv_fc_10_11,0.0,https://www.kaggle.com/competitions/fixing-the-poisoned-well/discussion/link-to-blog
prv_fc_10_12,0.0,https://www.kaggle.com/competitions/fixing-the-poisoned-well/discussion/link-to-blog
prv_fc_10_13,0.0,https://www.kaggle.com/competitions/fixing-the-poisoned-well/discussion/link-to-blog
prv_fc_10_14,0.0,https://www.kaggle.com/competitions/fixing-the-poisoned-well/discussion/link-to-blog
prv_fc_10_15,0.0,https://www.kaggle.com/competitions/fixing-the-poisoned-well/discussion/link-to-blog
prv_fc_10_16,0.0,https://www.kaggle.com/competitions/fixing-the-poisoned-well/discussion/link-to-blog
prv_fc_10_17,0.0,https://www.kaggle.com/competitions/fixing-the-poisoned-well/discussion/link-to-blog
prv_fc_10_18,0.0,https://www.kaggle.com/competitions/fixing-the-poisoned-well/discussion/link-to-blog
prv_fc_10_19,0.0,https://www.kaggle.com/competitions/fixing-the-poisoned-well/discussion/link-to-blog
prv_fc_10_20,0.0,https://www.kaggle.com/competitions/fixing-the-poisoned-well/discussion/link-to-blog
prv_fc_10_21,0.0,https://www.kaggle.com/competitions/fixing-the-poisoned-well/discussion/link-to-blog
prv_fc_10_22,0.0,https://www.kaggle.com/competitions/fixing-the-poisoned-well/discussion/link-to-blog
prv_fc_10_23,0.0,https://www.kaggle.com/competitions/fixing-the-poisoned-well/discussion/link-to-blog
prv_fc_10_24,0.0,https://www.kaggle.com/competitions/fixing-the-poisoned-well/discussion/link-to-blog
prv_fc_10_25,0.0,https://www.kaggle.com/competitions/fixing-the-poisoned-well/discussion/link-to-blog
prv_fc_10_26,0.0,https://www.kaggle.com/competitions/fixing-the-poisoned-well/discussion/link-to-blog
prv_fc_10_27,0.0,https://www.kaggle.com/competitions/fixing-the-poisoned-well/discussion/link-to-blog
prv_fc_10_28,0.0,https://www.kaggle.com/competitions/fixing-the-poisoned-well/discussion/link-to-blog
prv_fc_10_29,0.0,https://www.kaggle.com/competitions/fixing-the-poisoned-well/discussion/link-to-blog
prv_fc_10_30,0.0,https://www.kaggle.com/competitions/fixing-the-poisoned-well/discussion/link-to-blog
prv_fc_10_31,0.0,https://www.kaggle.com/competitions/fixing-the-poisoned-well/discussion/link-to-blog
prv_fc_10_32,0.0,https://www.kaggle.com/competitions/fixing-the-poisoned-well/discussion/link-to-blog
prv_fc_10_33,0.0,https://www.kaggle.com/competitions/fixing-the-poisoned-well/discussion/link-to-blog
prv_fc_10_34,0.0,https://www.kaggle.com/competitions/fixing-the-poisoned-well/discussion/link-to-blog
prv_fc_10_35,0.0,https://www.kaggle.com/competitions/fixing-the-poisoned-well/discussion/link-to-blog
prv_fc_10_36,0.0,https://www.kaggle.com/competitions/fixing-the-poisoned-well/discussion/link-to-blog
prv_fc_10_37,0.0,https://www.kaggle.com/competitions/fixing-the-poisoned-well/discussion/link-to-blog
prv_fc_10_38,0.0,https://www.kaggle.com/competitions/fixing-the-poisoned-well/discussion/link-to-blog
prv_fc_10_39,0.0,https://www.kaggle.com/competitions/fixing-the-poisoned-well/discussion/link-to-blog
prv_fc_10_40,0.0,https://www.kaggle.com/competitions/fixing-the-poisoned-well/discussion/link-to-blog
prv_fc_10_41,0.0,https://www.kaggle.com/competitions/fixing-the-poisoned-well/discussion/link-to-blog
prv_fc_10_42,0.0,https://www.kaggle.com/competitions/fixing-the-poisoned-well/discussion/link-to-blog
prv_fc_10_43,0.0,https://www.kaggle.com/competitions/fixing-the-poisoned-well/discussion/link-to-blog
prv_fc_10_44,0.0,https://www.kaggle.com/competitions/fixing-the-poisoned-well/discussion/link-to-blog
prv_fc_10_45,0.0,https://www.kaggle.com/competitions/fixing-the-poisoned-well/discussion/link-to-blog
prv_fc_10_46,0.0,https://www.kaggle.com/competitions/fixing-the-poisoned-well/discussion/link-to-blog
prv_fc_10_47,0.0,https://www.kaggle.com/competitions/fixing-the-poisoned-well/discussion/link-to-blog
prv_fc_10_48,0.0,https://www.kaggle.com/competitions/fixing-the-poisoned-well/discussion/link-to-blog
prv_fc_10_49,0.0,https://www.kaggle.com/competitions/fixing-the-poisoned-well/discussion/link-to-blog
prv_fc_10_50,0.0,https://www.kaggle.com/competitions/fixing-the-poisoned-well/discussion/link-to-blog
prv_fc_10_51,0.0,https://www.kaggle.com/competitions/fixing-the-poisoned-well/discussion/link-to-blog
prv_fc_10_52,0.0,https://www.kaggle.com/competitions/fixing-the-poisoned-well/discussion/link-to-blog
prv_fc_10_53,0.0,https://www.kaggle.com/competitions/fixing-the-poisoned-well/discussion/link-to-blog
prv_fc_10_54,0.0,https://www.kaggle.com/competitions/fixing-the-poisoned-well/discussion/link-to-blog
prv_fc_10_55,0.0,https://www.kaggle.com/competitions/fixing-the-poisoned-well/discussion/link-to-blog
prv_fc_11_0,0.0,https://www.kaggle.com/competitions/fixing-the-poisoned-well/discussion/link-to-blog
prv_fc_11_1,0.0,https://www.kaggle.com/competitions/fixing-the-poisoned-well/discussion/link-to-blog
prv_fc_11_2,0.0,https://www.kaggle.com/competitions/fixing-the-poisoned-well/discussion/link-to-blog
prv_fc_11_3,0.0,https://www.kaggle.com/competitions/fixing-the-poisoned-well/discussion/link-to-blog
prv_fc_11_4,0.0,https://www.kaggle.com/competitions/fixing-the-poisoned-well/discussion/link-to-blog
prv_fc_11_5,0.0,https://www.kaggle.com/competitions/fixing-the-poisoned-well/discussion/link-to-blog
prv_fc_11_6,0.0,https://www.kaggle.com/competitions/fixing-the-poisoned-well/discussion/link-to-blog
prv_fc_11_7,0.0,https://www.kaggle.com/competitions/fixing-the-poisoned-well/discussion/link-to-blog
prv_fc_11_8,0.0,https://www.kaggle.com/competitions/fixing-the-poisoned-well/discussion/link-to-blog
prv_fc_11_9,0.0,https://www.kaggle.com/competitions/fixing-the-poisoned-well/discussion/link-to-blog
prv_fc_11_10,0.0,https://www.kaggle.com/competitions/fixing-the-poisoned-well/discussion/link-to-blog
prv_fc_11_11,0.0,https://www.kaggle.com/competitions/fixing-the-poisoned-well/discussion/link-to-blog
prv_fc_11_12,0.0,https://www.kaggle.com/competitions/fixing-the-poisoned-well/discussion/link-to-blog
prv_fc_11_13,0.0,https://www.kaggle.com/competitions/fixing-the-poisoned-well/discussion/link-to-blog
prv_fc_11_14,0.0,https://www.kaggle.com/competitions/fixing-the-poisoned-well/discussion/link-to-blog
prv_fc_11_15,0.0,https://www.kaggle.com/competitions/fixing-the-poisoned-well/discussion/link-to-blog
prv_fc_11_16,0.0,https://www.kaggle.com/competitions/fixing-the-poisoned-well/discussion/link-to-blog
prv_fc_11_17,0.0,https://www.kaggle.com/competitions/fixing-the-poisoned-well/discussion/link-to-blog
prv_fc_11_18,0.0,https://www.kaggle.com/competitions/fixing-the-poisoned-well/discussion/link-to-blog
prv_fc_11_19,0.0,https://www.kaggle.com/competitions/fixing-the-poisoned-well/discussion/link-to-blog
prv_fc_11_20,0.0,https://www.kaggle.com/competitions/fixing-the-poisoned-well/discussion/link-to-blog
prv_fc_11_21,0.0,https://www.kaggle.com/competitions/fixing-the-poisoned-well/discussion/link-to-blog
prv_fc_11_22,0.0,https://www.kaggle.com/competitions/fixing-the-poisoned-well/discussion/link-to-blog
prv_fc_11_23,0.0,https://www.kaggle.com/competitions/fixing-the-poisoned-well/discussion/link-to-blog
prv_fc_11_24,0.0,https://www.kaggle.com/competitions/fixing-the-poisoned-well/discussion/link-to-blog
prv_fc_11_25,0.0,https://www.kaggle.com/competitions/fixing-the-poisoned-well/discussion/link-to-blog
prv_fc_11_26,0.0,https://www.kaggle.com/competitions/fixing-the-poisoned-well/discussion/link-to-blog
prv_fc_11_27,0.0,https://www.kaggle.com/competitions/fixing-the-poisoned-well/discussion/link-to-blog
prv_fc_11_28,0.0,https://www.kaggle.com/competitions/fixing-the-poisoned-well/discussion/link-to-blog
prv_fc_11_29,0.0,https://www.kaggle.com/competitions/fixing-the-poisoned-well/discussion/link-to-blog
prv_fc_11_30,0.0,https://www.kaggle.com/competitions/fixing-the-poisoned-well/discussion/link-to-blog
prv_fc_11_31,0.0,https://www.kaggle.com/competitions/fixing-the-poisoned-well/discussion/link-to-blog
prv_fc_11_32,0.0,https://www.kaggle.com/competitions/fixing-the-poisoned-well/discussion/link-to-blog
prv_fc_11_33,0.0,https://www.kaggle.com/competitions/fixing-the-poisoned-well/discussion/link-to-blog
prv_fc_11_34,0.0,https://www.kaggle.com/competitions/fixing-the-poisoned-well/discussion/link-to-blog
prv_fc_11_35,0.0,https://www.kaggle.com/competitions/fixing-the-poisoned-well/discussion/link-to-blog
prv_fc_11_36,0.0,https://www.kaggle.com/competitions/fixing-the-poisoned-well/discussion/link-to-blog
prv_fc_11_37,0.0,https://www.kaggle.com/competitions/fixing-the-poisoned-well/discussion/link-to-blog
prv_fc_11_38,0.0,https://www.kaggle.com/competitions/fixing-the-poisoned-well/discussion/link-to-blog
prv_fc_11_39,0.0,https://www.kaggle.com/competitions/fixing-the-poisoned-well/discussion/link-to-blog
prv_fc_11_40,0.0,https://www.kaggle.com/competitions/fixing-the-poisoned-well/discussion/link-to-blog
prv_fc_11_41,0.0,https://www.kaggle.com/competitions/fixing-the-poisoned-well/discussion/link-to-blog
prv_fc_11_42,0.0,https://www.kaggle.com/competitions/fixing-the-poisoned-well/discussion/link-to-blog
prv_fc_11_43,0.0,https://www.kaggle.com/competitions/fixing-the-poisoned-well/discussion/link-to-blog
prv_fc_11_44,0.0,https://www.kaggle.com/competitions/fixing-the-poisoned-well/discussion/link-to-blog
prv_fc_11_45,0.0,https://www.kaggle.com/competitions/fixing-the-poisoned-well/discussion/link-to-blog
prv_fc_11_46,0.0,https://www.kaggle.com/competitions/fixing-the-poisoned-well/discussion/link-to-blog
prv_fc_11_47,0.0,https://www.kaggle.com/competitions/fixing-the-poisoned-well/discussion/link-to-blog
prv_fc_11_48,0.0,https://www.kaggle.com/competitions/fixing-the-poisoned-well/discussion/link-to-blog
prv_fc_11_49,0.0,https://www.kaggle.com/competitions/fixing-the-poisoned-well/discussion/link-to-blog
prv_fc_11_50,0.0,https://www.kaggle.com/competitions/fixing-the-poisoned-well/discussion/link-to-blog
prv_fc_11_51,0.0,https://www.kaggle.com/competitions/fixing-the-poisoned-well/discussion/link-to-blog
prv_fc_11_52,0.0,https://www.kaggle.com/competitions/fixing-the-poisoned-well/discussion/link-to-blog
prv_fc_11_53,0.0,https://www.kaggle.com/competitions/fixing-the-poisoned-well/discussion/link-to-blog
prv_fc_11_54,0.0,https://www.kaggle.com/competitions/fixing-the-poisoned-well/discussion/link-to-blog
prv_fc_11_55,0.0,https://www.kaggle.com/competitions/fixing-the-poisoned-well/discussion/link-to-blog
prv_fc_12_0,0.0,https://www.kaggle.com/competitions/fixing-the-poisoned-well/discussion/link-to-blog
prv_fc_12_1,0.0,https://www.kaggle.com/competitions/fixing-the-poisoned-well/discussion/link-to-blog
prv_fc_12_2,0.0,https://www.kaggle.com/competitions/fixing-the-poisoned-well/discussion/link-to-blog
prv_fc_12_3,0.0,https://www.kaggle.com/competitions/fixing-the-poisoned-well/discussion/link-to-blog
prv_fc_12_4,0.0,https://www.kaggle.com/competitions/fixing-the-poisoned-well/discussion/link-to-blog
prv_fc_12_5,0.0,https://www.kaggle.com/competitions/fixing-the-poisoned-well/discussion/link-to-blog
prv_fc_12_6,0.0,https://www.kaggle.com/competitions/fixing-the-poisoned-well/discussion/link-to-blog
prv_fc_12_7,0.0,https://www.kaggle.com/competitions/fixing-the-poisoned-well/discussion/link-to-blog
prv_fc_12_8,0.0,https://www.kaggle.com/competitions/fixing-the-poisoned-well/discussion/link-to-blog
prv_fc_12_9,0.0,https://www.kaggle.com/competitions/fixing-the-poisoned-well/discussion/link-to-blog
prv_fc_12_10,0.0,https://www.kaggle.com/competitions/fixing-the-poisoned-well/discussion/link-to-blog
prv_fc_12_11,0.0,https://www.kaggle.com/competitions/fixing-the-poisoned-well/discussion/link-to-blog
prv_fc_12_12,0.0,https://www.kaggle.com/competitions/fixing-the-poisoned-well/discussion/link-to-blog
prv_fc_12_13,0.0,https://www.kaggle.com/competitions/fixing-the-poisoned-well/discussion/link-to-blog
prv_fc_12_14,0.0,https://www.kaggle.com/competitions/fixing-the-poisoned-well/discussion/link-to-blog
prv_fc_12_15,0.0,https://www.kaggle.com/competitions/fixing-the-poisoned-well/discussion/link-to-blog
prv_fc_12_16,0.0,https://www.kaggle.com/competitions/fixing-the-poisoned-well/discussion/link-to-blog
prv_fc_12_17,0.0,https://www.kaggle.com/competitions/fixing-the-poisoned-well/discussion/link-to-blog
prv_fc_12_18,0.0,https://www.kaggle.com/competitions/fixing-the-poisoned-well/discussion/link-to-blog
prv_fc_12_19,0.0,https://www.kaggle.com/competitions/fixing-the-poisoned-well/discussion/link-to-blog
prv_fc_12_20,0.0,https://www.kaggle.com/competitions/fixing-the-poisoned-well/discussion/link-to-blog
prv_fc_12_21,0.0,https://www.kaggle.com/competitions/fixing-the-poisoned-well/discussion/link-to-blog
prv_fc_12_22,0.0,https://www.kaggle.com/competitions/fixing-the-poisoned-well/discussion/link-to-blog
prv_fc_12_23,0.0,https://www.kaggle.com/competitions/fixing-the-poisoned-well/discussion/link-to-blog
prv_fc_12_24,0.0,https://www.kaggle.com/competitions/fixing-the-poisoned-well/discussion/link-to-blog
prv_fc_12_25,0.0,https://www.kaggle.com/competitions/fixing-the-poisoned-well/discussion/link-to-blog
prv_fc_12_26,0.0,https://www.kaggle.com/competitions/fixing-the-poisoned-well/discussion/link-to-blog
prv_fc_12_27,0.0,https://www.kaggle.com/competitions/fixing-the-poisoned-well/discussion/link-to-blog
prv_fc_12_28,0.0,https://www.kaggle.com/competitions/fixing-the-poisoned-well/discussion/link-to-blog
prv_fc_12_29,0.0,https://www.kaggle.com/competitions/fixing-the-poisoned-well/discussion/link-to-blog
prv_fc_12_30,0.0,https://www.kaggle.com/competitions/fixing-the-poisoned-well/discussion/link-to-blog
prv_fc_12_31,0.0,https://www.kaggle.com/competitions/fixing-the-poisoned-well/discussion/link-to-blog
prv_fc_12_32,0.0,https://www.kaggle.com/competitions/fixing-the-poisoned-well/discussion/link-to-blog
prv_fc_12_33,0.0,https://www.kaggle.com/competitions/fixing-the-poisoned-well/discussion/link-to-blog
prv_fc_12_34,0.0,https://www.kaggle.com/competitions/fixing-the-poisoned-well/discussion/link-to-blog
prv_fc_12_35,0.0,https://www.kaggle.com/competitions/fixing-the-poisoned-well/discussion/link-to-blog
prv_fc_12_36,0.0,https://www.kaggle.com/competitions/fixing-the-poisoned-well/discussion/link-to-blog
prv_fc_12_37,0.0,https://www.kaggle.com/competitions/fixing-the-poisoned-well/discussion/link-to-blog
prv_fc_12_38,0.0,https://www.kaggle.com/competitions/fixing-the-poisoned-well/discussion/link-to-blog
prv_fc_12_39,0.0,https://www.kaggle.com/competitions/fixing-the-poisoned-well/discussion/link-to-blog
prv_fc_12_40,0.0,https://www.kaggle.com/competitions/fixing-the-poisoned-well/discussion/link-to-blog
prv_fc_12_41,0.0,https://www.kaggle.com/competitions/fixing-the-poisoned-well/discussion/link-to-blog
prv_fc_12_42,0.0,https://www.kaggle.com/competitions/fixing-the-poisoned-well/discussion/link-to-blog
prv_fc_12_43,0.0,https://www.kaggle.com/competitions/fixing-the-poisoned-well/discussion/link-to-blog
prv_fc_12_44,0.0,https://www.kaggle.com/competitions/fixing-the-poisoned-well/discussion/link-to-blog
prv_fc_12_45,0.0,https://www.kaggle.com/competitions/fixing-the-poisoned-well/discussion/link-to-blog
prv_fc_12_46,0.0,https://www.kaggle.com/competitions/fixing-the-poisoned-well/discussion/link-to-blog
prv_fc_12_47,0.0,https://www.kaggle.com/competitions/fixing-the-poisoned-well/discussion/link-to-blog
prv_fc_12_48,0.0,https://www.kaggle.com/competitions/fixing-the-poisoned-well/discussion/link-to-blog
prv_fc_12_49,0.0,https://www.kaggle.com/competitions/fixing-the-poisoned-well/discussion/link-to-blog
prv_fc_12_50,0.0,https://www.kaggle.com/competitions/fixing-the-poisoned-well/discussion/link-to-blog
prv_fc_12_51,0.0,https://www.kaggle.com/competitions/fixing-the-poisoned-well/discussion/link-to-blog
prv_fc_12_52,0.0,https://www.kaggle.com/competitions/fixing-the-poisoned-well/discussion/link-to-blog
prv_fc_12_53,0.0,https://www.kaggle.com/competitions/fixing-the-poisoned-well/discussion/link-to-blog
prv_fc_12_54,0.0,https://www.kaggle.com/competitions/fixing-the-poisoned-well/discussion/link-to-blog
prv_fc_12_55,0.0,https://www.kaggle.com/competitions/fixing-the-poisoned-well/discussion/link-to-blog
prv_fc_13_0,0.0,https://www.kaggle.com/competitions/fixing-the-poisoned-well/discussion/link-to-blog
prv_fc_13_1,0.0,https://www.kaggle.com/competitions/fixing-the-poisoned-well/discussion/link-to-blog
prv_fc_13_2,0.0,https://www.kaggle.com/competitions/fixing-the-poisoned-well/discussion/link-to-blog
prv_fc_13_3,0.0,https://www.kaggle.com/competitions/fixing-the-poisoned-well/discussion/link-to-blog
prv_fc_13_4,0.0,https://www.kaggle.com/competitions/fixing-the-poisoned-well/discussion/link-to-blog
prv_fc_13_5,0.0,https://www.kaggle.com/competitions/fixing-the-poisoned-well/discussion/link-to-blog
prv_fc_13_6,0.0,https://www.kaggle.com/competitions/fixing-the-poisoned-well/discussion/link-to-blog
prv_fc_13_7,0.0,https://www.kaggle.com/competitions/fixing-the-poisoned-well/discussion/link-to-blog
prv_fc_13_8,0.0,https://www.kaggle.com/competitions/fixing-the-poisoned-well/discussion/link-to-blog
prv_fc_13_9,0.0,https://www.kaggle.com/competitions/fixing-the-poisoned-well/discussion/link-to-blog
prv_fc_13_10,0.0,https://www.kaggle.com/competitions/fixing-the-poisoned-well/discussion/link-to-blog
prv_fc_13_11,0.0,https://www.kaggle.com/competitions/fixing-the-poisoned-well/discussion/link-to-blog
prv_fc_13_12,0.0,https://www.kaggle.com/competitions/fixing-the-poisoned-well/discussion/link-to-blog
prv_fc_13_13,0.0,https://www.kaggle.com/competitions/fixing-the-poisoned-well/discussion/link-to-blog
prv_fc_13_14,0.0,https://www.kaggle.com/competitions/fixing-the-poisoned-well/discussion/link-to-blog
prv_fc_13_15,0.0,https://www.kaggle.com/competitions/fixing-the-poisoned-well/discussion/link-to-blog
prv_fc_13_16,0.0,https://www.kaggle.com/competitions/fixing-the-poisoned-well/discussion/link-to-blog
prv_fc_13_17,0.0,https://www.kaggle.com/competitions/fixing-the-poisoned-well/discussion/link-to-blog
prv_fc_13_18,0.0,https://www.kaggle.com/competitions/fixing-the-poisoned-well/discussion/link-to-blog
prv_fc_13_19,0.0,https://www.kaggle.com/competitions/fixing-the-poisoned-well/discussion/link-to-blog
prv_fc_13_20,0.0,https://www.kaggle.com/competitions/fixing-the-poisoned-well/discussion/link-to-blog
prv_fc_13_21,0.0,https://www.kaggle.com/competitions/fixing-the-poisoned-well/discussion/link-to-blog
prv_fc_13_22,0.0,https://www.kaggle.com/competitions/fixing-the-poisoned-well/discussion/link-to-blog
prv_fc_13_23,0.0,https://www.kaggle.com/competitions/fixing-the-poisoned-well/discussion/link-to-blog
prv_fc_13_24,0.0,https://www.kaggle.com/competitions/fixing-the-poisoned-well/discussion/link-to-blog
prv_fc_13_25,0.0,https://www.kaggle.com/competitions/fixing-the-poisoned-well/discussion/link-to-blog
prv_fc_13_26,0.0,https://www.kaggle.com/competitions/fixing-the-poisoned-well/discussion/link-to-blog
prv_fc_13_27,0.0,https://www.kaggle.com/competitions/fixing-the-poisoned-well/discussion/link-to-blog
prv_fc_13_28,0.0,https://www.kaggle.com/competitions/fixing-the-poisoned-well/discussion/link-to-blog
prv_fc_13_29,0.0,https://www.kaggle.com/competitions/fixing-the-poisoned-well/discussion/link-to-blog
prv_fc_13_30,0.0,https://www.kaggle.com/competitions/fixing-the-poisoned-well/discussion/link-to-blog
prv_fc_13_31,0.0,https://www.kaggle.com/competitions/fixing-the-poisoned-well/discussion/link-to-blog
prv_fc_13_32,0.0,https://www.kaggle.com/competitions/fixing-the-poisoned-well/discussion/link-to-blog
prv_fc_13_33,0.0,https://www.kaggle.com/competitions/fixing-the-poisoned-well/discussion/link-to-blog
prv_fc_13_34,0.0,https://www.kaggle.com/competitions/fixing-the-poisoned-well/discussion/link-to-blog
prv_fc_13_35,0.0,https://www.kaggle.com/competitions/fixing-the-poisoned-well/discussion/link-to-blog
prv_fc_13_36,0.0,https://www.kaggle.com/competitions/fixing-the-poisoned-well/discussion/link-to-blog
prv_fc_13_37,0.0,https://www.kaggle.com/competitions/fixing-the-poisoned-well/discussion/link-to-blog
prv_fc_13_38,0.0,https://www.kaggle.com/competitions/fixing-the-poisoned-well/discussion/link-to-blog
prv_fc_13_39,0.0,https://www.kaggle.com/competitions/fixing-the-poisoned-well/discussion/link-to-blog
prv_fc_13_40,0.0,https://www.kaggle.com/competitions/fixing-the-poisoned-well/discussion/link-to-blog
prv_fc_13_41,0.0,https://www.kaggle.com/competitions/fixing-the-poisoned-well/discussion/link-to-blog
prv_fc_13_42,0.0,https://www.kaggle.com/competitions/fixing-the-poisoned-well/discussion/link-to-blog
prv_fc_13_43,0.0,https://www.kaggle.com/competitions/fixing-the-poisoned-well/discussion/link-to-blog
prv_fc_13_44,0.0,https://www.kaggle.com/competitions/fixing-the-poisoned-well/discussion/link-to-blog
prv_fc_13_45,0.0,https://www.kaggle.com/competitions/fixing-the-poisoned-well/discussion/link-to-blog
prv_fc_13_46,0.0,https://www.kaggle.com/competitions/fixing-the-poisoned-well/discussion/link-to-blog
prv_fc_13_47,0.0,https://www.kaggle.com/competitions/fixing-the-poisoned-well/discussion/link-to-blog
prv_fc_13_48,0.0,https://www.kaggle.com/competitions/fixing-the-poisoned-well/discussion/link-to-blog
prv_fc_13_49,0.0,https://www.kaggle.com/competitions/fixing-the-poisoned-well/discussion/link-to-blog
prv_fc_13_50,0.0,https://www.kaggle.com/competitions/fixing-the-poisoned-well/discussion/link-to-blog
prv_fc_13_51,0.0,https://www.kaggle.com/competitions/fixing-the-poisoned-well/discussion/link-to-blog
prv_fc_13_52,0.0,https://www.kaggle.com/competitions/fixing-the-poisoned-well/discussion/link-to-blog
prv_fc_13_53,0.0,https://www.kaggle.com/competitions/fixing-the-poisoned-well/discussion/link-to-blog
prv_fc_13_54,0.0,https://www.kaggle.com/competitions/fixing-the-poisoned-well/discussion/link-to-blog
prv_fc_13_55,0.0,https://www.kaggle.com/competitions/fixing-the-poisoned-well/discussion/link-to-blog
prv_fc_14_0,0.0,https://www.kaggle.com/competitions/fixing-the-poisoned-well/discussion/link-to-blog
prv_fc_14_1,0.0,https://www.kaggle.com/competitions/fixing-the-poisoned-well/discussion/link-to-blog
prv_fc_14_2,0.0,https://www.kaggle.com/competitions/fixing-the-poisoned-well/discussion/link-to-blog
prv_fc_14_3,0.0,https://www.kaggle.com/competitions/fixing-the-poisoned-well/discussion/link-to-blog
prv_fc_14_4,0.0,https://www.kaggle.com/competitions/fixing-the-poisoned-well/discussion/link-to-blog
prv_fc_14_5,0.0,https://www.kaggle.com/competitions/fixing-the-poisoned-well/discussion/link-to-blog
prv_fc_14_6,0.0,https://www.kaggle.com/competitions/fixing-the-poisoned-well/discussion/link-to-blog
prv_fc_14_7,0.0,https://www.kaggle.com/competitions/fixing-the-poisoned-well/discussion/link-to-blog
prv_fc_14_8,0.0,https://www.kaggle.com/competitions/fixing-the-poisoned-well/discussion/link-to-blog
prv_fc_14_9,0.0,https://www.kaggle.com/competitions/fixing-the-poisoned-well/discussion/link-to-blog
prv_fc_14_10,0.0,https://www.kaggle.com/competitions/fixing-the-poisoned-well/discussion/link-to-blog
prv_fc_14_11,0.0,https://www.kaggle.com/competitions/fixing-the-poisoned-well/discussion/link-to-blog
prv_fc_14_12,0.0,https://www.kaggle.com/competitions/fixing-the-poisoned-well/discussion/link-to-blog
prv_fc_14_13,0.0,https://www.kaggle.com/competitions/fixing-the-poisoned-well/discussion/link-to-blog
prv_fc_14_14,0.0,https://www.kaggle.com/competitions/fixing-the-poisoned-well/discussion/link-to-blog
prv_fc_14_15,0.0,https://www.kaggle.com/competitions/fixing-the-poisoned-well/discussion/link-to-blog
prv_fc_14_16,0.0,https://www.kaggle.com/competitions/fixing-the-poisoned-well/discussion/link-to-blog
prv_fc_14_17,0.0,https://www.kaggle.com/competitions/fixing-the-poisoned-well/discussion/link-to-blog
prv_fc_14_18,0.0,https://www.kaggle.com/competitions/fixing-the-poisoned-well/discussion/link-to-blog
prv_fc_14_19,0.0,https://www.kaggle.com/competitions/fixing-the-poisoned-well/discussion/link-to-blog
prv_fc_14_20,0.0,https://www.kaggle.com/competitions/fixing-the-poisoned-well/discussion/link-to-blog
prv_fc_14_21,0.0,https://www.kaggle.com/competitions/fixing-the-poisoned-well/discussion/link-to-blog
prv_fc_14_22,0.0,https://www.kaggle.com/competitions/fixing-the-poisoned-well/discussion/link-to-blog
prv_fc_14_23,0.0,https://www.kaggle.com/competitions/fixing-the-poisoned-well/discussion/link-to-blog
prv_fc_14_24,0.0,https://www.kaggle.com/competitions/fixing-the-poisoned-well/discussion/link-to-blog
prv_fc_14_25,0.0,https://www.kaggle.com/competitions/fixing-the-poisoned-well/discussion/link-to-blog
prv_fc_14_26,0.0,https://www.kaggle.com/competitions/fixing-the-poisoned-well/discussion/link-to-blog
prv_fc_14_27,0.0,https://www.kaggle.com/competitions/fixing-the-poisoned-well/discussion/link-to-blog
prv_fc_14_28,0.0,https://www.kaggle.com/competitions/fixing-the-poisoned-well/discussion/link-to-blog
prv_fc_14_29,0.0,https://www.kaggle.com/competitions/fixing-the-poisoned-well/discussion/link-to-blog
prv_fc_14_30,0.0,https://www.kaggle.com/competitions/fixing-the-poisoned-well/discussion/link-to-blog
prv_fc_14_31,0.0,https://www.kaggle.com/competitions/fixing-the-poisoned-well/discussion/link-to-blog
prv_fc_14_32,0.0,https://www.kaggle.com/competitions/fixing-the-poisoned-well/discussion/link-to-blog
prv_fc_14_33,0.0,https://www.kaggle.com/competitions/fixing-the-poisoned-well/discussion/link-to-blog
prv_fc_14_34,0.0,https://www.kaggle.com/competitions/fixing-the-poisoned-well/discussion/link-to-blog
prv_fc_14_35,0.0,https://www.kaggle.com/competitions/fixing-the-poisoned-well/discussion/link-to-blog
prv_fc_14_36,0.0,https://www.kaggle.com/competitions/fixing-the-poisoned-well/discussion/link-to-blog
prv_fc_14_37,0.0,https://www.kaggle.com/competitions/fixing-the-poisoned-well/discussion/link-to-blog
prv_fc_14_38,0.0,https://www.kaggle.com/competitions/fixing-the-poisoned-well/discussion/link-to-blog
prv_fc_14_39,0.0,https://www.kaggle.com/competitions/fixing-the-poisoned-well/discussion/link-to-blog
prv_fc_14_40,0.0,https://www.kaggle.com/competitions/fixing-the-poisoned-well/discussion/link-to-blog
prv_fc_14_41,0.0,https://www.kaggle.com/competitions/fixing-the-poisoned-well/discussion/link-to-blog
prv_fc_14_42,0.0,https://www.kaggle.com/competitions/fixing-the-poisoned-well/discussion/link-to-blog
prv_fc_14_43,0.0,https://www.kaggle.com/competitions/fixing-the-poisoned-well/discussion/link-to-blog
prv_fc_14_44,0.0,https://www.kaggle.com/competitions/fixing-the-poisoned-well/discussion/link-to-blog
prv_fc_14_45,0.0,https://www.kaggle.com/competitions/fixing-the-poisoned-well/discussion/link-to-blog
prv_fc_14_46,0.0,https://www.kaggle.com/competitions/fixing-the-poisoned-well/discussion/link-to-blog
prv_fc_14_47,0.0,https://www.kaggle.com/competitions/fixing-the-poisoned-well/discussion/link-to-blog
prv_fc_14_48,0.0,https://www.kaggle.com/competitions/fixing-the-poisoned-well/discussion/link-to-blog
prv_fc_14_49,0.0,https://www.kaggle.com/competitions/fixing-the-poisoned-well/discussion/link-to-blog
prv_fc_14_50,0.0,https://www.kaggle.com/competitions/fixing-the-poisoned-well/discussion/link-to-blog
prv_fc_14_51,0.0,https://www.kaggle.com/competitions/fixing-the-poisoned-well/discussion/link-to-blog
prv_fc_14_52,0.0,https://www.kaggle.com/competitions/fixing-the-poisoned-well/discussion/link-to-blog
prv_fc_14_53,0.0,https://www.kaggle.com/competitions/fixing-the-poisoned-well/discussion/link-to-blog
prv_fc_14_54,0.0,https://www.kaggle.com/competitions/fixing-the-poisoned-well/discussion/link-to-blog
prv_fc_14_55,0.0,https://www.kaggle.com/competitions/fixing-the-poisoned-well/discussion/link-to-blog
prv_fc_15_0,0.0,https://www.kaggle.com/competitions/fixing-the-poisoned-well/discussion/link-to-blog
prv_fc_15_1,0.0,https://www.kaggle.com/competitions/fixing-the-poisoned-well/discussion/link-to-blog
prv_fc_15_2,0.0,https://www.kaggle.com/competitions/fixing-the-poisoned-well/discussion/link-to-blog
prv_fc_15_3,0.0,https://www.kaggle.com/competitions/fixing-the-poisoned-well/discussion/link-to-blog
prv_fc_15_4,0.0,https://www.kaggle.com/competitions/fixing-the-poisoned-well/discussion/link-to-blog
prv_fc_15_5,0.0,https://www.kaggle.com/competitions/fixing-the-poisoned-well/discussion/link-to-blog
prv_fc_15_6,0.0,https://www.kaggle.com/competitions/fixing-the-poisoned-well/discussion/link-to-blog
prv_fc_15_7,0.0,https://www.kaggle.com/competitions/fixing-the-poisoned-well/discussion/link-to-blog
prv_fc_15_8,0.0,https://www.kaggle.com/competitions/fixing-the-poisoned-well/discussion/link-to-blog
prv_fc_15_9,0.0,https://www.kaggle.com/competitions/fixing-the-poisoned-well/discussion/link-to-blog
prv_fc_15_10,0.0,https://www.kaggle.com/competitions/fixing-the-poisoned-well/discussion/link-to-blog
prv_fc_15_11,0.0,https://www.kaggle.com/competitions/fixing-the-poisoned-well/discussion/link-to-blog
prv_fc_15_12,0.0,https://www.kaggle.com/competitions/fixing-the-poisoned-well/discussion/link-to-blog
prv_fc_15_13,0.0,https://www.kaggle.com/competitions/fixing-the-poisoned-well/discussion/link-to-blog
prv_fc_15_14,0.0,https://www.kaggle.com/competitions/fixing-the-poisoned-well/discussion/link-to-blog
prv_fc_15_15,0.0,https://www.kaggle.com/competitions/fixing-the-poisoned-well/discussion/link-to-blog
prv_fc_15_16,0.0,https://www.kaggle.com/competitions/fixing-the-poisoned-well/discussion/link-to-blog
prv_fc_15_17,0.0,https://www.kaggle.com/competitions/fixing-the-poisoned-well/discussion/link-to-blog
prv_fc_15_18,0.0,https://www.kaggle.com/competitions/fixing-the-poisoned-well/discussion/link-to-blog
prv_fc_15_19,0.0,https://www.kaggle.com/competitions/fixing-the-poisoned-well/discussion/link-to-blog
prv_fc_15_20,0.0,https://www.kaggle.com/competitions/fixing-the-poisoned-well/discussion/link-to-blog
prv_fc_15_21,0.0,https://www.kaggle.com/competitions/fixing-the-poisoned-well/discussion/link-to-blog
prv_fc_15_22,0.0,https://www.kaggle.com/competitions/fixing-the-poisoned-well/discussion/link-to-blog
prv_fc_15_23,0.0,https://www.kaggle.com/competitions/fixing-the-poisoned-well/discussion/link-to-blog
prv_fc_15_24,0.0,https://www.kaggle.com/competitions/fixing-the-poisoned-well/discussion/link-to-blog
prv_fc_15_25,0.0,https://www.kaggle.com/competitions/fixing-the-poisoned-well/discussion/link-to-blog
prv_fc_15_26,0.0,https://www.kaggle.com/competitions/fixing-the-poisoned-well/discussion/link-to-blog
prv_fc_15_27,0.0,https://www.kaggle.com/competitions/fixing-the-poisoned-well/discussion/link-to-blog
prv_fc_15_28,0.0,https://www.kaggle.com/competitions/fixing-the-poisoned-well/discussion/link-to-blog
prv_fc_15_29,0.0,https://www.kaggle.com/competitions/fixing-the-poisoned-well/discussion/link-to-blog
prv_fc_15_30,0.0,https://www.kaggle.com/competitions/fixing-the-poisoned-well/discussion/link-to-blog
prv_fc_15_31,0.0,https://www.kaggle.com/competitions/fixing-the-poisoned-well/discussion/link-to-blog
prv_fc_15_32,0.0,https://www.kaggle.com/competitions/fixing-the-poisoned-well/discussion/link-to-blog
prv_fc_15_33,0.0,https://www.kaggle.com/competitions/fixing-the-poisoned-well/discussion/link-to-blog
prv_fc_15_34,0.0,https://www.kaggle.com/competitions/fixing-the-poisoned-well/discussion/link-to-blog
prv_fc_15_35,0.0,https://www.kaggle.com/competitions/fixing-the-poisoned-well/discussion/link-to-blog
prv_fc_15_36,0.0,https://www.kaggle.com/competitions/fixing-the-poisoned-well/discussion/link-to-blog
prv_fc_15_37,0.0,https://www.kaggle.com/competitions/fixing-the-poisoned-well/discussion/link-to-blog
prv_fc_15_38,0.0,https://www.kaggle.com/competitions/fixing-the-poisoned-well/discussion/link-to-blog
prv_fc_15_39,0.0,https://www.kaggle.com/competitions/fixing-the-poisoned-well/discussion/link-to-blog
prv_fc_15_40,0.0,https://www.kaggle.com/competitions/fixing-the-poisoned-well/discussion/link-to-blog
prv_fc_15_41,0.0,https://www.kaggle.com/competitions/fixing-the-poisoned-well/discussion/link-to-blog
prv_fc_15_42,0.0,https://www.kaggle.com/competitions/fixing-the-poisoned-well/discussion/link-to-blog
prv_fc_15_43,0.0,https://www.kaggle.com/competitions/fixing-the-poisoned-well/discussion/link-to-blog
prv_fc_15_44,0.0,https://www.kaggle.com/competitions/fixing-the-poisoned-well/discussion/link-to-blog
prv_fc_15_45,0.0,https://www.kaggle.com/competitions/fixing-the-poisoned-well/discussion/link-to-blog
prv_fc_15_46,0.0,https://www.kaggle.com/competitions/fixing-the-poisoned-well/discussion/link-to-blog
prv_fc_15_47,0.0,https://www.kaggle.com/competitions/fixing-the-poisoned-well/discussion/link-to-blog
prv_fc_15_48,0.0,https://www.kaggle.com/competitions/fixing-the-poisoned-well/discussion/link-to-blog
prv_fc_15_49,0.0,https://www.kaggle.com/competitions/fixing-the-poisoned-well/discussion/link-to-blog
prv_fc_15_50,0.0,https://www.kaggle.com/competitions/fixing-the-poisoned-well/discussion/link-to-blog
prv_fc_15_51,0.0,https://www.kaggle.com/competitions/fixing-the-poisoned-well/discussion/link-to-blog
prv_fc_15_52,0.0,https://www.kaggle.com/competitions/fixing-the-poisoned-well/discussion/link-to-blog
prv_fc_15_53,0.0,https://www.kaggle.com/competitions/fixing-the-poisoned-well/discussion/link-to-blog
prv_fc_15_54,0.0,https://www.kaggle.com/competitions/fixing-the-poisoned-well/discussion/link-to-blog
prv_fc_15_55,0.0,https://www.kaggle.com/competitions/fixing-the-poisoned-well/discussion/link-to-blog
prv_fc_16_0,0.0,https://www.kaggle.com/competitions/fixing-the-poisoned-well/discussion/link-to-blog
prv_fc_16_1,0.0,https://www.kaggle.com/competitions/fixing-the-poisoned-well/discussion/link-to-blog
prv_fc_16_2,0.0,https://www.kaggle.com/competitions/fixing-the-poisoned-well/discussion/link-to-blog
prv_fc_16_3,0.0,https://www.kaggle.com/competitions/fixing-the-poisoned-well/discussion/link-to-blog
prv_fc_16_4,0.0,https://www.kaggle.com/competitions/fixing-the-poisoned-well/discussion/link-to-blog
prv_fc_16_5,0.0,https://www.kaggle.com/competitions/fixing-the-poisoned-well/discussion/link-to-blog
prv_fc_16_6,0.0,https://www.kaggle.com/competitions/fixing-the-poisoned-well/discussion/link-to-blog
prv_fc_16_7,0.0,https://www.kaggle.com/competitions/fixing-the-poisoned-well/discussion/link-to-blog
prv_fc_16_8,0.0,https://www.kaggle.com/competitions/fixing-the-poisoned-well/discussion/link-to-blog
prv_fc_16_9,0.0,https://www.kaggle.com/competitions/fixing-the-poisoned-well/discussion/link-to-blog
prv_fc_16_10,0.0,https://www.kaggle.com/competitions/fixing-the-poisoned-well/discussion/link-to-blog
prv_fc_16_11,0.0,https://www.kaggle.com/competitions/fixing-the-poisoned-well/discussion/link-to-blog
prv_fc_16_12,0.0,https://www.kaggle.com/competitions/fixing-the-poisoned-well/discussion/link-to-blog
prv_fc_16_13,0.0,https://www.kaggle.com/competitions/fixing-the-poisoned-well/discussion/link-to-blog
prv_fc_16_14,0.0,https://www.kaggle.com/competitions/fixing-the-poisoned-well/discussion/link-to-blog
prv_fc_16_15,0.0,https://www.kaggle.com/competitions/fixing-the-poisoned-well/discussion/link-to-blog
prv_fc_16_16,0.0,https://www.kaggle.com/competitions/fixing-the-poisoned-well/discussion/link-to-blog
prv_fc_16_17,0.0,https://www.kaggle.com/competitions/fixing-the-poisoned-well/discussion/link-to-blog
prv_fc_16_18,0.0,https://www.kaggle.com/competitions/fixing-the-poisoned-well/discussion/link-to-blog
prv_fc_16_19,0.0,https://www.kaggle.com/competitions/fixing-the-poisoned-well/discussion/link-to-blog
prv_fc_16_20,0.0,https://www.kaggle.com/competitions/fixing-the-poisoned-well/discussion/link-to-blog
prv_fc_16_21,0.0,https://www.kaggle.com/competitions/fixing-the-poisoned-well/discussion/link-to-blog
prv_fc_16_22,0.0,https://www.kaggle.com/competitions/fixing-the-poisoned-well/discussion/link-to-blog
prv_fc_16_23,0.0,https://www.kaggle.com/competitions/fixing-the-poisoned-well/discussion/link-to-blog
prv_fc_16_24,0.0,https://www.kaggle.com/competitions/fixing-the-poisoned-well/discussion/link-to-blog
prv_fc_16_25,0.0,https://www.kaggle.com/competitions/fixing-the-poisoned-well/discussion/link-to-blog
prv_fc_16_26,0.0,https://www.kaggle.com/competitions/fixing-the-poisoned-well/discussion/link-to-blog
prv_fc_16_27,0.0,https://www.kaggle.com/competitions/fixing-the-poisoned-well/discussion/link-to-blog
prv_fc_16_28,0.0,https://www.kaggle.com/competitions/fixing-the-poisoned-well/discussion/link-to-blog
prv_fc_16_29,0.0,https://www.kaggle.com/competitions/fixing-the-poisoned-well/discussion/link-to-blog
prv_fc_16_30,0.0,https://www.kaggle.com/competitions/fixing-the-poisoned-well/discussion/link-to-blog
prv_fc_16_31,0.0,https://www.kaggle.com/competitions/fixing-the-poisoned-well/discussion/link-to-blog
prv_fc_16_32,0.0,https://www.kaggle.com/competitions/fixing-the-poisoned-well/discussion/link-to-blog
prv_fc_16_33,0.0,https://www.kaggle.com/competitions/fixing-the-poisoned-well/discussion/link-to-blog
prv_fc_16_34,0.0,https://www.kaggle.com/competitions/fixing-the-poisoned-well/discussion/link-to-blog
prv_fc_16_35,0.0,https://www.kaggle.com/competitions/fixing-the-poisoned-well/discussion/link-to-blog
prv_fc_16_36,0.0,https://www.kaggle.com/competitions/fixing-the-poisoned-well/discussion/link-to-blog
prv_fc_16_37,0.0,https://www.kaggle.com/competitions/fixing-the-poisoned-well/discussion/link-to-blog
prv_fc_16_38,0.0,https://www.kaggle.com/competitions/fixing-the-poisoned-well/discussion/link-to-blog
prv_fc_16_39,0.0,https://www.kaggle.com/competitions/fixing-the-poisoned-well/discussion/link-to-blog
prv_fc_16_40,0.0,https://www.kaggle.com/competitions/fixing-the-poisoned-well/discussion/link-to-blog
prv_fc_16_41,0.0,https://www.kaggle.com/competitions/fixing-the-poisoned-well/discussion/link-to-blog
prv_fc_16_42,0.0,https://www.kaggle.com/competitions/fixing-the-poisoned-well/discussion/link-to-blog
prv_fc_16_43,0.0,https://www.kaggle.com/competitions/fixing-the-poisoned-well/discussion/link-to-blog
prv_fc_16_44,0.0,https://www.kaggle.com/competitions/fixing-the-poisoned-well/discussion/link-to-blog
prv_fc_16_45,0.0,https://www.kaggle.com/competitions/fixing-the-poisoned-well/discussion/link-to-blog
prv_fc_16_46,0.0,https://www.kaggle.com/competitions/fixing-the-poisoned-well/discussion/link-to-blog
prv_fc_16_47,0.0,https://www.kaggle.com/competitions/fixing-the-poisoned-well/discussion/link-to-blog
prv_fc_16_48,0.0,https://www.kaggle.com/competitions/fixing-the-poisoned-well/discussion/link-to-blog
prv_fc_16_49,0.0,https://www.kaggle.com/competitions/fixing-the-poisoned-well/discussion/link-to-blog
prv_fc_16_50,0.0,https://www.kaggle.com/competitions/fixing-the-poisoned-well/discussion/link-to-blog
prv_fc_16_51,0.0,https://www.kaggle.com/competitions/fixing-the-poisoned-well/discussion/link-to-blog
prv_fc_16_52,0.0,https://www.kaggle.com/competitions/fixing-the-poisoned-well/discussion/link-to-blog
prv_fc_16_53,0.0,https://www.kaggle.com/competitions/fixing-the-poisoned-well/discussion/link-to-blog
prv_fc_16_54,0.0,https://www.kaggle.com/competitions/fixing-the-poisoned-well/discussion/link-to-blog
prv_fc_16_55,0.0,https://www.kaggle.com/competitions/fixing-the-poisoned-well/discussion/link-to-blog
prv_fc_17_0,0.0,https://www.kaggle.com/competitions/fixing-the-poisoned-well/discussion/link-to-blog
prv_fc_17_1,0.0,https://www.kaggle.com/competitions/fixing-the-poisoned-well/discussion/link-to-blog
prv_fc_17_2,0.0,https://www.kaggle.com/competitions/fixing-the-poisoned-well/discussion/link-to-blog
prv_fc_17_3,0.0,https://www.kaggle.com/competitions/fixing-the-poisoned-well/discussion/link-to-blog
prv_fc_17_4,0.0,https://www.kaggle.com/competitions/fixing-the-poisoned-well/discussion/link-to-blog
prv_fc_17_5,0.0,https://www.kaggle.com/competitions/fixing-the-poisoned-well/discussion/link-to-blog
prv_fc_17_6,0.0,https://www.kaggle.com/competitions/fixing-the-poisoned-well/discussion/link-to-blog
prv_fc_17_7,0.0,https://www.kaggle.com/competitions/fixing-the-poisoned-well/discussion/link-to-blog
prv_fc_17_8,0.0,https://www.kaggle.com/competitions/fixing-the-poisoned-well/discussion/link-to-blog
prv_fc_17_9,0.0,https://www.kaggle.com/competitions/fixing-the-poisoned-well/discussion/link-to-blog
prv_fc_17_10,0.0,https://www.kaggle.com/competitions/fixing-the-poisoned-well/discussion/link-to-blog
prv_fc_17_11,0.0,https://www.kaggle.com/competitions/fixing-the-poisoned-well/discussion/link-to-blog
prv_fc_17_12,0.0,https://www.kaggle.com/competitions/fixing-the-poisoned-well/discussion/link-to-blog
prv_fc_17_13,0.0,https://www.kaggle.com/competitions/fixing-the-poisoned-well/discussion/link-to-blog
prv_fc_17_14,0.0,https://www.kaggle.com/competitions/fixing-the-poisoned-well/discussion/link-to-blog
prv_fc_17_15,0.0,https://www.kaggle.com/competitions/fixing-the-poisoned-well/discussion/link-to-blog
prv_fc_17_16,0.0,https://www.kaggle.com/competitions/fixing-the-poisoned-well/discussion/link-to-blog
prv_fc_17_17,0.0,https://www.kaggle.com/competitions/fixing-the-poisoned-well/discussion/link-to-blog
prv_fc_17_18,0.0,https://www.kaggle.com/competitions/fixing-the-poisoned-well/discussion/link-to-blog
prv_fc_17_19,0.0,https://www.kaggle.com/competitions/fixing-the-poisoned-well/discussion/link-to-blog
prv_fc_17_20,0.0,https://www.kaggle.com/competitions/fixing-the-poisoned-well/discussion/link-to-blog
prv_fc_17_21,0.0,https://www.kaggle.com/competitions/fixing-the-poisoned-well/discussion/link-to-blog
prv_fc_17_22,0.0,https://www.kaggle.com/competitions/fixing-the-poisoned-well/discussion/link-to-blog
prv_fc_17_23,0.0,https://www.kaggle.com/competitions/fixing-the-poisoned-well/discussion/link-to-blog
prv_fc_17_24,0.0,https://www.kaggle.com/competitions/fixing-the-poisoned-well/discussion/link-to-blog
prv_fc_17_25,0.0,https://www.kaggle.com/competitions/fixing-the-poisoned-well/discussion/link-to-blog
prv_fc_17_26,0.0,https://www.kaggle.com/competitions/fixing-the-poisoned-well/discussion/link-to-blog
prv_fc_17_27,0.0,https://www.kaggle.com/competitions/fixing-the-poisoned-well/discussion/link-to-blog
prv_fc_17_28,0.0,https://www.kaggle.com/competitions/fixing-the-poisoned-well/discussion/link-to-blog
prv_fc_17_29,0.0,https://www.kaggle.com/competitions/fixing-the-poisoned-well/discussion/link-to-blog
prv_fc_17_30,0.0,https://www.kaggle.com/competitions/fixing-the-poisoned-well/discussion/link-to-blog
prv_fc_17_31,0.0,https://www.kaggle.com/competitions/fixing-the-poisoned-well/discussion/link-to-blog
prv_fc_17_32,0.0,https://www.kaggle.com/competitions/fixing-the-poisoned-well/discussion/link-to-blog
prv_fc_17_33,0.0,https://www.kaggle.com/competitions/fixing-the-poisoned-well/discussion/link-to-blog
prv_fc_17_34,0.0,https://www.kaggle.com/competitions/fixing-the-poisoned-well/discussion/link-to-blog
prv_fc_17_35,0.0,https://www.kaggle.com/competitions/fixing-the-poisoned-well/discussion/link-to-blog
prv_fc_17_36,0.0,https://www.kaggle.com/competitions/fixing-the-poisoned-well/discussion/link-to-blog
prv_fc_17_37,0.0,https://www.kaggle.com/competitions/fixing-the-poisoned-well/discussion/link-to-blog
prv_fc_17_38,0.0,https://www.kaggle.com/competitions/fixing-the-poisoned-well/discussion/link-to-blog
prv_fc_17_39,0.0,https://www.kaggle.com/competitions/fixing-the-poisoned-well/discussion/link-to-blog
prv_fc_17_40,0.0,https://www.kaggle.com/competitions/fixing-the-poisoned-well/discussion/link-to-blog
prv_fc_17_41,0.0,https://www.kaggle.com/competitions/fixing-the-poisoned-well/discussion/link-to-blog
prv_fc_17_42,0.0,https://www.kaggle.com/competitions/fixing-the-poisoned-well/discussion/link-to-blog
prv_fc_17_43,0.0,https://www.kaggle.com/competitions/fixing-the-poisoned-well/discussion/link-to-blog
prv_fc_17_44,0.0,https://www.kaggle.com/competitions/fixing-the-poisoned-well/discussion/link-to-blog
prv_fc_17_45,0.0,https://www.kaggle.com/competitions/fixing-the-poisoned-well/discussion/link-to-blog
prv_fc_17_46,0.0,https://www.kaggle.com/competitions/fixing-the-poisoned-well/discussion/link-to-blog
prv_fc_17_47,0.0,https://www.kaggle.com/competitions/fixing-the-poisoned-well/discussion/link-to-blog
prv_fc_17_48,0.0,https://www.kaggle.com/competitions/fixing-the-poisoned-well/discussion/link-to-blog
prv_fc_17_49,0.0,https://www.kaggle.com/competitions/fixing-the-poisoned-well/discussion/link-to-blog
prv_fc_17_50,0.0,https://www.kaggle.com/competitions/fixing-the-poisoned-well/discussion/link-to-blog
prv_fc_17_51,0.0,https://www.kaggle.com/competitions/fixing-the-poisoned-well/discussion/link-to-blog
prv_fc_17_52,0.0,https://www.kaggle.com/competitions/fixing-the-poisoned-well/discussion/link-to-blog
prv_fc_17_53,0.0,https://www.kaggle.com/competitions/fixing-the-poisoned-well/discussion/link-to-blog
prv_fc_17_54,0.0,https://www.kaggle.com/competitions/fixing-the-poisoned-well/discussion/link-to-blog
prv_fc_17_55,0.0,https://www.kaggle.com/competitions/fixing-the-poisoned-well/discussion/link-to-blog
prv_fc_18_0,0.0,https://www.kaggle.com/competitions/fixing-the-poisoned-well/discussion/link-to-blog
prv_fc_18_1,0.0,https://www.kaggle.com/competitions/fixing-the-poisoned-well/discussion/link-to-blog
prv_fc_18_2,0.0,https://www.kaggle.com/competitions/fixing-the-poisoned-well/discussion/link-to-blog
prv_fc_18_3,0.0,https://www.kaggle.com/competitions/fixing-the-poisoned-well/discussion/link-to-blog
prv_fc_18_4,0.0,https://www.kaggle.com/competitions/fixing-the-poisoned-well/discussion/link-to-blog
prv_fc_18_5,0.0,https://www.kaggle.com/competitions/fixing-the-poisoned-well/discussion/link-to-blog
prv_fc_18_6,0.0,https://www.kaggle.com/competitions/fixing-the-poisoned-well/discussion/link-to-blog
prv_fc_18_7,0.0,https://www.kaggle.com/competitions/fixing-the-poisoned-well/discussion/link-to-blog
prv_fc_18_8,0.0,https://www.kaggle.com/competitions/fixing-the-poisoned-well/discussion/link-to-blog
prv_fc_18_9,0.0,https://www.kaggle.com/competitions/fixing-the-poisoned-well/discussion/link-to-blog
prv_fc_18_10,0.0,https://www.kaggle.com/competitions/fixing-the-poisoned-well/discussion/link-to-blog
prv_fc_18_11,0.0,https://www.kaggle.com/competitions/fixing-the-poisoned-well/discussion/link-to-blog
prv_fc_18_12,0.0,https://www.kaggle.com/competitions/fixing-the-poisoned-well/discussion/link-to-blog
prv_fc_18_13,0.0,https://www.kaggle.com/competitions/fixing-the-poisoned-well/discussion/link-to-blog
prv_fc_18_14,0.0,https://www.kaggle.com/competitions/fixing-the-poisoned-well/discussion/link-to-blog
prv_fc_18_15,0.0,https://www.kaggle.com/competitions/fixing-the-poisoned-well/discussion/link-to-blog
prv_fc_18_16,0.0,https://www.kaggle.com/competitions/fixing-the-poisoned-well/discussion/link-to-blog
prv_fc_18_17,0.0,https://www.kaggle.com/competitions/fixing-the-poisoned-well/discussion/link-to-blog
prv_fc_18_18,0.0,https://www.kaggle.com/competitions/fixing-the-poisoned-well/discussion/link-to-blog
prv_fc_18_19,0.0,https://www.kaggle.com/competitions/fixing-the-poisoned-well/discussion/link-to-blog
prv_fc_18_20,0.0,https://www.kaggle.com/competitions/fixing-the-poisoned-well/discussion/link-to-blog
prv_fc_18_21,0.0,https://www.kaggle.com/competitions/fixing-the-poisoned-well/discussion/link-to-blog
prv_fc_18_22,0.0,https://www.kaggle.com/competitions/fixing-the-poisoned-well/discussion/link-to-blog
prv_fc_18_23,0.0,https://www.kaggle.com/competitions/fixing-the-poisoned-well/discussion/link-to-blog
prv_fc_18_24,0.0,https://www.kaggle.com/competitions/fixing-the-poisoned-well/discussion/link-to-blog
prv_fc_18_25,0.0,https://www.kaggle.com/competitions/fixing-the-poisoned-well/discussion/link-to-blog
prv_fc_18_26,0.0,https://www.kaggle.com/competitions/fixing-the-poisoned-well/discussion/link-to-blog
prv_fc_18_27,0.0,https://www.kaggle.com/competitions/fixing-the-poisoned-well/discussion/link-to-blog
prv_fc_18_28,0.0,https://www.kaggle.com/competitions/fixing-the-poisoned-well/discussion/link-to-blog
prv_fc_18_29,0.0,https://www.kaggle.com/competitions/fixing-the-poisoned-well/discussion/link-to-blog
prv_fc_18_30,0.0,https://www.kaggle.com/competitions/fixing-the-poisoned-well/discussion/link-to-blog
prv_fc_18_31,0.0,https://www.kaggle.com/competitions/fixing-the-poisoned-well/discussion/link-to-blog
prv_fc_18_32,0.0,https://www.kaggle.com/competitions/fixing-the-poisoned-well/discussion/link-to-blog
prv_fc_18_33,0.0,https://www.kaggle.com/competitions/fixing-the-poisoned-well/discussion/link-to-blog
prv_fc_18_34,0.0,https://www.kaggle.com/competitions/fixing-the-poisoned-well/discussion/link-to-blog
prv_fc_18_35,0.0,https://www.kaggle.com/competitions/fixing-the-poisoned-well/discussion/link-to-blog
prv_fc_18_36,0.0,https://www.kaggle.com/competitions/fixing-the-poisoned-well/discussion/link-to-blog
prv_fc_18_37,0.0,https://www.kaggle.com/competitions/fixing-the-poisoned-well/discussion/link-to-blog
prv_fc_18_38,0.0,https://www.kaggle.com/competitions/fixing-the-poisoned-well/discussion/link-to-blog
prv_fc_18_39,0.0,https://www.kaggle.com/competitions/fixing-the-poisoned-well/discussion/link-to-blog
prv_fc_18_40,0.0,https://www.kaggle.com/competitions/fixing-the-poisoned-well/discussion/link-to-blog
prv_fc_18_41,0.0,https://www.kaggle.com/competitions/fixing-the-poisoned-well/discussion/link-to-blog
prv_fc_18_42,0.0,https://www.kaggle.com/competitions/fixing-the-poisoned-well/discussion/link-to-blog
prv_fc_18_43,0.0,https://www.kaggle.com/competitions/fixing-the-poisoned-well/discussion/link-to-blog
prv_fc_18_44,0.0,https://www.kaggle.com/competitions/fixing-the-poisoned-well/discussion/link-to-blog
prv_fc_18_45,0.0,https://www.kaggle.com/competitions/fixing-the-poisoned-well/discussion/link-to-blog
prv_fc_18_46,0.0,https://www.kaggle.com/competitions/fixing-the-poisoned-well/discussion/link-to-blog
prv_fc_18_47,0.0,https://www.kaggle.com/competitions/fixing-the-poisoned-well/discussion/link-to-blog
prv_fc_18_48,0.0,https://www.kaggle.com/competitions/fixing-the-poisoned-well/discussion/link-to-blog
prv_fc_18_49,0.0,https://www.kaggle.com/competitions/fixing-the-poisoned-well/discussion/link-to-blog
prv_fc_18_50,0.0,https://www.kaggle.com/competitions/fixing-the-poisoned-well/discussion/link-to-blog
prv_fc_18_51,0.0,https://www.kaggle.com/competitions/fixing-the-poisoned-well/discussion/link-to-blog
prv_fc_18_52,0.0,https://www.kaggle.com/competitions/fixing-the-poisoned-well/discussion/link-to-blog
prv_fc_18_53,0.0,https://www.kaggle.com/competitions/fixing-the-poisoned-well/discussion/link-to-blog
prv_fc_18_54,0.0,https://www.kaggle.com/competitions/fixing-the-poisoned-well/discussion/link-to-blog
prv_fc_18_55,0.0,https://www.kaggle.com/competitions/fixing-the-poisoned-well/discussion/link-to-blog
prv_fc_19_0,0.0,https://www.kaggle.com/competitions/fixing-the-poisoned-well/discussion/link-to-blog
prv_fc_19_1,0.0,https://www.kaggle.com/competitions/fixing-the-poisoned-well/discussion/link-to-blog
prv_fc_19_2,0.0,https://www.kaggle.com/competitions/fixing-the-poisoned-well/discussion/link-to-blog
prv_fc_19_3,0.0,https://www.kaggle.com/competitions/fixing-the-poisoned-well/discussion/link-to-blog
prv_fc_19_4,0.0,https://www.kaggle.com/competitions/fixing-the-poisoned-well/discussion/link-to-blog
prv_fc_19_5,0.0,https://www.kaggle.com/competitions/fixing-the-poisoned-well/discussion/link-to-blog
prv_fc_19_6,0.0,https://www.kaggle.com/competitions/fixing-the-poisoned-well/discussion/link-to-blog
prv_fc_19_7,0.0,https://www.kaggle.com/competitions/fixing-the-poisoned-well/discussion/link-to-blog
prv_fc_19_8,0.0,https://www.kaggle.com/competitions/fixing-the-poisoned-well/discussion/link-to-blog
prv_fc_19_9,0.0,https://www.kaggle.com/competitions/fixing-the-poisoned-well/discussion/link-to-blog
prv_fc_19_10,0.0,https://www.kaggle.com/competitions/fixing-the-poisoned-well/discussion/link-to-blog
prv_fc_19_11,0.0,https://www.kaggle.com/competitions/fixing-the-poisoned-well/discussion/link-to-blog
prv_fc_19_12,0.0,https://www.kaggle.com/competitions/fixing-the-poisoned-well/discussion/link-to-blog
prv_fc_19_13,0.0,https://www.kaggle.com/competitions/fixing-the-poisoned-well/discussion/link-to-blog
prv_fc_19_14,0.0,https://www.kaggle.com/competitions/fixing-the-poisoned-well/discussion/link-to-blog
prv_fc_19_15,0.0,https://www.kaggle.com/competitions/fixing-the-poisoned-well/discussion/link-to-blog
prv_fc_19_16,0.0,https://www.kaggle.com/competitions/fixing-the-poisoned-well/discussion/link-to-blog
prv_fc_19_17,0.0,https://www.kaggle.com/competitions/fixing-the-poisoned-well/discussion/link-to-blog
prv_fc_19_18,0.0,https://www.kaggle.com/competitions/fixing-the-poisoned-well/discussion/link-to-blog
prv_fc_19_19,0.0,https://www.kaggle.com/competitions/fixing-the-poisoned-well/discussion/link-to-blog
prv_fc_19_20,0.0,https://www.kaggle.com/competitions/fixing-the-poisoned-well/discussion/link-to-blog
prv_fc_19_21,0.0,https://www.kaggle.com/competitions/fixing-the-poisoned-well/discussion/link-to-blog
prv_fc_19_22,0.0,https://www.kaggle.com/competitions/fixing-the-poisoned-well/discussion/link-to-blog
prv_fc_19_23,0.0,https://www.kaggle.com/competitions/fixing-the-poisoned-well/discussion/link-to-blog
prv_fc_19_24,0.0,https://www.kaggle.com/competitions/fixing-the-poisoned-well/discussion/link-to-blog
prv_fc_19_25,0.0,https://www.kaggle.com/competitions/fixing-the-poisoned-well/discussion/link-to-blog
prv_fc_19_26,0.0,https://www.kaggle.com/competitions/fixing-the-poisoned-well/discussion/link-to-blog
prv_fc_19_27,0.0,https://www.kaggle.com/competitions/fixing-the-poisoned-well/discussion/link-to-blog
prv_fc_19_28,0.0,https://www.kaggle.com/competitions/fixing-the-poisoned-well/discussion/link-to-blog
prv_fc_19_29,0.0,https://www.kaggle.com/competitions/fixing-the-poisoned-well/discussion/link-to-blog
prv_fc_19_30,0.0,https://www.kaggle.com/competitions/fixing-the-poisoned-well/discussion/link-to-blog
prv_fc_19_31,0.0,https://www.kaggle.com/competitions/fixing-the-poisoned-well/discussion/link-to-blog
prv_fc_19_32,0.0,https://www.kaggle.com/competitions/fixing-the-poisoned-well/discussion/link-to-blog
prv_fc_19_33,0.0,https://www.kaggle.com/competitions/fixing-the-poisoned-well/discussion/link-to-blog
prv_fc_19_34,0.0,https://www.kaggle.com/competitions/fixing-the-poisoned-well/discussion/link-to-blog
prv_fc_19_35,0.0,https://www.kaggle.com/competitions/fixing-the-poisoned-well/discussion/link-to-blog
prv_fc_19_36,0.0,https://www.kaggle.com/competitions/fixing-the-poisoned-well/discussion/link-to-blog
prv_fc_19_37,0.0,https://www.kaggle.com/competitions/fixing-the-poisoned-well/discussion/link-to-blog
prv_fc_19_38,0.0,https://www.kaggle.com/competitions/fixing-the-poisoned-well/discussion/link-to-blog
prv_fc_19_39,0.0,https://www.kaggle.com/competitions/fixing-the-poisoned-well/discussion/link-to-blog
prv_fc_19_40,0.0,https://www.kaggle.com/competitions/fixing-the-poisoned-well/discussion/link-to-blog
prv_fc_19_41,0.0,https://www.kaggle.com/competitions/fixing-the-poisoned-well/discussion/link-to-blog
prv_fc_19_42,0.0,https://www.kaggle.com/competitions/fixing-the-poisoned-well/discussion/link-to-blog
prv_fc_19_43,0.0,https://www.kaggle.com/competitions/fixing-the-poisoned-well/discussion/link-to-blog
prv_fc_19_44,0.0,https://www.kaggle.com/competitions/fixing-the-poisoned-well/discussion/link-to-blog
prv_fc_19_45,0.0,https://www.kaggle.com/competitions/fixing-the-poisoned-well/discussion/link-to-blog
prv_fc_19_46,0.0,https://www.kaggle.com/competitions/fixing-the-poisoned-well/discussion/link-to-blog
prv_fc_19_47,0.0,https://www.kaggle.com/competitions/fixing-the-poisoned-well/discussion/link-to-blog
prv_fc_19_48,0.0,https://www.kaggle.com/competitions/fixing-the-poisoned-well/discussion/link-to-blog
prv_fc_19_49,0.0,https://www.kaggle.com/competitions/fixing-the-poisoned-well/discussion/link-to-blog
prv_fc_19_50,0.0,https://www.kaggle.com/competitions/fixing-the-poisoned-well/discussion/link-to-blog
prv_fc_19_51,0.0,https://www.kaggle.com/competitions/fixing-the-poisoned-well/discussion/link-to-blog
prv_fc_19_52,0.0,https://www.kaggle.com/competitions/fixing-the-poisoned-well/discussion/link-to-blog
prv_fc_19_53,0.0,https://www.kaggle.com/competitions/fixing-the-poisoned-well/discussion/link-to-blog
prv_fc_19_54,0.0,https://www.kaggle.com/competitions/fixing-the-poisoned-well/discussion/link-to-blog
prv_fc_19_55,0.0,https://www.kaggle.com/competitions/fixing-the-poisoned-well/discussion/link-to-blog
prv_fc_20_0,0.0,https://www.kaggle.com/competitions/fixing-the-poisoned-well/discussion/link-to-blog
prv_fc_20_1,0.0,https://www.kaggle.com/competitions/fixing-the-poisoned-well/discussion/link-to-blog
prv_fc_20_2,0.0,https://www.kaggle.com/competitions/fixing-the-poisoned-well/discussion/link-to-blog
prv_fc_20_3,0.0,https://www.kaggle.com/competitions/fixing-the-poisoned-well/discussion/link-to-blog
prv_fc_20_4,0.0,https://www.kaggle.com/competitions/fixing-the-poisoned-well/discussion/link-to-blog
prv_fc_20_5,0.0,https://www.kaggle.com/competitions/fixing-the-poisoned-well/discussion/link-to-blog
prv_fc_20_6,0.0,https://www.kaggle.com/competitions/fixing-the-poisoned-well/discussion/link-to-blog
prv_fc_20_7,0.0,https://www.kaggle.com/competitions/fixing-the-poisoned-well/discussion/link-to-blog
prv_fc_20_8,0.0,https://www.kaggle.com/competitions/fixing-the-poisoned-well/discussion/link-to-blog
prv_fc_20_9,0.0,https://www.kaggle.com/competitions/fixing-the-poisoned-well/discussion/link-to-blog
prv_fc_20_10,0.0,https://www.kaggle.com/competitions/fixing-the-poisoned-well/discussion/link-to-blog
prv_fc_20_11,0.0,https://www.kaggle.com/competitions/fixing-the-poisoned-well/discussion/link-to-blog
prv_fc_20_12,0.0,https://www.kaggle.com/competitions/fixing-the-poisoned-well/discussion/link-to-blog
prv_fc_20_13,0.0,https://www.kaggle.com/competitions/fixing-the-poisoned-well/discussion/link-to-blog
prv_fc_20_14,0.0,https://www.kaggle.com/competitions/fixing-the-poisoned-well/discussion/link-to-blog
prv_fc_20_15,0.0,https://www.kaggle.com/competitions/fixing-the-poisoned-well/discussion/link-to-blog
prv_fc_20_16,0.0,https://www.kaggle.com/competitions/fixing-the-poisoned-well/discussion/link-to-blog
prv_fc_20_17,0.0,https://www.kaggle.com/competitions/fixing-the-poisoned-well/discussion/link-to-blog
prv_fc_20_18,0.0,https://www.kaggle.com/competitions/fixing-the-poisoned-well/discussion/link-to-blog
prv_fc_20_19,0.0,https://www.kaggle.com/competitions/fixing-the-poisoned-well/discussion/link-to-blog
prv_fc_20_20,0.0,https://www.kaggle.com/competitions/fixing-the-poisoned-well/discussion/link-to-blog
prv_fc_20_21,0.0,https://www.kaggle.com/competitions/fixing-the-poisoned-well/discussion/link-to-blog
prv_fc_20_22,0.0,https://www.kaggle.com/competitions/fixing-the-poisoned-well/discussion/link-to-blog
prv_fc_20_23,0.0,https://www.kaggle.com/competitions/fixing-the-poisoned-well/discussion/link-to-blog
prv_fc_20_24,0.0,https://www.kaggle.com/competitions/fixing-the-poisoned-well/discussion/link-to-blog
prv_fc_20_25,0.0,https://www.kaggle.com/competitions/fixing-the-poisoned-well/discussion/link-to-blog
prv_fc_20_26,0.0,https://www.kaggle.com/competitions/fixing-the-poisoned-well/discussion/link-to-blog
prv_fc_20_27,0.0,https://www.kaggle.com/competitions/fixing-the-poisoned-well/discussion/link-to-blog
prv_fc_20_28,0.0,https://www.kaggle.com/competitions/fixing-the-poisoned-well/discussion/link-to-blog
prv_fc_20_29,0.0,https://www.kaggle.com/competitions/fixing-the-poisoned-well/discussion/link-to-blog
prv_fc_20_30,0.0,https://www.kaggle.com/competitions/fixing-the-poisoned-well/discussion/link-to-blog
prv_fc_20_31,0.0,https://www.kaggle.com/competitions/fixing-the-poisoned-well/discussion/link-to-blog
prv_fc_20_32,0.0,https://www.kaggle.com/competitions/fixing-the-poisoned-well/discussion/link-to-blog
prv_fc_20_33,0.0,https://www.kaggle.com/competitions/fixing-the-poisoned-well/discussion/link-to-blog
prv_fc_20_34,0.0,https://www.kaggle.com/competitions/fixing-the-poisoned-well/discussion/link-to-blog
prv_fc_20_35,0.0,https://www.kaggle.com/competitions/fixing-the-poisoned-well/discussion/link-to-blog
prv_fc_20_36,0.0,https://www.kaggle.com/competitions/fixing-the-poisoned-well/discussion/link-to-blog
prv_fc_20_37,0.0,https://www.kaggle.com/competitions/fixing-the-poisoned-well/discussion/link-to-blog
prv_fc_20_38,0.0,https://www.kaggle.com/competitions/fixing-the-poisoned-well/discussion/link-to-blog
prv_fc_20_39,0.0,https://www.kaggle.com/competitions/fixing-the-poisoned-well/discussion/link-to-blog
prv_fc_20_40,0.0,https://www.kaggle.com/competitions/fixing-the-poisoned-well/discussion/link-to-blog
prv_fc_20_41,0.0,https://www.kaggle.com/competitions/fixing-the-poisoned-well/discussion/link-to-blog
prv_fc_20_42,0.0,https://www.kaggle.com/competitions/fixing-the-poisoned-well/discussion/link-to-blog
prv_fc_20_43,0.0,https://www.kaggle.com/competitions/fixing-the-poisoned-well/discussion/link-to-blog
prv_fc_20_44,0.0,https://www.kaggle.com/competitions/fixing-the-poisoned-well/discussion/link-to-blog
prv_fc_20_45,0.0,https://www.kaggle.com/competitions/fixing-the-poisoned-well/discussion/link-to-blog
prv_fc_20_46,0.0,https://www.kaggle.com/competitions/fixing-the-poisoned-well/discussion/link-to-blog
prv_fc_20_47,0.0,https://www.kaggle.com/competitions/fixing-the-poisoned-well/discussion/link-to-blog
prv_fc_20_48,0.0,https://www.kaggle.com/competitions/fixing-the-poisoned-well/discussion/link-to-blog
prv_fc_20_49,0.0,https://www.kaggle.com/competitions/fixing-the-poisoned-well/discussion/link-to-blog
prv_fc_20_50,0.0,https://www.kaggle.com/competitions/fixing-the-poisoned-well/discussion/link-to-blog
prv_fc_20_51,0.0,https://www.kaggle.com/competitions/fixing-the-poisoned-well/discussion/link-to-blog
prv_fc_20_52,0.0,https://www.kaggle.com/competitions/fixing-the-poisoned-well/discussion/link-to-blog
prv_fc_20_53,0.0,https://www.kaggle.com/competitions/fixing-the-poisoned-well/discussion/link-to-blog
prv_fc_20_54,0.0,https://www.kaggle.com/competitions/fixing-the-poisoned-well/discussion/link-to-blog
prv_fc_20_55,0.0,https://www.kaggle.com/competitions/fixing-the-poisoned-well/discussion/link-to-blog
prv_fc_21_0,0.0,https://www.kaggle.com/competitions/fixing-the-poisoned-well/discussion/link-to-blog
prv_fc_21_1,0.0,https://www.kaggle.com/competitions/fixing-the-poisoned-well/discussion/link-to-blog
prv_fc_21_2,0.0,https://www.kaggle.com/competitions/fixing-the-poisoned-well/discussion/link-to-blog
prv_fc_21_3,0.0,https://www.kaggle.com/competitions/fixing-the-poisoned-well/discussion/link-to-blog
prv_fc_21_4,0.0,https://www.kaggle.com/competitions/fixing-the-poisoned-well/discussion/link-to-blog
prv_fc_21_5,0.0,https://www.kaggle.com/competitions/fixing-the-poisoned-well/discussion/link-to-blog
prv_fc_21_6,0.0,https://www.kaggle.com/competitions/fixing-the-poisoned-well/discussion/link-to-blog
prv_fc_21_7,0.0,https://www.kaggle.com/competitions/fixing-the-poisoned-well/discussion/link-to-blog
prv_fc_21_8,0.0,https://www.kaggle.com/competitions/fixing-the-poisoned-well/discussion/link-to-blog
prv_fc_21_9,0.0,https://www.kaggle.com/competitions/fixing-the-poisoned-well/discussion/link-to-blog
prv_fc_21_10,0.0,https://www.kaggle.com/competitions/fixing-the-poisoned-well/discussion/link-to-blog
prv_fc_21_11,0.0,https://www.kaggle.com/competitions/fixing-the-poisoned-well/discussion/link-to-blog
prv_fc_21_12,0.0,https://www.kaggle.com/competitions/fixing-the-poisoned-well/discussion/link-to-blog
prv_fc_21_13,0.0,https://www.kaggle.com/competitions/fixing-the-poisoned-well/discussion/link-to-blog
prv_fc_21_14,0.0,https://www.kaggle.com/competitions/fixing-the-poisoned-well/discussion/link-to-blog
prv_fc_21_15,0.0,https://www.kaggle.com/competitions/fixing-the-poisoned-well/discussion/link-to-blog
prv_fc_21_16,0.0,https://www.kaggle.com/competitions/fixing-the-poisoned-well/discussion/link-to-blog
prv_fc_21_17,0.0,https://www.kaggle.com/competitions/fixing-the-poisoned-well/discussion/link-to-blog
prv_fc_21_18,0.0,https://www.kaggle.com/competitions/fixing-the-poisoned-well/discussion/link-to-blog
prv_fc_21_19,0.0,https://www.kaggle.com/competitions/fixing-the-poisoned-well/discussion/link-to-blog
prv_fc_21_20,0.0,https://www.kaggle.com/competitions/fixing-the-poisoned-well/discussion/link-to-blog
prv_fc_21_21,0.0,https://www.kaggle.com/competitions/fixing-the-poisoned-well/discussion/link-to-blog
prv_fc_21_22,0.0,https://www.kaggle.com/competitions/fixing-the-poisoned-well/discussion/link-to-blog
prv_fc_21_23,0.0,https://www.kaggle.com/competitions/fixing-the-poisoned-well/discussion/link-to-blog
prv_fc_21_24,0.0,https://www.kaggle.com/competitions/fixing-the-poisoned-well/discussion/link-to-blog
prv_fc_21_25,0.0,https://www.kaggle.com/competitions/fixing-the-poisoned-well/discussion/link-to-blog
prv_fc_21_26,0.0,https://www.kaggle.com/competitions/fixing-the-poisoned-well/discussion/link-to-blog
prv_fc_21_27,0.0,https://www.kaggle.com/competitions/fixing-the-poisoned-well/discussion/link-to-blog
prv_fc_21_28,0.0,https://www.kaggle.com/competitions/fixing-the-poisoned-well/discussion/link-to-blog
prv_fc_21_29,0.0,https://www.kaggle.com/competitions/fixing-the-poisoned-well/discussion/link-to-blog
prv_fc_21_30,0.0,https://www.kaggle.com/competitions/fixing-the-poisoned-well/discussion/link-to-blog
prv_fc_21_31,0.0,https://www.kaggle.com/competitions/fixing-the-poisoned-well/discussion/link-to-blog
prv_fc_21_32,0.0,https://www.kaggle.com/competitions/fixing-the-poisoned-well/discussion/link-to-blog
prv_fc_21_33,0.0,https://www.kaggle.com/competitions/fixing-the-poisoned-well/discussion/link-to-blog
prv_fc_21_34,0.0,https://www.kaggle.com/competitions/fixing-the-poisoned-well/discussion/link-to-blog
prv_fc_21_35,0.0,https://www.kaggle.com/competitions/fixing-the-poisoned-well/discussion/link-to-blog
prv_fc_21_36,0.0,https://www.kaggle.com/competitions/fixing-the-poisoned-well/discussion/link-to-blog
prv_fc_21_37,0.0,https://www.kaggle.com/competitions/fixing-the-poisoned-well/discussion/link-to-blog
prv_fc_21_38,0.0,https://www.kaggle.com/competitions/fixing-the-poisoned-well/discussion/link-to-blog
prv_fc_21_39,0.0,https://www.kaggle.com/competitions/fixing-the-poisoned-well/discussion/link-to-blog
prv_fc_21_40,0.0,https://www.kaggle.com/competitions/fixing-the-poisoned-well/discussion/link-to-blog
prv_fc_21_41,0.0,https://www.kaggle.com/competitions/fixing-the-poisoned-well/discussion/link-to-blog
prv_fc_21_42,0.0,https://www.kaggle.com/competitions/fixing-the-poisoned-well/discussion/link-to-blog
prv_fc_21_43,0.0,https://www.kaggle.com/competitions/fixing-the-poisoned-well/discussion/link-to-blog
prv_fc_21_44,0.0,https://www.kaggle.com/competitions/fixing-the-poisoned-well/discussion/link-to-blog
prv_fc_21_45,0.0,https://www.kaggle.com/competitions/fixing-the-poisoned-well/discussion/link-to-blog
prv_fc_21_46,0.0,https://www.kaggle.com/competitions/fixing-the-poisoned-well/discussion/link-to-blog
prv_fc_21_47,0.0,https://www.kaggle.com/competitions/fixing-the-poisoned-well/discussion/link-to-blog
prv_fc_21_48,0.0,https://www.kaggle.com/competitions/fixing-the-poisoned-well/discussion/link-to-blog
prv_fc_21_49,0.0,https://www.kaggle.com/competitions/fixing-the-poisoned-well/discussion/link-to-blog
prv_fc_21_50,0.0,https://www.kaggle.com/competitions/fixing-the-poisoned-well/discussion/link-to-blog
prv_fc_21_51,0.0,https://www.kaggle.com/competitions/fixing-the-poisoned-well/discussion/link-to-blog
prv_fc_21_52,0.0,https://www.kaggle.com/competitions/fixing-the-poisoned-well/discussion/link-to-blog
prv_fc_21_53,0.0,https://www.kaggle.com/competitions/fixing-the-poisoned-well/discussion/link-to-blog
prv_fc_21_54,0.0,https://www.kaggle.com/competitions/fixing-the-poisoned-well/discussion/link-to-blog
prv_fc_21_55,0.0,https://www.kaggle.com/competitions/fixing-the-poisoned-well/discussion/link-to-blog
prv_fc_22_0,0.0,https://www.kaggle.com/competitions/fixing-the-poisoned-well/discussion/link-to-blog
prv_fc_22_1,0.0,https://www.kaggle.com/competitions/fixing-the-poisoned-well/discussion/link-to-blog
prv_fc_22_2,0.0,https://www.kaggle.com/competitions/fixing-the-poisoned-well/discussion/link-to-blog
prv_fc_22_3,0.0,https://www.kaggle.com/competitions/fixing-the-poisoned-well/discussion/link-to-blog
prv_fc_22_4,0.0,https://www.kaggle.com/competitions/fixing-the-poisoned-well/discussion/link-to-blog
prv_fc_22_5,0.0,https://www.kaggle.com/competitions/fixing-the-poisoned-well/discussion/link-to-blog
prv_fc_22_6,0.0,https://www.kaggle.com/competitions/fixing-the-poisoned-well/discussion/link-to-blog
prv_fc_22_7,0.0,https://www.kaggle.com/competitions/fixing-the-poisoned-well/discussion/link-to-blog
prv_fc_22_8,0.0,https://www.kaggle.com/competitions/fixing-the-poisoned-well/discussion/link-to-blog
prv_fc_22_9,0.0,https://www.kaggle.com/competitions/fixing-the-poisoned-well/discussion/link-to-blog
prv_fc_22_10,0.0,https://www.kaggle.com/competitions/fixing-the-poisoned-well/discussion/link-to-blog
prv_fc_22_11,0.0,https://www.kaggle.com/competitions/fixing-the-poisoned-well/discussion/link-to-blog
prv_fc_22_12,0.0,https://www.kaggle.com/competitions/fixing-the-poisoned-well/discussion/link-to-blog
prv_fc_22_13,0.0,https://www.kaggle.com/competitions/fixing-the-poisoned-well/discussion/link-to-blog
prv_fc_22_14,0.0,https://www.kaggle.com/competitions/fixing-the-poisoned-well/discussion/link-to-blog
prv_fc_22_15,0.0,https://www.kaggle.com/competitions/fixing-the-poisoned-well/discussion/link-to-blog
prv_fc_22_16,0.0,https://www.kaggle.com/competitions/fixing-the-poisoned-well/discussion/link-to-blog
prv_fc_22_17,0.0,https://www.kaggle.com/competitions/fixing-the-poisoned-well/discussion/link-to-blog
prv_fc_22_18,0.0,https://www.kaggle.com/competitions/fixing-the-poisoned-well/discussion/link-to-blog
prv_fc_22_19,0.0,https://www.kaggle.com/competitions/fixing-the-poisoned-well/discussion/link-to-blog
prv_fc_22_20,0.0,https://www.kaggle.com/competitions/fixing-the-poisoned-well/discussion/link-to-blog
prv_fc_22_21,0.0,https://www.kaggle.com/competitions/fixing-the-poisoned-well/discussion/link-to-blog
prv_fc_22_22,0.0,https://www.kaggle.com/competitions/fixing-the-poisoned-well/discussion/link-to-blog
prv_fc_22_23,0.0,https://www.kaggle.com/competitions/fixing-the-poisoned-well/discussion/link-to-blog
prv_fc_22_24,0.0,https://www.kaggle.com/competitions/fixing-the-poisoned-well/discussion/link-to-blog
prv_fc_22_25,0.0,https://www.kaggle.com/competitions/fixing-the-poisoned-well/discussion/link-to-blog
prv_fc_22_26,0.0,https://www.kaggle.com/competitions/fixing-the-poisoned-well/discussion/link-to-blog
prv_fc_22_27,0.0,https://www.kaggle.com/competitions/fixing-the-poisoned-well/discussion/link-to-blog
prv_fc_22_28,0.0,https://www.kaggle.com/competitions/fixing-the-poisoned-well/discussion/link-to-blog
prv_fc_22_29,0.0,https://www.kaggle.com/competitions/fixing-the-poisoned-well/discussion/link-to-blog
prv_fc_22_30,0.0,https://www.kaggle.com/competitions/fixing-the-poisoned-well/discussion/link-to-blog
prv_fc_22_31,0.0,https://www.kaggle.com/competitions/fixing-the-poisoned-well/discussion/link-to-blog
prv_fc_22_32,0.0,https://www.kaggle.com/competitions/fixing-the-poisoned-well/discussion/link-to-blog
prv_fc_22_33,0.0,https://www.kaggle.com/competitions/fixing-the-poisoned-well/discussion/link-to-blog
prv_fc_22_34,0.0,https://www.kaggle.com/competitions/fixing-the-poisoned-well/discussion/link-to-blog
prv_fc_22_35,0.0,https://www.kaggle.com/competitions/fixing-the-poisoned-well/discussion/link-to-blog
prv_fc_22_36,0.0,https://www.kaggle.com/competitions/fixing-the-poisoned-well/discussion/link-to-blog
prv_fc_22_37,0.0,https://www.kaggle.com/competitions/fixing-the-poisoned-well/discussion/link-to-blog
prv_fc_22_38,0.0,https://www.kaggle.com/competitions/fixing-the-poisoned-well/discussion/link-to-blog
prv_fc_22_39,0.0,https://www.kaggle.com/competitions/fixing-the-poisoned-well/discussion/link-to-blog
prv_fc_22_40,0.0,https://www.kaggle.com/competitions/fixing-the-poisoned-well/discussion/link-to-blog
prv_fc_22_41,0.0,https://www.kaggle.com/competitions/fixing-the-poisoned-well/discussion/link-to-blog
prv_fc_22_42,0.0,https://www.kaggle.com/competitions/fixing-the-poisoned-well/discussion/link-to-blog
prv_fc_22_43,0.0,https://www.kaggle.com/competitions/fixing-the-poisoned-well/discussion/link-to-blog
prv_fc_22_44,0.0,https://www.kaggle.com/competitions/fixing-the-poisoned-well/discussion/link-to-blog
prv_fc_22_45,0.0,https://www.kaggle.com/competitions/fixing-the-poisoned-well/discussion/link-to-blog
prv_fc_22_46,0.0,https://www.kaggle.com/competitions/fixing-the-poisoned-well/discussion/link-to-blog
prv_fc_22_47,0.0,https://www.kaggle.com/competitions/fixing-the-poisoned-well/discussion/link-to-blog
prv_fc_22_48,0.0,https://www.kaggle.com/competitions/fixing-the-poisoned-well/discussion/link-to-blog
prv_fc_22_49,0.0,https://www.kaggle.com/competitions/fixing-the-poisoned-well/discussion/link-to-blog
prv_fc_22_50,0.0,https://www.kaggle.com/competitions/fixing-the-poisoned-well/discussion/link-to-blog
prv_fc_22_51,0.0,https://www.kaggle.com/competitions/fixing-the-poisoned-well/discussion/link-to-blog
prv_fc_22_52,0.0,https://www.kaggle.com/competitions/fixing-the-poisoned-well/discussion/link-to-blog
prv_fc_22_53,0.0,https://www.kaggle.com/competitions/fixing-the-poisoned-well/discussion/link-to-blog
prv_fc_22_54,0.0,https://www.kaggle.com/competitions/fixing-the-poisoned-well/discussion/link-to-blog
prv_fc_22_55,0.0,https://www.kaggle.com/competitions/fixing-the-poisoned-well/discussion/link-to-blog
prv_fc_23_0,0.0,https://www.kaggle.com/competitions/fixing-the-poisoned-well/discussion/link-to-blog
prv_fc_23_1,0.0,https://www.kaggle.com/competitions/fixing-the-poisoned-well/discussion/link-to-blog
prv_fc_23_2,0.0,https://www.kaggle.com/competitions/fixing-the-poisoned-well/discussion/link-to-blog
prv_fc_23_3,0.0,https://www.kaggle.com/competitions/fixing-the-poisoned-well/discussion/link-to-blog
prv_fc_23_4,0.0,https://www.kaggle.com/competitions/fixing-the-poisoned-well/discussion/link-to-blog
prv_fc_23_5,0.0,https://www.kaggle.com/competitions/fixing-the-poisoned-well/discussion/link-to-blog
prv_fc_23_6,0.0,https://www.kaggle.com/competitions/fixing-the-poisoned-well/discussion/link-to-blog
prv_fc_23_7,0.0,https://www.kaggle.com/competitions/fixing-the-poisoned-well/discussion/link-to-blog
prv_fc_23_8,0.0,https://www.kaggle.com/competitions/fixing-the-poisoned-well/discussion/link-to-blog
prv_fc_23_9,0.0,https://www.kaggle.com/competitions/fixing-the-poisoned-well/discussion/link-to-blog
prv_fc_23_10,0.0,https://www.kaggle.com/competitions/fixing-the-poisoned-well/discussion/link-to-blog
prv_fc_23_11,0.0,https://www.kaggle.com/competitions/fixing-the-poisoned-well/discussion/link-to-blog
prv_fc_23_12,0.0,https://www.kaggle.com/competitions/fixing-the-poisoned-well/discussion/link-to-blog
prv_fc_23_13,0.0,https://www.kaggle.com/competitions/fixing-the-poisoned-well/discussion/link-to-blog
prv_fc_23_14,0.0,https://www.kaggle.com/competitions/fixing-the-poisoned-well/discussion/link-to-blog
prv_fc_23_15,0.0,https://www.kaggle.com/competitions/fixing-the-poisoned-well/discussion/link-to-blog
prv_fc_23_16,0.0,https://www.kaggle.com/competitions/fixing-the-poisoned-well/discussion/link-to-blog
prv_fc_23_17,0.0,https://www.kaggle.com/competitions/fixing-the-poisoned-well/discussion/link-to-blog
prv_fc_23_18,0.0,https://www.kaggle.com/competitions/fixing-the-poisoned-well/discussion/link-to-blog
prv_fc_23_19,0.0,https://www.kaggle.com/competitions/fixing-the-poisoned-well/discussion/link-to-blog
prv_fc_23_20,0.0,https://www.kaggle.com/competitions/fixing-the-poisoned-well/discussion/link-to-blog
prv_fc_23_21,0.0,https://www.kaggle.com/competitions/fixing-the-poisoned-well/discussion/link-to-blog
prv_fc_23_22,0.0,https://www.kaggle.com/competitions/fixing-the-poisoned-well/discussion/link-to-blog
prv_fc_23_23,0.0,https://www.kaggle.com/competitions/fixing-the-poisoned-well/discussion/link-to-blog
prv_fc_23_24,0.0,https://www.kaggle.com/competitions/fixing-the-poisoned-well/discussion/link-to-blog
prv_fc_23_25,0.0,https://www.kaggle.com/competitions/fixing-the-poisoned-well/discussion/link-to-blog
prv_fc_23_26,0.0,https://www.kaggle.com/competitions/fixing-the-poisoned-well/discussion/link-to-blog
prv_fc_23_27,0.0,https://www.kaggle.com/competitions/fixing-the-poisoned-well/discussion/link-to-blog
prv_fc_23_28,0.0,https://www.kaggle.com/competitions/fixing-the-poisoned-well/discussion/link-to-blog
prv_fc_23_29,0.0,https://www.kaggle.com/competitions/fixing-the-poisoned-well/discussion/link-to-blog
prv_fc_23_30,0.0,https://www.kaggle.com/competitions/fixing-the-poisoned-well/discussion/link-to-blog
prv_fc_23_31,0.0,https://www.kaggle.com/competitions/fixing-the-poisoned-well/discussion/link-to-blog
prv_fc_23_32,0.0,https://www.kaggle.com/competitions/fixing-the-poisoned-well/discussion/link-to-blog
prv_fc_23_33,0.0,https://www.kaggle.com/competitions/fixing-the-poisoned-well/discussion/link-to-blog
prv_fc_23_34,0.0,https://www.kaggle.com/competitions/fixing-the-poisoned-well/discussion/link-to-blog
prv_fc_23_35,0.0,https://www.kaggle.com/competitions/fixing-the-poisoned-well/discussion/link-to-blog
prv_fc_23_36,0.0,https://www.kaggle.com/competitions/fixing-the-poisoned-well/discussion/link-to-blog
prv_fc_23_37,0.0,https://www.kaggle.com/competitions/fixing-the-poisoned-well/discussion/link-to-blog
prv_fc_23_38,0.0,https://www.kaggle.com/competitions/fixing-the-poisoned-well/discussion/link-to-blog
prv_fc_23_39,0.0,https://www.kaggle.com/competitions/fixing-the-poisoned-well/discussion/link-to-blog
prv_fc_23_40,0.0,https://www.kaggle.com/competitions/fixing-the-poisoned-well/discussion/link-to-blog
prv_fc_23_41,0.0,https://www.kaggle.com/competitions/fixing-the-poisoned-well/discussion/link-to-blog
prv_fc_23_42,0.0,https://www.kaggle.com/competitions/fixing-the-poisoned-well/discussion/link-to-blog
prv_fc_23_43,0.0,https://www.kaggle.com/competitions/fixing-the-poisoned-well/discussion/link-to-blog
prv_fc_23_44,0.0,https://www.kaggle.com/competitions/fixing-the-poisoned-well/discussion/link-to-blog
prv_fc_23_45,0.0,https://www.kaggle.com/competitions/fixing-the-poisoned-well/discussion/link-to-blog
prv_fc_23_46,0.0,https://www.kaggle.com/competitions/fixing-the-poisoned-well/discussion/link-to-blog
prv_fc_23_47,0.0,https://www.kaggle.com/competitions/fixing-the-poisoned-well/discussion/link-to-blog
prv_fc_23_48,0.0,https://www.kaggle.com/competitions/fixing-the-poisoned-well/discussion/link-to-blog
prv_fc_23_49,0.0,https://www.kaggle.com/competitions/fixing-the-poisoned-well/discussion/link-to-blog
prv_fc_23_50,0.0,https://www.kaggle.com/competitions/fixing-the-poisoned-well/discussion/link-to-blog
prv_fc_23_51,0.0,https://www.kaggle.com/competitions/fixing-the-poisoned-well/discussion/link-to-blog
prv_fc_23_52,0.0,https://www.kaggle.com/competitions/fixing-the-poisoned-well/discussion/link-to-blog
prv_fc_23_53,0.0,https://www.kaggle.com/competitions/fixing-the-poisoned-well/discussion/link-to-blog
prv_fc_23_54,0.0,https://www.kaggle.com/competitions/fixing-the-poisoned-well/discussion/link-to-blog
prv_fc_23_55,0.0,https://www.kaggle.com/competitions/fixing-the-poisoned-well/discussion/link-to-blog
prv_fc_24_0,0.0,https://www.kaggle.com/competitions/fixing-the-poisoned-well/discussion/link-to-blog
prv_fc_24_1,0.0,https://www.kaggle.com/competitions/fixing-the-poisoned-well/discussion/link-to-blog
prv_fc_24_2,0.0,https://www.kaggle.com/competitions/fixing-the-poisoned-well/discussion/link-to-blog
prv_fc_24_3,0.0,https://www.kaggle.com/competitions/fixing-the-poisoned-well/discussion/link-to-blog
prv_fc_24_4,0.0,https://www.kaggle.com/competitions/fixing-the-poisoned-well/discussion/link-to-blog
prv_fc_24_5,0.0,https://www.kaggle.com/competitions/fixing-the-poisoned-well/discussion/link-to-blog
prv_fc_24_6,0.0,https://www.kaggle.com/competitions/fixing-the-poisoned-well/discussion/link-to-blog
prv_fc_24_7,0.0,https://www.kaggle.com/competitions/fixing-the-poisoned-well/discussion/link-to-blog
prv_fc_24_8,0.0,https://www.kaggle.com/competitions/fixing-the-poisoned-well/discussion/link-to-blog
prv_fc_24_9,0.0,https://www.kaggle.com/competitions/fixing-the-poisoned-well/discussion/link-to-blog
prv_fc_24_10,0.0,https://www.kaggle.com/competitions/fixing-the-poisoned-well/discussion/link-to-blog
prv_fc_24_11,0.0,https://www.kaggle.com/competitions/fixing-the-poisoned-well/discussion/link-to-blog
prv_fc_24_12,0.0,https://www.kaggle.com/competitions/fixing-the-poisoned-well/discussion/link-to-blog
prv_fc_24_13,0.0,https://www.kaggle.com/competitions/fixing-the-poisoned-well/discussion/link-to-blog
prv_fc_24_14,0.0,https://www.kaggle.com/competitions/fixing-the-poisoned-well/discussion/link-to-blog
prv_fc_24_15,0.0,https://www.kaggle.com/competitions/fixing-the-poisoned-well/discussion/link-to-blog
prv_fc_24_16,0.0,https://www.kaggle.com/competitions/fixing-the-poisoned-well/discussion/link-to-blog
prv_fc_24_17,0.0,https://www.kaggle.com/competitions/fixing-the-poisoned-well/discussion/link-to-blog
prv_fc_24_18,0.0,https://www.kaggle.com/competitions/fixing-the-poisoned-well/discussion/link-to-blog
prv_fc_24_19,0.0,https://www.kaggle.com/competitions/fixing-the-poisoned-well/discussion/link-to-blog
prv_fc_24_20,0.0,https://www.kaggle.com/competitions/fixing-the-poisoned-well/discussion/link-to-blog
prv_fc_24_21,0.0,https://www.kaggle.com/competitions/fixing-the-poisoned-well/discussion/link-to-blog
prv_fc_24_22,0.0,https://www.kaggle.com/competitions/fixing-the-poisoned-well/discussion/link-to-blog
prv_fc_24_23,0.0,https://www.kaggle.com/competitions/fixing-the-poisoned-well/discussion/link-to-blog
prv_fc_24_24,0.0,https://www.kaggle.com/competitions/fixing-the-poisoned-well/discussion/link-to-blog
prv_fc_24_25,0.0,https://www.kaggle.com/competitions/fixing-the-poisoned-well/discussion/link-to-blog
prv_fc_24_26,0.0,https://www.kaggle.com/competitions/fixing-the-poisoned-well/discussion/link-to-blog
prv_fc_24_27,0.0,https://www.kaggle.com/competitions/fixing-the-poisoned-well/discussion/link-to-blog
prv_fc_24_28,0.0,https://www.kaggle.com/competitions/fixing-the-poisoned-well/discussion/link-to-blog
prv_fc_24_29,0.0,https://www.kaggle.com/competitions/fixing-the-poisoned-well/discussion/link-to-blog
prv_fc_24_30,0.0,https://www.kaggle.com/competitions/fixing-the-poisoned-well/discussion/link-to-blog
prv_fc_24_31,0.0,https://www.kaggle.com/competitions/fixing-the-poisoned-well/discussion/link-to-blog
prv_fc_24_32,0.0,https://www.kaggle.com/competitions/fixing-the-poisoned-well/discussion/link-to-blog
prv_fc_24_33,0.0,https://www.kaggle.com/competitions/fixing-the-poisoned-well/discussion/link-to-blog
prv_fc_24_34,0.0,https://www.kaggle.com/competitions/fixing-the-poisoned-well/discussion/link-to-blog
prv_fc_24_35,0.0,https://www.kaggle.com/competitions/fixing-the-poisoned-well/discussion/link-to-blog
prv_fc_24_36,0.0,https://www.kaggle.com/competitions/fixing-the-poisoned-well/discussion/link-to-blog
prv_fc_24_37,0.0,https://www.kaggle.com/competitions/fixing-the-poisoned-well/discussion/link-to-blog
prv_fc_24_38,0.0,https://www.kaggle.com/competitions/fixing-the-poisoned-well/discussion/link-to-blog
prv_fc_24_39,0.0,https://www.kaggle.com/competitions/fixing-the-poisoned-well/discussion/link-to-blog
prv_fc_24_40,0.0,https://www.kaggle.com/competitions/fixing-the-poisoned-well/discussion/link-to-blog
prv_fc_24_41,0.0,https://www.kaggle.com/competitions/fixing-the-poisoned-well/discussion/link-to-blog
prv_fc_24_42,0.0,https://www.kaggle.com/competitions/fixing-the-poisoned-well/discussion/link-to-blog
prv_fc_24_43,0.0,https://www.kaggle.com/competitions/fixing-the-poisoned-well/discussion/link-to-blog
prv_fc_24_44,0.0,https://www.kaggle.com/competitions/fixing-the-poisoned-well/discussion/link-to-blog
prv_fc_24_45,0.0,https://www.kaggle.com/competitions/fixing-the-poisoned-well/discussion/link-to-blog
prv_fc_24_46,0.0,https://www.kaggle.com/competitions/fixing-the-poisoned-well/discussion/link-to-blog
prv_fc_24_47,0.0,https://www.kaggle.com/competitions/fixing-the-poisoned-well/discussion/link-to-blog
prv_fc_24_48,0.0,https://www.kaggle.com/competitions/fixing-the-poisoned-well/discussion/link-to-blog
prv_fc_24_49,0.0,https://www.kaggle.com/competitions/fixing-the-poisoned-well/discussion/link-to-blog
prv_fc_24_50,0.0,https://www.kaggle.com/competitions/fixing-the-poisoned-well/discussion/link-to-blog
prv_fc_24_51,0.0,https://www.kaggle.com/competitions/fixing-the-poisoned-well/discussion/link-to-blog
prv_fc_24_52,0.0,https://www.kaggle.com/competitions/fixing-the-poisoned-well/discussion/link-to-blog
prv_fc_24_53,0.0,https://www.kaggle.com/competitions/fixing-the-poisoned-well/discussion/link-to-blog
prv_fc_24_54,0.0,https://www.kaggle.com/competitions/fixing-the-poisoned-well/discussion/link-to-blog
prv_fc_24_55,0.0,https://www.kaggle.com/competitions/fixing-the-poisoned-well/discussion/link-to-blog
prv_fc_25_0,0.0,https://www.kaggle.com/competitions/fixing-the-poisoned-well/discussion/link-to-blog
prv_fc_25_1,0.0,https://www.kaggle.com/competitions/fixing-the-poisoned-well/discussion/link-to-blog
prv_fc_25_2,0.0,https://www.kaggle.com/competitions/fixing-the-poisoned-well/discussion/link-to-blog
prv_fc_25_3,0.0,https://www.kaggle.com/competitions/fixing-the-poisoned-well/discussion/link-to-blog
prv_fc_25_4,0.0,https://www.kaggle.com/competitions/fixing-the-poisoned-well/discussion/link-to-blog
prv_fc_25_5,0.0,https://www.kaggle.com/competitions/fixing-the-poisoned-well/discussion/link-to-blog
prv_fc_25_6,0.0,https://www.kaggle.com/competitions/fixing-the-poisoned-well/discussion/link-to-blog
prv_fc_25_7,0.0,https://www.kaggle.com/competitions/fixing-the-poisoned-well/discussion/link-to-blog
prv_fc_25_8,0.0,https://www.kaggle.com/competitions/fixing-the-poisoned-well/discussion/link-to-blog
prv_fc_25_9,0.0,https://www.kaggle.com/competitions/fixing-the-poisoned-well/discussion/link-to-blog
prv_fc_25_10,0.0,https://www.kaggle.com/competitions/fixing-the-poisoned-well/discussion/link-to-blog
prv_fc_25_11,0.0,https://www.kaggle.com/competitions/fixing-the-poisoned-well/discussion/link-to-blog
prv_fc_25_12,0.0,https://www.kaggle.com/competitions/fixing-the-poisoned-well/discussion/link-to-blog
prv_fc_25_13,0.0,https://www.kaggle.com/competitions/fixing-the-poisoned-well/discussion/link-to-blog
prv_fc_25_14,0.0,https://www.kaggle.com/competitions/fixing-the-poisoned-well/discussion/link-to-blog
prv_fc_25_15,0.0,https://www.kaggle.com/competitions/fixing-the-poisoned-well/discussion/link-to-blog
prv_fc_25_16,0.0,https://www.kaggle.com/competitions/fixing-the-poisoned-well/discussion/link-to-blog
prv_fc_25_17,0.0,https://www.kaggle.com/competitions/fixing-the-poisoned-well/discussion/link-to-blog
prv_fc_25_18,0.0,https://www.kaggle.com/competitions/fixing-the-poisoned-well/discussion/link-to-blog
prv_fc_25_19,0.0,https://www.kaggle.com/competitions/fixing-the-poisoned-well/discussion/link-to-blog
prv_fc_25_20,0.0,https://www.kaggle.com/competitions/fixing-the-poisoned-well/discussion/link-to-blog
prv_fc_25_21,0.0,https://www.kaggle.com/competitions/fixing-the-poisoned-well/discussion/link-to-blog
prv_fc_25_22,0.0,https://www.kaggle.com/competitions/fixing-the-poisoned-well/discussion/link-to-blog
prv_fc_25_23,0.0,https://www.kaggle.com/competitions/fixing-the-poisoned-well/discussion/link-to-blog
prv_fc_25_24,0.0,https://www.kaggle.com/competitions/fixing-the-poisoned-well/discussion/link-to-blog
prv_fc_25_25,0.0,https://www.kaggle.com/competitions/fixing-the-poisoned-well/discussion/link-to-blog
prv_fc_25_26,0.0,https://www.kaggle.com/competitions/fixing-the-poisoned-well/discussion/link-to-blog
prv_fc_25_27,0.0,https://www.kaggle.com/competitions/fixing-the-poisoned-well/discussion/link-to-blog
prv_fc_25_28,0.0,https://www.kaggle.com/competitions/fixing-the-poisoned-well/discussion/link-to-blog
prv_fc_25_29,0.0,https://www.kaggle.com/competitions/fixing-the-poisoned-well/discussion/link-to-blog
prv_fc_25_30,0.0,https://www.kaggle.com/competitions/fixing-the-poisoned-well/discussion/link-to-blog
prv_fc_25_31,0.0,https://www.kaggle.com/competitions/fixing-the-poisoned-well/discussion/link-to-blog
prv_fc_25_32,0.0,https://www.kaggle.com/competitions/fixing-the-poisoned-well/discussion/link-to-blog
prv_fc_25_33,0.0,https://www.kaggle.com/competitions/fixing-the-poisoned-well/discussion/link-to-blog
prv_fc_25_34,0.0,https://www.kaggle.com/competitions/fixing-the-poisoned-well/discussion/link-to-blog
prv_fc_25_35,0.0,https://www.kaggle.com/competitions/fixing-the-poisoned-well/discussion/link-to-blog
prv_fc_25_36,0.0,https://www.kaggle.com/competitions/fixing-the-poisoned-well/discussion/link-to-blog
prv_fc_25_37,0.0,https://www.kaggle.com/competitions/fixing-the-poisoned-well/discussion/link-to-blog
prv_fc_25_38,0.0,https://www.kaggle.com/competitions/fixing-the-poisoned-well/discussion/link-to-blog
prv_fc_25_39,0.0,https://www.kaggle.com/competitions/fixing-the-poisoned-well/discussion/link-to-blog
prv_fc_25_40,0.0,https://www.kaggle.com/competitions/fixing-the-poisoned-well/discussion/link-to-blog
prv_fc_25_41,0.0,https://www.kaggle.com/competitions/fixing-the-poisoned-well/discussion/link-to-blog
prv_fc_25_42,0.0,https://www.kaggle.com/competitions/fixing-the-poisoned-well/discussion/link-to-blog
prv_fc_25_43,0.0,https://www.kaggle.com/competitions/fixing-the-poisoned-well/discussion/link-to-blog
prv_fc_25_44,0.0,https://www.kaggle.com/competitions/fixing-the-poisoned-well/discussion/link-to-blog
prv_fc_25_45,0.0,https://www.kaggle.com/competitions/fixing-the-poisoned-well/discussion/link-to-blog
prv_fc_25_46,0.0,https://www.kaggle.com/competitions/fixing-the-poisoned-well/discussion/link-to-blog
prv_fc_25_47,0.0,https://www.kaggle.com/competitions/fixing-the-poisoned-well/discussion/link-to-blog
prv_fc_25_48,0.0,https://www.kaggle.com/competitions/fixing-the-poisoned-well/discussion/link-to-blog
prv_fc_25_49,0.0,https://www.kaggle.com/competitions/fixing-the-poisoned-well/discussion/link-to-blog
prv_fc_25_50,0.0,https://www.kaggle.com/competitions/fixing-the-poisoned-well/discussion/link-to-blog
prv_fc_25_51,0.0,https://www.kaggle.com/competitions/fixing-the-poisoned-well/discussion/link-to-blog
prv_fc_25_52,0.0,https://www.kaggle.com/competitions/fixing-the-poisoned-well/discussion/link-to-blog
prv_fc_25_53,0.0,https://www.kaggle.com/competitions/fixing-the-poisoned-well/discussion/link-to-blog
prv_fc_25_54,0.0,https://www.kaggle.com/competitions/fixing-the-poisoned-well/discussion/link-to-blog
prv_fc_25_55,0.0,https://www.kaggle.com/competitions/fixing-the-poisoned-well/discussion/link-to-blog
prv_fc_26_0,0.0,https://www.kaggle.com/competitions/fixing-the-poisoned-well/discussion/link-to-blog
prv_fc_26_1,0.0,https://www.kaggle.com/competitions/fixing-the-poisoned-well/discussion/link-to-blog
prv_fc_26_2,0.0,https://www.kaggle.com/competitions/fixing-the-poisoned-well/discussion/link-to-blog
prv_fc_26_3,0.0,https://www.kaggle.com/competitions/fixing-the-poisoned-well/discussion/link-to-blog
prv_fc_26_4,0.0,https://www.kaggle.com/competitions/fixing-the-poisoned-well/discussion/link-to-blog
prv_fc_26_5,0.0,https://www.kaggle.com/competitions/fixing-the-poisoned-well/discussion/link-to-blog
prv_fc_26_6,0.0,https://www.kaggle.com/competitions/fixing-the-poisoned-well/discussion/link-to-blog
prv_fc_26_7,0.0,https://www.kaggle.com/competitions/fixing-the-poisoned-well/discussion/link-to-blog
prv_fc_26_8,0.0,https://www.kaggle.com/competitions/fixing-the-poisoned-well/discussion/link-to-blog
prv_fc_26_9,0.0,https://www.kaggle.com/competitions/fixing-the-poisoned-well/discussion/link-to-blog
prv_fc_26_10,0.0,https://www.kaggle.com/competitions/fixing-the-poisoned-well/discussion/link-to-blog
prv_fc_26_11,0.0,https://www.kaggle.com/competitions/fixing-the-poisoned-well/discussion/link-to-blog
prv_fc_26_12,0.0,https://www.kaggle.com/competitions/fixing-the-poisoned-well/discussion/link-to-blog
prv_fc_26_13,0.0,https://www.kaggle.com/competitions/fixing-the-poisoned-well/discussion/link-to-blog
prv_fc_26_14,0.0,https://www.kaggle.com/competitions/fixing-the-poisoned-well/discussion/link-to-blog
prv_fc_26_15,0.0,https://www.kaggle.com/competitions/fixing-the-poisoned-well/discussion/link-to-blog
prv_fc_26_16,0.0,https://www.kaggle.com/competitions/fixing-the-poisoned-well/discussion/link-to-blog
prv_fc_26_17,0.0,https://www.kaggle.com/competitions/fixing-the-poisoned-well/discussion/link-to-blog
prv_fc_26_18,0.0,https://www.kaggle.com/competitions/fixing-the-poisoned-well/discussion/link-to-blog
prv_fc_26_19,0.0,https://www.kaggle.com/competitions/fixing-the-poisoned-well/discussion/link-to-blog
prv_fc_26_20,0.0,https://www.kaggle.com/competitions/fixing-the-poisoned-well/discussion/link-to-blog
prv_fc_26_21,0.0,https://www.kaggle.com/competitions/fixing-the-poisoned-well/discussion/link-to-blog
prv_fc_26_22,0.0,https://www.kaggle.com/competitions/fixing-the-poisoned-well/discussion/link-to-blog
prv_fc_26_23,0.0,https://www.kaggle.com/competitions/fixing-the-poisoned-well/discussion/link-to-blog
prv_fc_26_24,0.0,https://www.kaggle.com/competitions/fixing-the-poisoned-well/discussion/link-to-blog
prv_fc_26_25,0.0,https://www.kaggle.com/competitions/fixing-the-poisoned-well/discussion/link-to-blog
prv_fc_26_26,0.0,https://www.kaggle.com/competitions/fixing-the-poisoned-well/discussion/link-to-blog
prv_fc_26_27,0.0,https://www.kaggle.com/competitions/fixing-the-poisoned-well/discussion/link-to-blog
prv_fc_26_28,0.0,https://www.kaggle.com/competitions/fixing-the-poisoned-well/discussion/link-to-blog
prv_fc_26_29,0.0,https://www.kaggle.com/competitions/fixing-the-poisoned-well/discussion/link-to-blog
prv_fc_26_30,0.0,https://www.kaggle.com/competitions/fixing-the-poisoned-well/discussion/link-to-blog
prv_fc_26_31,0.0,https://www.kaggle.com/competitions/fixing-the-poisoned-well/discussion/link-to-blog
prv_fc_26_32,0.0,https://www.kaggle.com/competitions/fixing-the-poisoned-well/discussion/link-to-blog
prv_fc_26_33,0.0,https://www.kaggle.com/competitions/fixing-the-poisoned-well/discussion/link-to-blog
prv_fc_26_34,0.0,https://www.kaggle.com/competitions/fixing-the-poisoned-well/discussion/link-to-blog
prv_fc_26_35,0.0,https://www.kaggle.com/competitions/fixing-the-poisoned-well/discussion/link-to-blog
prv_fc_26_36,0.0,https://www.kaggle.com/competitions/fixing-the-poisoned-well/discussion/link-to-blog
prv_fc_26_37,0.0,https://www.kaggle.com/competitions/fixing-the-poisoned-well/discussion/link-to-blog
prv_fc_26_38,0.0,https://www.kaggle.com/competitions/fixing-the-poisoned-well/discussion/link-to-blog
prv_fc_26_39,0.0,https://www.kaggle.com/competitions/fixing-the-poisoned-well/discussion/link-to-blog
prv_fc_26_40,0.0,https://www.kaggle.com/competitions/fixing-the-poisoned-well/discussion/link-to-blog
prv_fc_26_41,0.0,https://www.kaggle.com/competitions/fixing-the-poisoned-well/discussion/link-to-blog
prv_fc_26_42,0.0,https://www.kaggle.com/competitions/fixing-the-poisoned-well/discussion/link-to-blog
prv_fc_26_43,0.0,https://www.kaggle.com/competitions/fixing-the-poisoned-well/discussion/link-to-blog
prv_fc_26_44,0.0,https://www.kaggle.com/competitions/fixing-the-poisoned-well/discussion/link-to-blog
prv_fc_26_45,0.0,https://www.kaggle.com/competitions/fixing-the-poisoned-well/discussion/link-to-blog
prv_fc_26_46,0.0,https://www.kaggle.com/competitions/fixing-the-poisoned-well/discussion/link-to-blog
prv_fc_26_47,0.0,https://www.kaggle.com/competitions/fixing-the-poisoned-well/discussion/link-to-blog
prv_fc_26_48,0.0,https://www.kaggle.com/competitions/fixing-the-poisoned-well/discussion/link-to-blog
prv_fc_26_49,0.0,https://www.kaggle.com/competitions/fixing-the-poisoned-well/discussion/link-to-blog
prv_fc_26_50,0.0,https://www.kaggle.com/competitions/fixing-the-poisoned-well/discussion/link-to-blog
prv_fc_26_51,0.0,https://www.kaggle.com/competitions/fixing-the-poisoned-well/discussion/link-to-blog
prv_fc_26_52,0.0,https://www.kaggle.com/competitions/fixing-the-poisoned-well/discussion/link-to-blog
prv_fc_26_53,0.0,https://www.kaggle.com/competitions/fixing-the-poisoned-well/discussion/link-to-blog
prv_fc_26_54,0.0,https://www.kaggle.com/competitions/fixing-the-poisoned-well/discussion/link-to-blog
prv_fc_26_55,0.0,https://www.kaggle.com/competitions/fixing-the-poisoned-well/discussion/link-to-blog
prv_fc_27_0,0.0,https://www.kaggle.com/competitions/fixing-the-poisoned-well/discussion/link-to-blog
prv_fc_27_1,0.0,https://www.kaggle.com/competitions/fixing-the-poisoned-well/discussion/link-to-blog
prv_fc_27_2,0.0,https://www.kaggle.com/competitions/fixing-the-poisoned-well/discussion/link-to-blog
prv_fc_27_3,0.0,https://www.kaggle.com/competitions/fixing-the-poisoned-well/discussion/link-to-blog
prv_fc_27_4,0.0,https://www.kaggle.com/competitions/fixing-the-poisoned-well/discussion/link-to-blog
prv_fc_27_5,0.0,https://www.kaggle.com/competitions/fixing-the-poisoned-well/discussion/link-to-blog
prv_fc_27_6,0.0,https://www.kaggle.com/competitions/fixing-the-poisoned-well/discussion/link-to-blog
prv_fc_27_7,0.0,https://www.kaggle.com/competitions/fixing-the-poisoned-well/discussion/link-to-blog
prv_fc_27_8,0.0,https://www.kaggle.com/competitions/fixing-the-poisoned-well/discussion/link-to-blog
prv_fc_27_9,0.0,https://www.kaggle.com/competitions/fixing-the-poisoned-well/discussion/link-to-blog
prv_fc_27_10,0.0,https://www.kaggle.com/competitions/fixing-the-poisoned-well/discussion/link-to-blog
prv_fc_27_11,0.0,https://www.kaggle.com/competitions/fixing-the-poisoned-well/discussion/link-to-blog
prv_fc_27_12,0.0,https://www.kaggle.com/competitions/fixing-the-poisoned-well/discussion/link-to-blog
prv_fc_27_13,0.0,https://www.kaggle.com/competitions/fixing-the-poisoned-well/discussion/link-to-blog
prv_fc_27_14,0.0,https://www.kaggle.com/competitions/fixing-the-poisoned-well/discussion/link-to-blog
prv_fc_27_15,0.0,https://www.kaggle.com/competitions/fixing-the-poisoned-well/discussion/link-to-blog
prv_fc_27_16,0.0,https://www.kaggle.com/competitions/fixing-the-poisoned-well/discussion/link-to-blog
prv_fc_27_17,0.0,https://www.kaggle.com/competitions/fixing-the-poisoned-well/discussion/link-to-blog
prv_fc_27_18,0.0,https://www.kaggle.com/competitions/fixing-the-poisoned-well/discussion/link-to-blog
prv_fc_27_19,0.0,https://www.kaggle.com/competitions/fixing-the-poisoned-well/discussion/link-to-blog
prv_fc_27_20,0.0,https://www.kaggle.com/competitions/fixing-the-poisoned-well/discussion/link-to-blog
prv_fc_27_21,0.0,https://www.kaggle.com/competitions/fixing-the-poisoned-well/discussion/link-to-blog
prv_fc_27_22,0.0,https://www.kaggle.com/competitions/fixing-the-poisoned-well/discussion/link-to-blog
prv_fc_27_23,0.0,https://www.kaggle.com/competitions/fixing-the-poisoned-well/discussion/link-to-blog
prv_fc_27_24,0.0,https://www.kaggle.com/competitions/fixing-the-poisoned-well/discussion/link-to-blog
prv_fc_27_25,0.0,https://www.kaggle.com/competitions/fixing-the-poisoned-well/discussion/link-to-blog
prv_fc_27_26,0.0,https://www.kaggle.com/competitions/fixing-the-poisoned-well/discussion/link-to-blog
prv_fc_27_27,0.0,https://www.kaggle.com/competitions/fixing-the-poisoned-well/discussion/link-to-blog
prv_fc_27_28,0.0,https://www.kaggle.com/competitions/fixing-the-poisoned-well/discussion/link-to-blog
prv_fc_27_29,0.0,https://www.kaggle.com/competitions/fixing-the-poisoned-well/discussion/link-to-blog
prv_fc_27_30,0.0,https://www.kaggle.com/competitions/fixing-the-poisoned-well/discussion/link-to-blog
prv_fc_27_31,0.0,https://www.kaggle.com/competitions/fixing-the-poisoned-well/discussion/link-to-blog
prv_fc_27_32,0.0,https://www.kaggle.com/competitions/fixing-the-poisoned-well/discussion/link-to-blog
prv_fc_27_33,0.0,https://www.kaggle.com/competitions/fixing-the-poisoned-well/discussion/link-to-blog
prv_fc_27_34,0.0,https://www.kaggle.com/competitions/fixing-the-poisoned-well/discussion/link-to-blog
prv_fc_27_35,0.0,https://www.kaggle.com/competitions/fixing-the-poisoned-well/discussion/link-to-blog
prv_fc_27_36,0.0,https://www.kaggle.com/competitions/fixing-the-poisoned-well/discussion/link-to-blog
prv_fc_27_37,0.0,https://www.kaggle.com/competitions/fixing-the-poisoned-well/discussion/link-to-blog
prv_fc_27_38,0.0,https://www.kaggle.com/competitions/fixing-the-poisoned-well/discussion/link-to-blog
prv_fc_27_39,0.0,https://www.kaggle.com/competitions/fixing-the-poisoned-well/discussion/link-to-blog
prv_fc_27_40,0.0,https://www.kaggle.com/competitions/fixing-the-poisoned-well/discussion/link-to-blog
prv_fc_27_41,0.0,https://www.kaggle.com/competitions/fixing-the-poisoned-well/discussion/link-to-blog
prv_fc_27_42,0.0,https://www.kaggle.com/competitions/fixing-the-poisoned-well/discussion/link-to-blog
prv_fc_27_43,0.0,https://www.kaggle.com/competitions/fixing-the-poisoned-well/discussion/link-to-blog
prv_fc_27_44,0.0,https://www.kaggle.com/competitions/fixing-the-poisoned-well/discussion/link-to-blog
prv_fc_27_45,0.0,https://www.kaggle.com/competitions/fixing-the-poisoned-well/discussion/link-to-blog
prv_fc_27_46,0.0,https://www.kaggle.com/competitions/fixing-the-poisoned-well/discussion/link-to-blog
prv_fc_27_47,0.0,https://www.kaggle.com/competitions/fixing-the-poisoned-well/discussion/link-to-blog
prv_fc_27_48,0.0,https://www.kaggle.com/competitions/fixing-the-poisoned-well/discussion/link-to-blog
prv_fc_27_49,0.0,https://www.kaggle.com/competitions/fixing-the-poisoned-well/discussion/link-to-blog
prv_fc_27_50,0.0,https://www.kaggle.com/competitions/fixing-the-poisoned-well/discussion/link-to-blog
prv_fc_27_51,0.0,https://www.kaggle.com/competitions/fixing-the-poisoned-well/discussion/link-to-blog
prv_fc_27_52,0.0,https://www.kaggle.com/competitions/fixing-the-poisoned-well/discussion/link-to-blog
prv_fc_27_53,0.0,https://www.kaggle.com/competitions/fixing-the-poisoned-well/discussion/link-to-blog
prv_fc_27_54,0.0,https://www.kaggle.com/competitions/fixing-the-poisoned-well/discussion/link-to-blog
prv_fc_27_55,0.0,https://www.kaggle.com/competitions/fixing-the-poisoned-well/discussion/link-to-blog
prv_fc_28_0,0.0,https://www.kaggle.com/competitions/fixing-the-poisoned-well/discussion/link-to-blog
prv_fc_28_1,0.0,https://www.kaggle.com/competitions/fixing-the-poisoned-well/discussion/link-to-blog
prv_fc_28_2,0.0,https://www.kaggle.com/competitions/fixing-the-poisoned-well/discussion/link-to-blog
prv_fc_28_3,0.0,https://www.kaggle.com/competitions/fixing-the-poisoned-well/discussion/link-to-blog
prv_fc_28_4,0.0,https://www.kaggle.com/competitions/fixing-the-poisoned-well/discussion/link-to-blog
prv_fc_28_5,0.0,https://www.kaggle.com/competitions/fixing-the-poisoned-well/discussion/link-to-blog
prv_fc_28_6,0.0,https://www.kaggle.com/competitions/fixing-the-poisoned-well/discussion/link-to-blog
prv_fc_28_7,0.0,https://www.kaggle.com/competitions/fixing-the-poisoned-well/discussion/link-to-blog
prv_fc_28_8,0.0,https://www.kaggle.com/competitions/fixing-the-poisoned-well/discussion/link-to-blog
prv_fc_28_9,0.0,https://www.kaggle.com/competitions/fixing-the-poisoned-well/discussion/link-to-blog
prv_fc_28_10,0.0,https://www.kaggle.com/competitions/fixing-the-poisoned-well/discussion/link-to-blog
prv_fc_28_11,0.0,https://www.kaggle.com/competitions/fixing-the-poisoned-well/discussion/link-to-blog
prv_fc_28_12,0.0,https://www.kaggle.com/competitions/fixing-the-poisoned-well/discussion/link-to-blog
prv_fc_28_13,0.0,https://www.kaggle.com/competitions/fixing-the-poisoned-well/discussion/link-to-blog
prv_fc_28_14,0.0,https://www.kaggle.com/competitions/fixing-the-poisoned-well/discussion/link-to-blog
prv_fc_28_15,0.0,https://www.kaggle.com/competitions/fixing-the-poisoned-well/discussion/link-to-blog
prv_fc_28_16,0.0,https://www.kaggle.com/competitions/fixing-the-poisoned-well/discussion/link-to-blog
prv_fc_28_17,0.0,https://www.kaggle.com/competitions/fixing-the-poisoned-well/discussion/link-to-blog
prv_fc_28_18,0.0,https://www.kaggle.com/competitions/fixing-the-poisoned-well/discussion/link-to-blog
prv_fc_28_19,0.0,https://www.kaggle.com/competitions/fixing-the-poisoned-well/discussion/link-to-blog
prv_fc_28_20,0.0,https://www.kaggle.com/competitions/fixing-the-poisoned-well/discussion/link-to-blog
prv_fc_28_21,0.0,https://www.kaggle.com/competitions/fixing-the-poisoned-well/discussion/link-to-blog
prv_fc_28_22,0.0,https://www.kaggle.com/competitions/fixing-the-poisoned-well/discussion/link-to-blog
prv_fc_28_23,0.0,https://www.kaggle.com/competitions/fixing-the-poisoned-well/discussion/link-to-blog
prv_fc_28_24,0.0,https://www.kaggle.com/competitions/fixing-the-poisoned-well/discussion/link-to-blog
prv_fc_28_25,0.0,https://www.kaggle.com/competitions/fixing-the-poisoned-well/discussion/link-to-blog
prv_fc_28_26,0.0,https://www.kaggle.com/competitions/fixing-the-poisoned-well/discussion/link-to-blog
prv_fc_28_27,0.0,https://www.kaggle.com/competitions/fixing-the-poisoned-well/discussion/link-to-blog
prv_fc_28_28,0.0,https://www.kaggle.com/competitions/fixing-the-poisoned-well/discussion/link-to-blog
prv_fc_28_29,0.0,https://www.kaggle.com/competitions/fixing-the-poisoned-well/discussion/link-to-blog
prv_fc_28_30,0.0,https://www.kaggle.com/competitions/fixing-the-poisoned-well/discussion/link-to-blog
prv_fc_28_31,0.0,https://www.kaggle.com/competitions/fixing-the-poisoned-well/discussion/link-to-blog
prv_fc_28_32,0.0,https://www.kaggle.com/competitions/fixing-the-poisoned-well/discussion/link-to-blog
prv_fc_28_33,0.0,https://www.kaggle.com/competitions/fixing-the-poisoned-well/discussion/link-to-blog
prv_fc_28_34,0.0,https://www.kaggle.com/competitions/fixing-the-poisoned-well/discussion/link-to-blog
prv_fc_28_35,0.0,https://www.kaggle.com/competitions/fixing-the-poisoned-well/discussion/link-to-blog
prv_fc_28_36,0.0,https://www.kaggle.com/competitions/fixing-the-poisoned-well/discussion/link-to-blog
prv_fc_28_37,0.0,https://www.kaggle.com/competitions/fixing-the-poisoned-well/discussion/link-to-blog
prv_fc_28_38,0.0,https://www.kaggle.com/competitions/fixing-the-poisoned-well/discussion/link-to-blog
prv_fc_28_39,0.0,https://www.kaggle.com/competitions/fixing-the-poisoned-well/discussion/link-to-blog
prv_fc_28_40,0.0,https://www.kaggle.com/competitions/fixing-the-poisoned-well/discussion/link-to-blog
prv_fc_28_41,0.0,https://www.kaggle.com/competitions/fixing-the-poisoned-well/discussion/link-to-blog
prv_fc_28_42,0.0,https://www.kaggle.com/competitions/fixing-the-poisoned-well/discussion/link-to-blog
prv_fc_28_43,0.0,https://www.kaggle.com/competitions/fixing-the-poisoned-well/discussion/link-to-blog
prv_fc_28_44,0.0,https://www.kaggle.com/competitions/fixing-the-poisoned-well/discussion/link-to-blog
prv_fc_28_45,0.0,https://www.kaggle.com/competitions/fixing-the-poisoned-well/discussion/link-to-blog
prv_fc_28_46,0.0,https://www.kaggle.com/competitions/fixing-the-poisoned-well/discussion/link-to-blog
prv_fc_28_47,0.0,https://www.kaggle.com/competitions/fixing-the-poisoned-well/discussion/link-to-blog
prv_fc_28_48,0.0,https://www.kaggle.com/competitions/fixing-the-poisoned-well/discussion/link-to-blog
prv_fc_28_49,0.0,https://www.kaggle.com/competitions/fixing-the-poisoned-well/discussion/link-to-blog
prv_fc_28_50,0.0,https://www.kaggle.com/competitions/fixing-the-poisoned-well/discussion/link-to-blog
prv_fc_28_51,0.0,https://www.kaggle.com/competitions/fixing-the-poisoned-well/discussion/link-to-blog
prv_fc_28_52,0.0,https://www.kaggle.com/competitions/fixing-the-poisoned-well/discussion/link-to-blog
prv_fc_28_53,0.0,https://www.kaggle.com/competitions/fixing-the-poisoned-well/discussion/link-to-blog
prv_fc_28_54,0.0,https://www.kaggle.com/competitions/fixing-the-poisoned-well/discussion/link-to-blog
prv_fc_28_55,0.0,https://www.kaggle.com/competitions/fixing-the-poisoned-well/discussion/link-to-blog
prv_fc_29_0,0.0,https://www.kaggle.com/competitions/fixing-the-poisoned-well/discussion/link-to-blog
prv_fc_29_1,0.0,https://www.kaggle.com/competitions/fixing-the-poisoned-well/discussion/link-to-blog
prv_fc_29_2,0.0,https://www.kaggle.com/competitions/fixing-the-poisoned-well/discussion/link-to-blog
prv_fc_29_3,0.0,https://www.kaggle.com/competitions/fixing-the-poisoned-well/discussion/link-to-blog
prv_fc_29_4,0.0,https://www.kaggle.com/competitions/fixing-the-poisoned-well/discussion/link-to-blog
prv_fc_29_5,0.0,https://www.kaggle.com/competitions/fixing-the-poisoned-well/discussion/link-to-blog
prv_fc_29_6,0.0,https://www.kaggle.com/competitions/fixing-the-poisoned-well/discussion/link-to-blog
prv_fc_29_7,0.0,https://www.kaggle.com/competitions/fixing-the-poisoned-well/discussion/link-to-blog
prv_fc_29_8,0.0,https://www.kaggle.com/competitions/fixing-the-poisoned-well/discussion/link-to-blog
prv_fc_29_9,0.0,https://www.kaggle.com/competitions/fixing-the-poisoned-well/discussion/link-to-blog
prv_fc_29_10,0.0,https://www.kaggle.com/competitions/fixing-the-poisoned-well/discussion/link-to-blog
prv_fc_29_11,0.0,https://www.kaggle.com/competitions/fixing-the-poisoned-well/discussion/link-to-blog
prv_fc_29_12,0.0,https://www.kaggle.com/competitions/fixing-the-poisoned-well/discussion/link-to-blog
prv_fc_29_13,0.0,https://www.kaggle.com/competitions/fixing-the-poisoned-well/discussion/link-to-blog
prv_fc_29_14,0.0,https://www.kaggle.com/competitions/fixing-the-poisoned-well/discussion/link-to-blog
prv_fc_29_15,0.0,https://www.kaggle.com/competitions/fixing-the-poisoned-well/discussion/link-to-blog
prv_fc_29_16,0.0,https://www.kaggle.com/competitions/fixing-the-poisoned-well/discussion/link-to-blog
prv_fc_29_17,0.0,https://www.kaggle.com/competitions/fixing-the-poisoned-well/discussion/link-to-blog
prv_fc_29_18,0.0,https://www.kaggle.com/competitions/fixing-the-poisoned-well/discussion/link-to-blog
prv_fc_29_19,0.0,https://www.kaggle.com/competitions/fixing-the-poisoned-well/discussion/link-to-blog
prv_fc_29_20,0.0,https://www.kaggle.com/competitions/fixing-the-poisoned-well/discussion/link-to-blog
prv_fc_29_21,0.0,https://www.kaggle.com/competitions/fixing-the-poisoned-well/discussion/link-to-blog
prv_fc_29_22,0.0,https://www.kaggle.com/competitions/fixing-the-poisoned-well/discussion/link-to-blog
prv_fc_29_23,0.0,https://www.kaggle.com/competitions/fixing-the-poisoned-well/discussion/link-to-blog
prv_fc_29_24,0.0,https://www.kaggle.com/competitions/fixing-the-poisoned-well/discussion/link-to-blog
prv_fc_29_25,0.0,https://www.kaggle.com/competitions/fixing-the-poisoned-well/discussion/link-to-blog
prv_fc_29_26,0.0,https://www.kaggle.com/competitions/fixing-the-poisoned-well/discussion/link-to-blog
prv_fc_29_27,0.0,https://www.kaggle.com/competitions/fixing-the-poisoned-well/discussion/link-to-blog
prv_fc_29_28,0.0,https://www.kaggle.com/competitions/fixing-the-poisoned-well/discussion/link-to-blog
prv_fc_29_29,0.0,https://www.kaggle.com/competitions/fixing-the-poisoned-well/discussion/link-to-blog
prv_fc_29_30,0.0,https://www.kaggle.com/competitions/fixing-the-poisoned-well/discussion/link-to-blog
prv_fc_29_31,0.0,https://www.kaggle.com/competitions/fixing-the-poisoned-well/discussion/link-to-blog
prv_fc_29_32,0.0,https://www.kaggle.com/competitions/fixing-the-poisoned-well/discussion/link-to-blog
prv_fc_29_33,0.0,https://www.kaggle.com/competitions/fixing-the-poisoned-well/discussion/link-to-blog
prv_fc_29_34,0.0,https://www.kaggle.com/competitions/fixing-the-poisoned-well/discussion/link-to-blog
prv_fc_29_35,0.0,https://www.kaggle.com/competitions/fixing-the-poisoned-well/discussion/link-to-blog
prv_fc_29_36,0.0,https://www.kaggle.com/competitions/fixing-the-poisoned-well/discussion/link-to-blog
prv_fc_29_37,0.0,https://www.kaggle.com/competitions/fixing-the-poisoned-well/discussion/link-to-blog
prv_fc_29_38,0.0,https://www.kaggle.com/competitions/fixing-the-poisoned-well/discussion/link-to-blog
prv_fc_29_39,0.0,https://www.kaggle.com/competitions/fixing-the-poisoned-well/discussion/link-to-blog
prv_fc_29_40,0.0,https://www.kaggle.com/competitions/fixing-the-poisoned-well/discussion/link-to-blog
prv_fc_29_41,0.0,https://www.kaggle.com/competitions/fixing-the-poisoned-well/discussion/link-to-blog
prv_fc_29_42,0.0,https://www.kaggle.com/competitions/fixing-the-poisoned-well/discussion/link-to-blog
prv_fc_29_43,0.0,https://www.kaggle.com/competitions/fixing-the-poisoned-well/discussion/link-to-blog
prv_fc_29_44,0.0,https://www.kaggle.com/competitions/fixing-the-poisoned-well/discussion/link-to-blog
prv_fc_29_45,0.0,https://www.kaggle.com/competitions/fixing-the-poisoned-well/discussion/link-to-blog
prv_fc_29_46,0.0,https://www.kaggle.com/competitions/fixing-the-poisoned-well/discussion/link-to-blog
prv_fc_29_47,0.0,https://www.kaggle.com/competitions/fixing-the-poisoned-well/discussion/link-to-blog
prv_fc_29_48,0.0,https://www.kaggle.com/competitions/fixing-the-poisoned-well/discussion/link-to-blog
prv_fc_29_49,0.0,https://www.kaggle.com/competitions/fixing-the-poisoned-well/discussion/link-to-blog
prv_fc_29_50,0.0,https://www.kaggle.com/competitions/fixing-the-poisoned-well/discussion/link-to-blog
prv_fc_29_51,0.0,https://www.kaggle.com/competitions/fixing-the-poisoned-well/discussion/link-to-blog
prv_fc_29_52,0.0,https://www.kaggle.com/competitions/fixing-the-poisoned-well/discussion/link-to-blog
prv_fc_29_53,0.0,https://www.kaggle.com/competitions/fixing-the-poisoned-well/discussion/link-to-blog
prv_fc_29_54,0.0,https://www.kaggle.com/competitions/fixing-the-poisoned-well/discussion/link-to-blog
prv_fc_29_55,0.0,https://www.kaggle.com/competitions/fixing-the-poisoned-well/discussion/link-to-blog
prv_fc_30_0,0.0,https://www.kaggle.com/competitions/fixing-the-poisoned-well/discussion/link-to-blog
prv_fc_30_1,0.0,https://www.kaggle.com/competitions/fixing-the-poisoned-well/discussion/link-to-blog
prv_fc_30_2,0.0,https://www.kaggle.com/competitions/fixing-the-poisoned-well/discussion/link-to-blog
prv_fc_30_3,0.0,https://www.kaggle.com/competitions/fixing-the-poisoned-well/discussion/link-to-blog
prv_fc_30_4,0.0,https://www.kaggle.com/competitions/fixing-the-poisoned-well/discussion/link-to-blog
prv_fc_30_5,0.0,https://www.kaggle.com/competitions/fixing-the-poisoned-well/discussion/link-to-blog
prv_fc_30_6,0.0,https://www.kaggle.com/competitions/fixing-the-poisoned-well/discussion/link-to-blog
prv_fc_30_7,0.0,https://www.kaggle.com/competitions/fixing-the-poisoned-well/discussion/link-to-blog
prv_fc_30_8,0.0,https://www.kaggle.com/competitions/fixing-the-poisoned-well/discussion/link-to-blog
prv_fc_30_9,0.0,https://www.kaggle.com/competitions/fixing-the-poisoned-well/discussion/link-to-blog
prv_fc_30_10,0.0,https://www.kaggle.com/competitions/fixing-the-poisoned-well/discussion/link-to-blog
prv_fc_30_11,0.0,https://www.kaggle.com/competitions/fixing-the-poisoned-well/discussion/link-to-blog
prv_fc_30_12,0.0,https://www.kaggle.com/competitions/fixing-the-poisoned-well/discussion/link-to-blog
prv_fc_30_13,0.0,https://www.kaggle.com/competitions/fixing-the-poisoned-well/discussion/link-to-blog
prv_fc_30_14,0.0,https://www.kaggle.com/competitions/fixing-the-poisoned-well/discussion/link-to-blog
prv_fc_30_15,0.0,https://www.kaggle.com/competitions/fixing-the-poisoned-well/discussion/link-to-blog
prv_fc_30_16,0.0,https://www.kaggle.com/competitions/fixing-the-poisoned-well/discussion/link-to-blog
prv_fc_30_17,0.0,https://www.kaggle.com/competitions/fixing-the-poisoned-well/discussion/link-to-blog
prv_fc_30_18,0.0,https://www.kaggle.com/competitions/fixing-the-poisoned-well/discussion/link-to-blog
prv_fc_30_19,0.0,https://www.kaggle.com/competitions/fixing-the-poisoned-well/discussion/link-to-blog
prv_fc_30_20,0.0,https://www.kaggle.com/competitions/fixing-the-poisoned-well/discussion/link-to-blog
prv_fc_30_21,0.0,https://www.kaggle.com/competitions/fixing-the-poisoned-well/discussion/link-to-blog
prv_fc_30_22,0.0,https://www.kaggle.com/competitions/fixing-the-poisoned-well/discussion/link-to-blog
prv_fc_30_23,0.0,https://www.kaggle.com/competitions/fixing-the-poisoned-well/discussion/link-to-blog
prv_fc_30_24,0.0,https://www.kaggle.com/competitions/fixing-the-poisoned-well/discussion/link-to-blog
prv_fc_30_25,0.0,https://www.kaggle.com/competitions/fixing-the-poisoned-well/discussion/link-to-blog
prv_fc_30_26,0.0,https://www.kaggle.com/competitions/fixing-the-poisoned-well/discussion/link-to-blog
prv_fc_30_27,0.0,https://www.kaggle.com/competitions/fixing-the-poisoned-well/discussion/link-to-blog
prv_fc_30_28,0.0,https://www.kaggle.com/competitions/fixing-the-poisoned-well/discussion/link-to-blog
prv_fc_30_29,0.0,https://www.kaggle.com/competitions/fixing-the-poisoned-well/discussion/link-to-blog
prv_fc_30_30,0.0,https://www.kaggle.com/competitions/fixing-the-poisoned-well/discussion/link-to-blog
prv_fc_30_31,0.0,https://www.kaggle.com/competitions/fixing-the-poisoned-well/discussion/link-to-blog
prv_fc_30_32,0.0,https://www.kaggle.com/competitions/fixing-the-poisoned-well/discussion/link-to-blog
prv_fc_30_33,0.0,https://www.kaggle.com/competitions/fixing-the-poisoned-well/discussion/link-to-blog
prv_fc_30_34,0.0,https://www.kaggle.com/competitions/fixing-the-poisoned-well/discussion/link-to-blog
prv_fc_30_35,0.0,https://www.kaggle.com/competitions/fixing-the-poisoned-well/discussion/link-to-blog
prv_fc_30_36,0.0,https://www.kaggle.com/competitions/fixing-the-poisoned-well/discussion/link-to-blog
prv_fc_30_37,0.0,https://www.kaggle.com/competitions/fixing-the-poisoned-well/discussion/link-to-blog
prv_fc_30_38,0.0,https://www.kaggle.com/competitions/fixing-the-poisoned-well/discussion/link-to-blog
prv_fc_30_39,0.0,https://www.kaggle.com/competitions/fixing-the-poisoned-well/discussion/link-to-blog
prv_fc_30_40,0.0,https://www.kaggle.com/competitions/fixing-the-poisoned-well/discussion/link-to-blog
prv_fc_30_41,0.0,https://www.kaggle.com/competitions/fixing-the-poisoned-well/discussion/link-to-blog
prv_fc_30_42,0.0,https://www.kaggle.com/competitions/fixing-the-poisoned-well/discussion/link-to-blog
prv_fc_30_43,0.0,https://www.kaggle.com/competitions/fixing-the-poisoned-well/discussion/link-to-blog
prv_fc_30_44,0.0,https://www.kaggle.com/competitions/fixing-the-poisoned-well/discussion/link-to-blog
prv_fc_30_45,0.0,https://www.kaggle.com/competitions/fixing-the-poisoned-well/discussion/link-to-blog
prv_fc_30_46,0.0,https://www.kaggle.com/competitions/fixing-the-poisoned-well/discussion/link-to-blog
prv_fc_30_47,0.0,https://www.kaggle.com/competitions/fixing-the-poisoned-well/discussion/link-to-blog
prv_fc_30_48,0.0,https://www.kaggle.com/competitions/fixing-the-poisoned-well/discussion/link-to-blog
prv_fc_30_49,0.0,https://www.kaggle.com/competitions/fixing-the-poisoned-well/discussion/link-to-blog
prv_fc_30_50,0.0,https://www.kaggle.com/competitions/fixing-the-poisoned-well/discussion/link-to-blog
prv_fc_30_51,0.0,https://www.kaggle.com/competitions/fixing-the-poisoned-well/discussion/link-to-blog
prv_fc_30_52,0.0,https://www.kaggle.com/competitions/fixing-the-poisoned-well/discussion/link-to-blog
prv_fc_30_53,0.0,https://www.kaggle.com/competitions/fixing-the-poisoned-well/discussion/link-to-blog
prv_fc_30_54,0.0,https://www.kaggle.com/competitions/fixing-the-poisoned-well/discussion/link-to-blog
prv_fc_30_55,0.0,https://www.kaggle.com/competitions/fixing-the-poisoned-well/discussion/link-to-blog
prv_fc_31_0,0.0,https://www.kaggle.com/competitions/fixing-the-poisoned-well/discussion/link-to-blog
prv_fc_31_1,0.0,https://www.kaggle.com/competitions/fixing-the-poisoned-well/discussion/link-to-blog
prv_fc_31_2,0.0,https://www.kaggle.com/competitions/fixing-the-poisoned-well/discussion/link-to-blog
prv_fc_31_3,0.0,https://www.kaggle.com/competitions/fixing-the-poisoned-well/discussion/link-to-blog
prv_fc_31_4,0.0,https://www.kaggle.com/competitions/fixing-the-poisoned-well/discussion/link-to-blog
prv_fc_31_5,0.0,https://www.kaggle.com/competitions/fixing-the-poisoned-well/discussion/link-to-blog
prv_fc_31_6,0.0,https://www.kaggle.com/competitions/fixing-the-poisoned-well/discussion/link-to-blog
prv_fc_31_7,0.0,https://www.kaggle.com/competitions/fixing-the-poisoned-well/discussion/link-to-blog
prv_fc_31_8,0.0,https://www.kaggle.com/competitions/fixing-the-poisoned-well/discussion/link-to-blog
prv_fc_31_9,0.0,https://www.kaggle.com/competitions/fixing-the-poisoned-well/discussion/link-to-blog
prv_fc_31_10,0.0,https://www.kaggle.com/competitions/fixing-the-poisoned-well/discussion/link-to-blog
prv_fc_31_11,0.0,https://www.kaggle.com/competitions/fixing-the-poisoned-well/discussion/link-to-blog
prv_fc_31_12,0.0,https://www.kaggle.com/competitions/fixing-the-poisoned-well/discussion/link-to-blog
prv_fc_31_13,0.0,https://www.kaggle.com/competitions/fixing-the-poisoned-well/discussion/link-to-blog
prv_fc_31_14,0.0,https://www.kaggle.com/competitions/fixing-the-poisoned-well/discussion/link-to-blog
prv_fc_31_15,0.0,https://www.kaggle.com/competitions/fixing-the-poisoned-well/discussion/link-to-blog
prv_fc_31_16,0.0,https://www.kaggle.com/competitions/fixing-the-poisoned-well/discussion/link-to-blog
prv_fc_31_17,0.0,https://www.kaggle.com/competitions/fixing-the-poisoned-well/discussion/link-to-blog
prv_fc_31_18,0.0,https://www.kaggle.com/competitions/fixing-the-poisoned-well/discussion/link-to-blog
prv_fc_31_19,0.0,https://www.kaggle.com/competitions/fixing-the-poisoned-well/discussion/link-to-blog
prv_fc_31_20,0.0,https://www.kaggle.com/competitions/fixing-the-poisoned-well/discussion/link-to-blog
prv_fc_31_21,0.0,https://www.kaggle.com/competitions/fixing-the-poisoned-well/discussion/link-to-blog
prv_fc_31_22,0.0,https://www.kaggle.com/competitions/fixing-the-poisoned-well/discussion/link-to-blog
prv_fc_31_23,0.0,https://www.kaggle.com/competitions/fixing-the-poisoned-well/discussion/link-to-blog
prv_fc_31_24,0.0,https://www.kaggle.com/competitions/fixing-the-poisoned-well/discussion/link-to-blog
prv_fc_31_25,0.0,https://www.kaggle.com/competitions/fixing-the-poisoned-well/discussion/link-to-blog
prv_fc_31_26,0.0,https://www.kaggle.com/competitions/fixing-the-poisoned-well/discussion/link-to-blog
prv_fc_31_27,0.0,https://www.kaggle.com/competitions/fixing-the-poisoned-well/discussion/link-to-blog
prv_fc_31_28,0.0,https://www.kaggle.com/competitions/fixing-the-poisoned-well/discussion/link-to-blog
prv_fc_31_29,0.0,https://www.kaggle.com/competitions/fixing-the-poisoned-well/discussion/link-to-blog
prv_fc_31_30,0.0,https://www.kaggle.com/competitions/fixing-the-poisoned-well/discussion/link-to-blog
prv_fc_31_31,0.0,https://www.kaggle.com/competitions/fixing-the-poisoned-well/discussion/link-to-blog
prv_fc_31_32,0.0,https://www.kaggle.com/competitions/fixing-the-poisoned-well/discussion/link-to-blog
prv_fc_31_33,0.0,https://www.kaggle.com/competitions/fixing-the-poisoned-well/discussion/link-to-blog
prv_fc_31_34,0.0,https://www.kaggle.com/competitions/fixing-the-poisoned-well/discussion/link-to-blog
prv_fc_31_35,0.0,https://www.kaggle.com/competitions/fixing-the-poisoned-well/discussion/link-to-blog
prv_fc_31_36,0.0,https://www.kaggle.com/competitions/fixing-the-poisoned-well/discussion/link-to-blog
prv_fc_31_37,0.0,https://www.kaggle.com/competitions/fixing-the-poisoned-well/discussion/link-to-blog
prv_fc_31_38,0.0,https://www.kaggle.com/competitions/fixing-the-poisoned-well/discussion/link-to-blog
prv_fc_31_39,0.0,https://www.kaggle.com/competitions/fixing-the-poisoned-well/discussion/link-to-blog
prv_fc_31_40,0.0,https://www.kaggle.com/competitions/fixing-the-poisoned-well/discussion/link-to-blog
prv_fc_31_41,0.0,https://www.kaggle.com/competitions/fixing-the-poisoned-well/discussion/link-to-blog
prv_fc_31_42,0.0,https://www.kaggle.com/competitions/fixing-the-poisoned-well/discussion/link-to-blog
prv_fc_31_43,0.0,https://www.kaggle.com/competitions/fixing-the-poisoned-well/discussion/link-to-blog
prv_fc_31_44,0.0,https://www.kaggle.com/competitions/fixing-the-poisoned-well/discussion/link-to-blog
prv_fc_31_45,0.0,https://www.kaggle.com/competitions/fixing-the-poisoned-well/discussion/link-to-blog
prv_fc_31_46,0.0,https://www.kaggle.com/competitions/fixing-the-poisoned-well/discussion/link-to-blog
prv_fc_31_47,0.0,https://www.kaggle.com/competitions/fixing-the-poisoned-well/discussion/link-to-blog
prv_fc_31_48,0.0,https://www.kaggle.com/competitions/fixing-the-poisoned-well/discussion/link-to-blog
prv_fc_31_49,0.0,https://www.kaggle.com/competitions/fixing-the-poisoned-well/discussion/link-to-blog
prv_fc_31_50,0.0,https://www.kaggle.com/competitions/fixing-the-poisoned-well/discussion/link-to-blog
prv_fc_31_51,0.0,https://www.kaggle.com/competitions/fixing-the-poisoned-well/discussion/link-to-blog
prv_fc_31_52,0.0,https://www.kaggle.com/competitions/fixing-the-poisoned-well/discussion/link-to-blog
prv_fc_31_53,0.0,https://www.kaggle.com/competitions/fixing-the-poisoned-well/discussion/link-to-blog
prv_fc_31_54,0.0,https://www.kaggle.com/competitions/fixing-the-poisoned-well/discussion/link-to-blog
prv_fc_31_55,0.0,https://www.kaggle.com/competitions/fixing-the-poisoned-well/discussion/link-to-blog
prv_fc_32_0,0.0,https://www.kaggle.com/competitions/fixing-the-poisoned-well/discussion/link-to-blog
prv_fc_32_1,0.0,https://www.kaggle.com/competitions/fixing-the-poisoned-well/discussion/link-to-blog
prv_fc_32_2,0.0,https://www.kaggle.com/competitions/fixing-the-poisoned-well/discussion/link-to-blog
prv_fc_32_3,0.0,https://www.kaggle.com/competitions/fixing-the-poisoned-well/discussion/link-to-blog
prv_fc_32_4,0.0,https://www.kaggle.com/competitions/fixing-the-poisoned-well/discussion/link-to-blog
prv_fc_32_5,0.0,https://www.kaggle.com/competitions/fixing-the-poisoned-well/discussion/link-to-blog
prv_fc_32_6,0.0,https://www.kaggle.com/competitions/fixing-the-poisoned-well/discussion/link-to-blog
prv_fc_32_7,0.0,https://www.kaggle.com/competitions/fixing-the-poisoned-well/discussion/link-to-blog
prv_fc_32_8,0.0,https://www.kaggle.com/competitions/fixing-the-poisoned-well/discussion/link-to-blog
prv_fc_32_9,0.0,https://www.kaggle.com/competitions/fixing-the-poisoned-well/discussion/link-to-blog
prv_fc_32_10,0.0,https://www.kaggle.com/competitions/fixing-the-poisoned-well/discussion/link-to-blog
prv_fc_32_11,0.0,https://www.kaggle.com/competitions/fixing-the-poisoned-well/discussion/link-to-blog
prv_fc_32_12,0.0,https://www.kaggle.com/competitions/fixing-the-poisoned-well/discussion/link-to-blog
prv_fc_32_13,0.0,https://www.kaggle.com/competitions/fixing-the-poisoned-well/discussion/link-to-blog
prv_fc_32_14,0.0,https://www.kaggle.com/competitions/fixing-the-poisoned-well/discussion/link-to-blog
prv_fc_32_15,0.0,https://www.kaggle.com/competitions/fixing-the-poisoned-well/discussion/link-to-blog
prv_fc_32_16,0.0,https://www.kaggle.com/competitions/fixing-the-poisoned-well/discussion/link-to-blog
prv_fc_32_17,0.0,https://www.kaggle.com/competitions/fixing-the-poisoned-well/discussion/link-to-blog
prv_fc_32_18,0.0,https://www.kaggle.com/competitions/fixing-the-poisoned-well/discussion/link-to-blog
prv_fc_32_19,0.0,https://www.kaggle.com/competitions/fixing-the-poisoned-well/discussion/link-to-blog
prv_fc_32_20,0.0,https://www.kaggle.com/competitions/fixing-the-poisoned-well/discussion/link-to-blog
prv_fc_32_21,0.0,https://www.kaggle.com/competitions/fixing-the-poisoned-well/discussion/link-to-blog
prv_fc_32_22,0.0,https://www.kaggle.com/competitions/fixing-the-poisoned-well/discussion/link-to-blog
prv_fc_32_23,0.0,https://www.kaggle.com/competitions/fixing-the-poisoned-well/discussion/link-to-blog
prv_fc_32_24,0.0,https://www.kaggle.com/competitions/fixing-the-poisoned-well/discussion/link-to-blog
prv_fc_32_25,0.0,https://www.kaggle.com/competitions/fixing-the-poisoned-well/discussion/link-to-blog
prv_fc_32_26,0.0,https://www.kaggle.com/competitions/fixing-the-poisoned-well/discussion/link-to-blog
prv_fc_32_27,0.0,https://www.kaggle.com/competitions/fixing-the-poisoned-well/discussion/link-to-blog
prv_fc_32_28,0.0,https://www.kaggle.com/competitions/fixing-the-poisoned-well/discussion/link-to-blog
prv_fc_32_29,0.0,https://www.kaggle.com/competitions/fixing-the-poisoned-well/discussion/link-to-blog
prv_fc_32_30,0.0,https://www.kaggle.com/competitions/fixing-the-poisoned-well/discussion/link-to-blog
prv_fc_32_31,0.0,https://www.kaggle.com/competitions/fixing-the-poisoned-well/discussion/link-to-blog
prv_fc_32_32,0.0,https://www.kaggle.com/competitions/fixing-the-poisoned-well/discussion/link-to-blog
prv_fc_32_33,0.0,https://www.kaggle.com/competitions/fixing-the-poisoned-well/discussion/link-to-blog
prv_fc_32_34,0.0,https://www.kaggle.com/competitions/fixing-the-poisoned-well/discussion/link-to-blog
prv_fc_32_35,0.0,https://www.kaggle.com/competitions/fixing-the-poisoned-well/discussion/link-to-blog
prv_fc_32_36,0.0,https://www.kaggle.com/competitions/fixing-the-poisoned-well/discussion/link-to-blog
prv_fc_32_37,0.0,https://www.kaggle.com/competitions/fixing-the-poisoned-well/discussion/link-to-blog
prv_fc_32_38,0.0,https://www.kaggle.com/competitions/fixing-the-poisoned-well/discussion/link-to-blog
prv_fc_32_39,0.0,https://www.kaggle.com/competitions/fixing-the-poisoned-well/discussion/link-to-blog
prv_fc_32_40,0.0,https://www.kaggle.com/competitions/fixing-the-poisoned-well/discussion/link-to-blog
prv_fc_32_41,0.0,https://www.kaggle.com/competitions/fixing-the-poisoned-well/discussion/link-to-blog
prv_fc_32_42,0.0,https://www.kaggle.com/competitions/fixing-the-poisoned-well/discussion/link-to-blog
prv_fc_32_43,0.0,https://www.kaggle.com/competitions/fixing-the-poisoned-well/discussion/link-to-blog
prv_fc_32_44,0.0,https://www.kaggle.com/competitions/fixing-the-poisoned-well/discussion/link-to-blog
prv_fc_32_45,0.0,https://www.kaggle.com/competitions/fixing-the-poisoned-well/discussion/link-to-blog
prv_fc_32_46,0.0,https://www.kaggle.com/competitions/fixing-the-poisoned-well/discussion/link-to-blog
prv_fc_32_47,0.0,https://www.kaggle.com/competitions/fixing-the-poisoned-well/discussion/link-to-blog
prv_fc_32_48,0.0,https://www.kaggle.com/competitions/fixing-the-poisoned-well/discussion/link-to-blog
prv_fc_32_49,0.0,https://www.kaggle.com/competitions/fixing-the-poisoned-well/discussion/link-to-blog
prv_fc_32_50,0.0,https://www.kaggle.com/competitions/fixing-the-poisoned-well/discussion/link-to-blog
prv_fc_32_51,0.0,https://www.kaggle.com/competitions/fixing-the-poisoned-well/discussion/link-to-blog
prv_fc_32_52,0.0,https://www.kaggle.com/competitions/fixing-the-poisoned-well/discussion/link-to-blog
prv_fc_32_53,0.0,https://www.kaggle.com/competitions/fixing-the-poisoned-well/discussion/link-to-blog
prv_fc_32_54,0.0,https://www.kaggle.com/competitions/fixing-the-poisoned-well/discussion/link-to-blog
prv_fc_32_55,0.0,https://www.kaggle.com/competitions/fixing-the-poisoned-well/discussion/link-to-blog
prv_fc_33_0,0.0,https://www.kaggle.com/competitions/fixing-the-poisoned-well/discussion/link-to-blog
prv_fc_33_1,0.0,https://www.kaggle.com/competitions/fixing-the-poisoned-well/discussion/link-to-blog
prv_fc_33_2,0.0,https://www.kaggle.com/competitions/fixing-the-poisoned-well/discussion/link-to-blog
prv_fc_33_3,0.0,https://www.kaggle.com/competitions/fixing-the-poisoned-well/discussion/link-to-blog
prv_fc_33_4,0.0,https://www.kaggle.com/competitions/fixing-the-poisoned-well/discussion/link-to-blog
prv_fc_33_5,0.0,https://www.kaggle.com/competitions/fixing-the-poisoned-well/discussion/link-to-blog
prv_fc_33_6,0.0,https://www.kaggle.com/competitions/fixing-the-poisoned-well/discussion/link-to-blog
prv_fc_33_7,0.0,https://www.kaggle.com/competitions/fixing-the-poisoned-well/discussion/link-to-blog
prv_fc_33_8,0.0,https://www.kaggle.com/competitions/fixing-the-poisoned-well/discussion/link-to-blog
prv_fc_33_9,0.0,https://www.kaggle.com/competitions/fixing-the-poisoned-well/discussion/link-to-blog
prv_fc_33_10,0.0,https://www.kaggle.com/competitions/fixing-the-poisoned-well/discussion/link-to-blog
prv_fc_33_11,0.0,https://www.kaggle.com/competitions/fixing-the-poisoned-well/discussion/link-to-blog
prv_fc_33_12,0.0,https://www.kaggle.com/competitions/fixing-the-poisoned-well/discussion/link-to-blog
prv_fc_33_13,0.0,https://www.kaggle.com/competitions/fixing-the-poisoned-well/discussion/link-to-blog
prv_fc_33_14,0.0,https://www.kaggle.com/competitions/fixing-the-poisoned-well/discussion/link-to-blog
prv_fc_33_15,0.0,https://www.kaggle.com/competitions/fixing-the-poisoned-well/discussion/link-to-blog
prv_fc_33_16,0.0,https://www.kaggle.com/competitions/fixing-the-poisoned-well/discussion/link-to-blog
prv_fc_33_17,0.0,https://www.kaggle.com/competitions/fixing-the-poisoned-well/discussion/link-to-blog
prv_fc_33_18,0.0,https://www.kaggle.com/competitions/fixing-the-poisoned-well/discussion/link-to-blog
prv_fc_33_19,0.0,https://www.kaggle.com/competitions/fixing-the-poisoned-well/discussion/link-to-blog
prv_fc_33_20,0.0,https://www.kaggle.com/competitions/fixing-the-poisoned-well/discussion/link-to-blog
prv_fc_33_21,0.0,https://www.kaggle.com/competitions/fixing-the-poisoned-well/discussion/link-to-blog
prv_fc_33_22,0.0,https://www.kaggle.com/competitions/fixing-the-poisoned-well/discussion/link-to-blog
prv_fc_33_23,0.0,https://www.kaggle.com/competitions/fixing-the-poisoned-well/discussion/link-to-blog
prv_fc_33_24,0.0,https://www.kaggle.com/competitions/fixing-the-poisoned-well/discussion/link-to-blog
prv_fc_33_25,0.0,https://www.kaggle.com/competitions/fixing-the-poisoned-well/discussion/link-to-blog
prv_fc_33_26,0.0,https://www.kaggle.com/competitions/fixing-the-poisoned-well/discussion/link-to-blog
prv_fc_33_27,0.0,https://www.kaggle.com/competitions/fixing-the-poisoned-well/discussion/link-to-blog
prv_fc_33_28,0.0,https://www.kaggle.com/competitions/fixing-the-poisoned-well/discussion/link-to-blog
prv_fc_33_29,0.0,https://www.kaggle.com/competitions/fixing-the-poisoned-well/discussion/link-to-blog
prv_fc_33_30,0.0,https://www.kaggle.com/competitions/fixing-the-poisoned-well/discussion/link-to-blog
prv_fc_33_31,0.0,https://www.kaggle.com/competitions/fixing-the-poisoned-well/discussion/link-to-blog
prv_fc_33_32,0.0,https://www.kaggle.com/competitions/fixing-the-poisoned-well/discussion/link-to-blog
prv_fc_33_33,0.0,https://www.kaggle.com/competitions/fixing-the-poisoned-well/discussion/link-to-blog
prv_fc_33_34,0.0,https://www.kaggle.com/competitions/fixing-the-poisoned-well/discussion/link-to-blog
prv_fc_33_35,0.0,https://www.kaggle.com/competitions/fixing-the-poisoned-well/discussion/link-to-blog
prv_fc_33_36,0.0,https://www.kaggle.com/competitions/fixing-the-poisoned-well/discussion/link-to-blog
prv_fc_33_37,0.0,https://www.kaggle.com/competitions/fixing-the-poisoned-well/discussion/link-to-blog
prv_fc_33_38,0.0,https://www.kaggle.com/competitions/fixing-the-poisoned-well/discussion/link-to-blog
prv_fc_33_39,0.0,https://www.kaggle.com/competitions/fixing-the-poisoned-well/discussion/link-to-blog
prv_fc_33_40,0.0,https://www.kaggle.com/competitions/fixing-the-poisoned-well/discussion/link-to-blog
prv_fc_33_41,0.0,https://www.kaggle.com/competitions/fixing-the-poisoned-well/discussion/link-to-blog
prv_fc_33_42,0.0,https://www.kaggle.com/competitions/fixing-the-poisoned-well/discussion/link-to-blog
prv_fc_33_43,0.0,https://www.kaggle.com/competitions/fixing-the-poisoned-well/discussion/link-to-blog
prv_fc_33_44,0.0,https://www.kaggle.com/competitions/fixing-the-poisoned-well/discussion/link-to-blog
prv_fc_33_45,0.0,https://www.kaggle.com/competitions/fixing-the-poisoned-well/discussion/link-to-blog
prv_fc_33_46,0.0,https://www.kaggle.com/competitions/fixing-the-poisoned-well/discussion/link-to-blog
prv_fc_33_47,0.0,https://www.kaggle.com/competitions/fixing-the-poisoned-well/discussion/link-to-blog
prv_fc_33_48,0.0,https://www.kaggle.com/competitions/fixing-the-poisoned-well/discussion/link-to-blog
prv_fc_33_49,0.0,https://www.kaggle.com/competitions/fixing-the-poisoned-well/discussion/link-to-blog
prv_fc_33_50,0.0,https://www.kaggle.com/competitions/fixing-the-poisoned-well/discussion/link-to-blog
prv_fc_33_51,0.0,https://www.kaggle.com/competitions/fixing-the-poisoned-well/discussion/link-to-blog
prv_fc_33_52,0.0,https://www.kaggle.com/competitions/fixing-the-poisoned-well/discussion/link-to-blog
prv_fc_33_53,0.0,https://www.kaggle.com/competitions/fixing-the-poisoned-well/discussion/link-to-blog
prv_fc_33_54,0.0,https://www.kaggle.com/competitions/fixing-the-poisoned-well/discussion/link-to-blog
prv_fc_33_55,0.0,https://www.kaggle.com/competitions/fixing-the-poisoned-well/discussion/link-to-blog
prv_fc_34_0,0.0,https://www.kaggle.com/competitions/fixing-the-poisoned-well/discussion/link-to-blog
prv_fc_34_1,0.0,https://www.kaggle.com/competitions/fixing-the-poisoned-well/discussion/link-to-blog
prv_fc_34_2,0.0,https://www.kaggle.com/competitions/fixing-the-poisoned-well/discussion/link-to-blog
prv_fc_34_3,0.0,https://www.kaggle.com/competitions/fixing-the-poisoned-well/discussion/link-to-blog
prv_fc_34_4,0.0,https://www.kaggle.com/competitions/fixing-the-poisoned-well/discussion/link-to-blog
prv_fc_34_5,0.0,https://www.kaggle.com/competitions/fixing-the-poisoned-well/discussion/link-to-blog
prv_fc_34_6,0.0,https://www.kaggle.com/competitions/fixing-the-poisoned-well/discussion/link-to-blog
prv_fc_34_7,0.0,https://www.kaggle.com/competitions/fixing-the-poisoned-well/discussion/link-to-blog
prv_fc_34_8,0.0,https://www.kaggle.com/competitions/fixing-the-poisoned-well/discussion/link-to-blog
prv_fc_34_9,0.0,https://www.kaggle.com/competitions/fixing-the-poisoned-well/discussion/link-to-blog
prv_fc_34_10,0.0,https://www.kaggle.com/competitions/fixing-the-poisoned-well/discussion/link-to-blog
prv_fc_34_11,0.0,https://www.kaggle.com/competitions/fixing-the-poisoned-well/discussion/link-to-blog
prv_fc_34_12,0.0,https://www.kaggle.com/competitions/fixing-the-poisoned-well/discussion/link-to-blog
prv_fc_34_13,0.0,https://www.kaggle.com/competitions/fixing-the-poisoned-well/discussion/link-to-blog
prv_fc_34_14,0.0,https://www.kaggle.com/competitions/fixing-the-poisoned-well/discussion/link-to-blog
prv_fc_34_15,0.0,https://www.kaggle.com/competitions/fixing-the-poisoned-well/discussion/link-to-blog
prv_fc_34_16,0.0,https://www.kaggle.com/competitions/fixing-the-poisoned-well/discussion/link-to-blog
prv_fc_34_17,0.0,https://www.kaggle.com/competitions/fixing-the-poisoned-well/discussion/link-to-blog
prv_fc_34_18,0.0,https://www.kaggle.com/competitions/fixing-the-poisoned-well/discussion/link-to-blog
prv_fc_34_19,0.0,https://www.kaggle.com/competitions/fixing-the-poisoned-well/discussion/link-to-blog
prv_fc_34_20,0.0,https://www.kaggle.com/competitions/fixing-the-poisoned-well/discussion/link-to-blog
prv_fc_34_21,0.0,https://www.kaggle.com/competitions/fixing-the-poisoned-well/discussion/link-to-blog
prv_fc_34_22,0.0,https://www.kaggle.com/competitions/fixing-the-poisoned-well/discussion/link-to-blog
prv_fc_34_23,0.0,https://www.kaggle.com/competitions/fixing-the-poisoned-well/discussion/link-to-blog
prv_fc_34_24,0.0,https://www.kaggle.com/competitions/fixing-the-poisoned-well/discussion/link-to-blog
prv_fc_34_25,0.0,https://www.kaggle.com/competitions/fixing-the-poisoned-well/discussion/link-to-blog
prv_fc_34_26,0.0,https://www.kaggle.com/competitions/fixing-the-poisoned-well/discussion/link-to-blog
prv_fc_34_27,0.0,https://www.kaggle.com/competitions/fixing-the-poisoned-well/discussion/link-to-blog
prv_fc_34_28,0.0,https://www.kaggle.com/competitions/fixing-the-poisoned-well/discussion/link-to-blog
prv_fc_34_29,0.0,https://www.kaggle.com/competitions/fixing-the-poisoned-well/discussion/link-to-blog
prv_fc_34_30,0.0,https://www.kaggle.com/competitions/fixing-the-poisoned-well/discussion/link-to-blog
prv_fc_34_31,0.0,https://www.kaggle.com/competitions/fixing-the-poisoned-well/discussion/link-to-blog
prv_fc_34_32,0.0,https://www.kaggle.com/competitions/fixing-the-poisoned-well/discussion/link-to-blog
prv_fc_34_33,0.0,https://www.kaggle.com/competitions/fixing-the-poisoned-well/discussion/link-to-blog
prv_fc_34_34,0.0,https://www.kaggle.com/competitions/fixing-the-poisoned-well/discussion/link-to-blog
prv_fc_34_35,0.0,https://www.kaggle.com/competitions/fixing-the-poisoned-well/discussion/link-to-blog
prv_fc_34_36,0.0,https://www.kaggle.com/competitions/fixing-the-poisoned-well/discussion/link-to-blog
prv_fc_34_37,0.0,https://www.kaggle.com/competitions/fixing-the-poisoned-well/discussion/link-to-blog
prv_fc_34_38,0.0,https://www.kaggle.com/competitions/fixing-the-poisoned-well/discussion/link-to-blog
prv_fc_34_39,0.0,https://www.kaggle.com/competitions/fixing-the-poisoned-well/discussion/link-to-blog
prv_fc_34_40,0.0,https://www.kaggle.com/competitions/fixing-the-poisoned-well/discussion/link-to-blog
prv_fc_34_41,0.0,https://www.kaggle.com/competitions/fixing-the-poisoned-well/discussion/link-to-blog
prv_fc_34_42,0.0,https://www.kaggle.com/competitions/fixing-the-poisoned-well/discussion/link-to-blog
prv_fc_34_43,0.0,https://www.kaggle.com/competitions/fixing-the-poisoned-well/discussion/link-to-blog
prv_fc_34_44,0.0,https://www.kaggle.com/competitions/fixing-the-poisoned-well/discussion/link-to-blog
prv_fc_34_45,0.0,https://www.kaggle.com/competitions/fixing-the-poisoned-well/discussion/link-to-blog
prv_fc_34_46,0.0,https://www.kaggle.com/competitions/fixing-the-poisoned-well/discussion/link-to-blog
prv_fc_34_47,0.0,https://www.kaggle.com/competitions/fixing-the-poisoned-well/discussion/link-to-blog
prv_fc_34_48,0.0,https://www.kaggle.com/competitions/fixing-the-poisoned-well/discussion/link-to-blog
prv_fc_34_49,0.0,https://www.kaggle.com/competitions/fixing-the-poisoned-well/discussion/link-to-blog
prv_fc_34_50,0.0,https://www.kaggle.com/competitions/fixing-the-poisoned-well/discussion/link-to-blog
prv_fc_34_51,0.0,https://www.kaggle.com/competitions/fixing-the-poisoned-well/discussion/link-to-blog
prv_fc_34_52,0.0,https://www.kaggle.com/competitions/fixing-the-poisoned-well/discussion/link-to-blog
prv_fc_34_53,0.0,https://www.kaggle.com/competitions/fixing-the-poisoned-well/discussion/link-to-blog
prv_fc_34_54,0.0,https://www.kaggle.com/competitions/fixing-the-poisoned-well/discussion/link-to-blog
prv_fc_34_55,0.0,https://www.kaggle.com/competitions/fixing-the-poisoned-well/discussion/link-to-blog
prv_fc_35_0,0.0,https://www.kaggle.com/competitions/fixing-the-poisoned-well/discussion/link-to-blog
prv_fc_35_1,0.0,https://www.kaggle.com/competitions/fixing-the-poisoned-well/discussion/link-to-blog
prv_fc_35_2,0.0,https://www.kaggle.com/competitions/fixing-the-poisoned-well/discussion/link-to-blog
prv_fc_35_3,0.0,https://www.kaggle.com/competitions/fixing-the-poisoned-well/discussion/link-to-blog
prv_fc_35_4,0.0,https://www.kaggle.com/competitions/fixing-the-poisoned-well/discussion/link-to-blog
prv_fc_35_5,0.0,https://www.kaggle.com/competitions/fixing-the-poisoned-well/discussion/link-to-blog
prv_fc_35_6,0.0,https://www.kaggle.com/competitions/fixing-the-poisoned-well/discussion/link-to-blog
prv_fc_35_7,0.0,https://www.kaggle.com/competitions/fixing-the-poisoned-well/discussion/link-to-blog
prv_fc_35_8,0.0,https://www.kaggle.com/competitions/fixing-the-poisoned-well/discussion/link-to-blog
prv_fc_35_9,0.0,https://www.kaggle.com/competitions/fixing-the-poisoned-well/discussion/link-to-blog
prv_fc_35_10,0.0,https://www.kaggle.com/competitions/fixing-the-poisoned-well/discussion/link-to-blog
prv_fc_35_11,0.0,https://www.kaggle.com/competitions/fixing-the-poisoned-well/discussion/link-to-blog
prv_fc_35_12,0.0,https://www.kaggle.com/competitions/fixing-the-poisoned-well/discussion/link-to-blog
prv_fc_35_13,0.0,https://www.kaggle.com/competitions/fixing-the-poisoned-well/discussion/link-to-blog
prv_fc_35_14,0.0,https://www.kaggle.com/competitions/fixing-the-poisoned-well/discussion/link-to-blog
prv_fc_35_15,0.0,https://www.kaggle.com/competitions/fixing-the-poisoned-well/discussion/link-to-blog
prv_fc_35_16,0.0,https://www.kaggle.com/competitions/fixing-the-poisoned-well/discussion/link-to-blog
prv_fc_35_17,0.0,https://www.kaggle.com/competitions/fixing-the-poisoned-well/discussion/link-to-blog
prv_fc_35_18,0.0,https://www.kaggle.com/competitions/fixing-the-poisoned-well/discussion/link-to-blog
prv_fc_35_19,0.0,https://www.kaggle.com/competitions/fixing-the-poisoned-well/discussion/link-to-blog
prv_fc_35_20,0.0,https://www.kaggle.com/competitions/fixing-the-poisoned-well/discussion/link-to-blog
prv_fc_35_21,0.0,https://www.kaggle.com/competitions/fixing-the-poisoned-well/discussion/link-to-blog
prv_fc_35_22,0.0,https://www.kaggle.com/competitions/fixing-the-poisoned-well/discussion/link-to-blog
prv_fc_35_23,0.0,https://www.kaggle.com/competitions/fixing-the-poisoned-well/discussion/link-to-blog
prv_fc_35_24,0.0,https://www.kaggle.com/competitions/fixing-the-poisoned-well/discussion/link-to-blog
prv_fc_35_25,0.0,https://www.kaggle.com/competitions/fixing-the-poisoned-well/discussion/link-to-blog
prv_fc_35_26,0.0,https://www.kaggle.com/competitions/fixing-the-poisoned-well/discussion/link-to-blog
prv_fc_35_27,0.0,https://www.kaggle.com/competitions/fixing-the-poisoned-well/discussion/link-to-blog
prv_fc_35_28,0.0,https://www.kaggle.com/competitions/fixing-the-poisoned-well/discussion/link-to-blog
prv_fc_35_29,0.0,https://www.kaggle.com/competitions/fixing-the-poisoned-well/discussion/link-to-blog
prv_fc_35_30,0.0,https://www.kaggle.com/competitions/fixing-the-poisoned-well/discussion/link-to-blog
prv_fc_35_31,0.0,https://www.kaggle.com/competitions/fixing-the-poisoned-well/discussion/link-to-blog
prv_fc_35_32,0.0,https://www.kaggle.com/competitions/fixing-the-poisoned-well/discussion/link-to-blog
prv_fc_35_33,0.0,https://www.kaggle.com/competitions/fixing-the-poisoned-well/discussion/link-to-blog
prv_fc_35_34,0.0,https://www.kaggle.com/competitions/fixing-the-poisoned-well/discussion/link-to-blog
prv_fc_35_35,0.0,https://www.kaggle.com/competitions/fixing-the-poisoned-well/discussion/link-to-blog
prv_fc_35_36,0.0,https://www.kaggle.com/competitions/fixing-the-poisoned-well/discussion/link-to-blog
prv_fc_35_37,0.0,https://www.kaggle.com/competitions/fixing-the-poisoned-well/discussion/link-to-blog
prv_fc_35_38,0.0,https://www.kaggle.com/competitions/fixing-the-poisoned-well/discussion/link-to-blog
prv_fc_35_39,0.0,https://www.kaggle.com/competitions/fixing-the-poisoned-well/discussion/link-to-blog
prv_fc_35_40,0.0,https://www.kaggle.com/competitions/fixing-the-poisoned-well/discussion/link-to-blog
prv_fc_35_41,0.0,https://www.kaggle.com/competitions/fixing-the-poisoned-well/discussion/link-to-blog
prv_fc_35_42,0.0,https://www.kaggle.com/competitions/fixing-the-poisoned-well/discussion/link-to-blog
prv_fc_35_43,0.0,https://www.kaggle.com/competitions/fixing-the-poisoned-well/discussion/link-to-blog
prv_fc_35_44,0.0,https://www.kaggle.com/competitions/fixing-the-poisoned-well/discussion/link-to-blog
prv_fc_35_45,0.0,https://www.kaggle.com/competitions/fixing-the-poisoned-well/discussion/link-to-blog
prv_fc_35_46,0.0,https://www.kaggle.com/competitions/fixing-the-poisoned-well/discussion/link-to-blog
prv_fc_35_47,0.0,https://www.kaggle.com/competitions/fixing-the-poisoned-well/discussion/link-to-blog
prv_fc_35_48,0.0,https://www.kaggle.com/competitions/fixing-the-poisoned-well/discussion/link-to-blog
prv_fc_35_49,0.0,https://www.kaggle.com/competitions/fixing-the-poisoned-well/discussion/link-to-blog
prv_fc_35_50,0.0,https://www.kaggle.com/competitions/fixing-the-poisoned-well/discussion/link-to-blog
prv_fc_35_51,0.0,https://www.kaggle.com/competitions/fixing-the-poisoned-well/discussion/link-to-blog
prv_fc_35_52,0.0,https://www.kaggle.com/competitions/fixing-the-poisoned-well/discussion/link-to-blog
prv_fc_35_53,0.0,https://www.kaggle.com/competitions/fixing-the-poisoned-well/discussion/link-to-blog
prv_fc_35_54,0.0,https://www.kaggle.com/competitions/fixing-the-poisoned-well/discussion/link-to-blog
prv_fc_35_55,0.0,https://www.kaggle.com/competitions/fixing-the-poisoned-well/discussion/link-to-blog
prv_fc_36_0,0.0,https://www.kaggle.com/competitions/fixing-the-poisoned-well/discussion/link-to-blog
prv_fc_36_1,0.0,https://www.kaggle.com/competitions/fixing-the-poisoned-well/discussion/link-to-blog
prv_fc_36_2,0.0,https://www.kaggle.com/competitions/fixing-the-poisoned-well/discussion/link-to-blog
prv_fc_36_3,0.0,https://www.kaggle.com/competitions/fixing-the-poisoned-well/discussion/link-to-blog
prv_fc_36_4,0.0,https://www.kaggle.com/competitions/fixing-the-poisoned-well/discussion/link-to-blog
prv_fc_36_5,0.0,https://www.kaggle.com/competitions/fixing-the-poisoned-well/discussion/link-to-blog
prv_fc_36_6,0.0,https://www.kaggle.com/competitions/fixing-the-poisoned-well/discussion/link-to-blog
prv_fc_36_7,0.0,https://www.kaggle.com/competitions/fixing-the-poisoned-well/discussion/link-to-blog
prv_fc_36_8,0.0,https://www.kaggle.com/competitions/fixing-the-poisoned-well/discussion/link-to-blog
prv_fc_36_9,0.0,https://www.kaggle.com/competitions/fixing-the-poisoned-well/discussion/link-to-blog
prv_fc_36_10,0.0,https://www.kaggle.com/competitions/fixing-the-poisoned-well/discussion/link-to-blog
prv_fc_36_11,0.0,https://www.kaggle.com/competitions/fixing-the-poisoned-well/discussion/link-to-blog
prv_fc_36_12,0.0,https://www.kaggle.com/competitions/fixing-the-poisoned-well/discussion/link-to-blog
prv_fc_36_13,0.0,https://www.kaggle.com/competitions/fixing-the-poisoned-well/discussion/link-to-blog
prv_fc_36_14,0.0,https://www.kaggle.com/competitions/fixing-the-poisoned-well/discussion/link-to-blog
prv_fc_36_15,0.0,https://www.kaggle.com/competitions/fixing-the-poisoned-well/discussion/link-to-blog
prv_fc_36_16,0.0,https://www.kaggle.com/competitions/fixing-the-poisoned-well/discussion/link-to-blog
prv_fc_36_17,0.0,https://www.kaggle.com/competitions/fixing-the-poisoned-well/discussion/link-to-blog
prv_fc_36_18,0.0,https://www.kaggle.com/competitions/fixing-the-poisoned-well/discussion/link-to-blog
prv_fc_36_19,0.0,https://www.kaggle.com/competitions/fixing-the-poisoned-well/discussion/link-to-blog
prv_fc_36_20,0.0,https://www.kaggle.com/competitions/fixing-the-poisoned-well/discussion/link-to-blog
prv_fc_36_21,0.0,https://www.kaggle.com/competitions/fixing-the-poisoned-well/discussion/link-to-blog
prv_fc_36_22,0.0,https://www.kaggle.com/competitions/fixing-the-poisoned-well/discussion/link-to-blog
prv_fc_36_23,0.0,https://www.kaggle.com/competitions/fixing-the-poisoned-well/discussion/link-to-blog
prv_fc_36_24,0.0,https://www.kaggle.com/competitions/fixing-the-poisoned-well/discussion/link-to-blog
prv_fc_36_25,0.0,https://www.kaggle.com/competitions/fixing-the-poisoned-well/discussion/link-to-blog
prv_fc_36_26,0.0,https://www.kaggle.com/competitions/fixing-the-poisoned-well/discussion/link-to-blog
prv_fc_36_27,0.0,https://www.kaggle.com/competitions/fixing-the-poisoned-well/discussion/link-to-blog
prv_fc_36_28,0.0,https://www.kaggle.com/competitions/fixing-the-poisoned-well/discussion/link-to-blog
prv_fc_36_29,0.0,https://www.kaggle.com/competitions/fixing-the-poisoned-well/discussion/link-to-blog
prv_fc_36_30,0.0,https://www.kaggle.com/competitions/fixing-the-poisoned-well/discussion/link-to-blog
prv_fc_36_31,0.0,https://www.kaggle.com/competitions/fixing-the-poisoned-well/discussion/link-to-blog
prv_fc_36_32,0.0,https://www.kaggle.com/competitions/fixing-the-poisoned-well/discussion/link-to-blog
prv_fc_36_33,0.0,https://www.kaggle.com/competitions/fixing-the-poisoned-well/discussion/link-to-blog
prv_fc_36_34,0.0,https://www.kaggle.com/competitions/fixing-the-poisoned-well/discussion/link-to-blog
prv_fc_36_35,0.0,https://www.kaggle.com/competitions/fixing-the-poisoned-well/discussion/link-to-blog
prv_fc_36_36,0.0,https://www.kaggle.com/competitions/fixing-the-poisoned-well/discussion/link-to-blog
prv_fc_36_37,0.0,https://www.kaggle.com/competitions/fixing-the-poisoned-well/discussion/link-to-blog
prv_fc_36_38,0.0,https://www.kaggle.com/competitions/fixing-the-poisoned-well/discussion/link-to-blog
prv_fc_36_39,0.0,https://www.kaggle.com/competitions/fixing-the-poisoned-well/discussion/link-to-blog
prv_fc_36_40,0.0,https://www.kaggle.com/competitions/fixing-the-poisoned-well/discussion/link-to-blog
prv_fc_36_41,0.0,https://www.kaggle.com/competitions/fixing-the-poisoned-well/discussion/link-to-blog
prv_fc_36_42,0.0,https://www.kaggle.com/competitions/fixing-the-poisoned-well/discussion/link-to-blog
prv_fc_36_43,0.0,https://www.kaggle.com/competitions/fixing-the-poisoned-well/discussion/link-to-blog
prv_fc_36_44,0.0,https://www.kaggle.com/competitions/fixing-the-poisoned-well/discussion/link-to-blog
prv_fc_36_45,0.0,https://www.kaggle.com/competitions/fixing-the-poisoned-well/discussion/link-to-blog
prv_fc_36_46,0.0,https://www.kaggle.com/competitions/fixing-the-poisoned-well/discussion/link-to-blog
prv_fc_36_47,0.0,https://www.kaggle.com/competitions/fixing-the-poisoned-well/discussion/link-to-blog
prv_fc_36_48,0.0,https://www.kaggle.com/competitions/fixing-the-poisoned-well/discussion/link-to-blog
prv_fc_36_49,0.0,https://www.kaggle.com/competitions/fixing-the-poisoned-well/discussion/link-to-blog
prv_fc_36_50,0.0,https://www.kaggle.com/competitions/fixing-the-poisoned-well/discussion/link-to-blog
prv_fc_36_51,0.0,https://www.kaggle.com/competitions/fixing-the-poisoned-well/discussion/link-to-blog
prv_fc_36_52,0.0,https://www.kaggle.com/competitions/fixing-the-poisoned-well/discussion/link-to-blog
prv_fc_36_53,0.0,https://www.kaggle.com/competitions/fixing-the-poisoned-well/discussion/link-to-blog
prv_fc_36_54,0.0,https://www.kaggle.com/competitions/fixing-the-poisoned-well/discussion/link-to-blog
prv_fc_36_55,0.0,https://www.kaggle.com/competitions/fixing-the-poisoned-well/discussion/link-to-blog
prv_fc_37_0,0.0,https://www.kaggle.com/competitions/fixing-the-poisoned-well/discussion/link-to-blog
prv_fc_37_1,0.0,https://www.kaggle.com/competitions/fixing-the-poisoned-well/discussion/link-to-blog
prv_fc_37_2,0.0,https://www.kaggle.com/competitions/fixing-the-poisoned-well/discussion/link-to-blog
prv_fc_37_3,0.0,https://www.kaggle.com/competitions/fixing-the-poisoned-well/discussion/link-to-blog
prv_fc_37_4,0.0,https://www.kaggle.com/competitions/fixing-the-poisoned-well/discussion/link-to-blog
prv_fc_37_5,0.0,https://www.kaggle.com/competitions/fixing-the-poisoned-well/discussion/link-to-blog
prv_fc_37_6,0.0,https://www.kaggle.com/competitions/fixing-the-poisoned-well/discussion/link-to-blog
prv_fc_37_7,0.0,https://www.kaggle.com/competitions/fixing-the-poisoned-well/discussion/link-to-blog
prv_fc_37_8,0.0,https://www.kaggle.com/competitions/fixing-the-poisoned-well/discussion/link-to-blog
prv_fc_37_9,0.0,https://www.kaggle.com/competitions/fixing-the-poisoned-well/discussion/link-to-blog
prv_fc_37_10,0.0,https://www.kaggle.com/competitions/fixing-the-poisoned-well/discussion/link-to-blog
prv_fc_37_11,0.0,https://www.kaggle.com/competitions/fixing-the-poisoned-well/discussion/link-to-blog
prv_fc_37_12,0.0,https://www.kaggle.com/competitions/fixing-the-poisoned-well/discussion/link-to-blog
prv_fc_37_13,0.0,https://www.kaggle.com/competitions/fixing-the-poisoned-well/discussion/link-to-blog
prv_fc_37_14,0.0,https://www.kaggle.com/competitions/fixing-the-poisoned-well/discussion/link-to-blog
prv_fc_37_15,0.0,https://www.kaggle.com/competitions/fixing-the-poisoned-well/discussion/link-to-blog
prv_fc_37_16,0.0,https://www.kaggle.com/competitions/fixing-the-poisoned-well/discussion/link-to-blog
prv_fc_37_17,0.0,https://www.kaggle.com/competitions/fixing-the-poisoned-well/discussion/link-to-blog
prv_fc_37_18,0.0,https://www.kaggle.com/competitions/fixing-the-poisoned-well/discussion/link-to-blog
prv_fc_37_19,0.0,https://www.kaggle.com/competitions/fixing-the-poisoned-well/discussion/link-to-blog
prv_fc_37_20,0.0,https://www.kaggle.com/competitions/fixing-the-poisoned-well/discussion/link-to-blog
prv_fc_37_21,0.0,https://www.kaggle.com/competitions/fixing-the-poisoned-well/discussion/link-to-blog
prv_fc_37_22,0.0,https://www.kaggle.com/competitions/fixing-the-poisoned-well/discussion/link-to-blog
prv_fc_37_23,0.0,https://www.kaggle.com/competitions/fixing-the-poisoned-well/discussion/link-to-blog
prv_fc_37_24,0.0,https://www.kaggle.com/competitions/fixing-the-poisoned-well/discussion/link-to-blog
prv_fc_37_25,0.0,https://www.kaggle.com/competitions/fixing-the-poisoned-well/discussion/link-to-blog
prv_fc_37_26,0.0,https://www.kaggle.com/competitions/fixing-the-poisoned-well/discussion/link-to-blog
prv_fc_37_27,0.0,https://www.kaggle.com/competitions/fixing-the-poisoned-well/discussion/link-to-blog
prv_fc_37_28,0.0,https://www.kaggle.com/competitions/fixing-the-poisoned-well/discussion/link-to-blog
prv_fc_37_29,0.0,https://www.kaggle.com/competitions/fixing-the-poisoned-well/discussion/link-to-blog
prv_fc_37_30,0.0,https://www.kaggle.com/competitions/fixing-the-poisoned-well/discussion/link-to-blog
prv_fc_37_31,0.0,https://www.kaggle.com/competitions/fixing-the-poisoned-well/discussion/link-to-blog
prv_fc_37_32,0.0,https://www.kaggle.com/competitions/fixing-the-poisoned-well/discussion/link-to-blog
prv_fc_37_33,0.0,https://www.kaggle.com/competitions/fixing-the-poisoned-well/discussion/link-to-blog
prv_fc_37_34,0.0,https://www.kaggle.com/competitions/fixing-the-poisoned-well/discussion/link-to-blog
prv_fc_37_35,0.0,https://www.kaggle.com/competitions/fixing-the-poisoned-well/discussion/link-to-blog
prv_fc_37_36,0.0,https://www.kaggle.com/competitions/fixing-the-poisoned-well/discussion/link-to-blog
prv_fc_37_37,0.0,https://www.kaggle.com/competitions/fixing-the-poisoned-well/discussion/link-to-blog
prv_fc_37_38,0.0,https://www.kaggle.com/competitions/fixing-the-poisoned-well/discussion/link-to-blog
prv_fc_37_39,0.0,https://www.kaggle.com/competitions/fixing-the-poisoned-well/discussion/link-to-blog
prv_fc_37_40,0.0,https://www.kaggle.com/competitions/fixing-the-poisoned-well/discussion/link-to-blog
prv_fc_37_41,0.0,https://www.kaggle.com/competitions/fixing-the-poisoned-well/discussion/link-to-blog
prv_fc_37_42,0.0,https://www.kaggle.com/competitions/fixing-the-poisoned-well/discussion/link-to-blog
prv_fc_37_43,0.0,https://www.kaggle.com/competitions/fixing-the-poisoned-well/discussion/link-to-blog
prv_fc_37_44,0.0,https://www.kaggle.com/competitions/fixing-the-poisoned-well/discussion/link-to-blog
prv_fc_37_45,0.0,https://www.kaggle.com/competitions/fixing-the-poisoned-well/discussion/link-to-blog
prv_fc_37_46,0.0,https://www.kaggle.com/competitions/fixing-the-poisoned-well/discussion/link-to-blog
prv_fc_37_47,0.0,https://www.kaggle.com/competitions/fixing-the-poisoned-well/discussion/link-to-blog
prv_fc_37_48,0.0,https://www.kaggle.com/competitions/fixing-the-poisoned-well/discussion/link-to-blog
prv_fc_37_49,0.0,https://www.kaggle.com/competitions/fixing-the-poisoned-well/discussion/link-to-blog
prv_fc_37_50,0.0,https://www.kaggle.com/competitions/fixing-the-poisoned-well/discussion/link-to-blog
prv_fc_37_51,0.0,https://www.kaggle.com/competitions/fixing-the-poisoned-well/discussion/link-to-blog
prv_fc_37_52,0.0,https://www.kaggle.com/competitions/fixing-the-poisoned-well/discussion/link-to-blog
prv_fc_37_53,0.0,https://www.kaggle.com/competitions/fixing-the-poisoned-well/discussion/link-to-blog
prv_fc_37_54,0.0,https://www.kaggle.com/competitions/fixing-the-poisoned-well/discussion/link-to-blog
prv_fc_37_55,0.0,https://www.kaggle.com/competitions/fixing-the-poisoned-well/discussion/link-to-blog
prv_fc_38_0,0.0,https://www.kaggle.com/competitions/fixing-the-poisoned-well/discussion/link-to-blog
prv_fc_38_1,0.0,https://www.kaggle.com/competitions/fixing-the-poisoned-well/discussion/link-to-blog
prv_fc_38_2,0.0,https://www.kaggle.com/competitions/fixing-the-poisoned-well/discussion/link-to-blog
prv_fc_38_3,0.0,https://www.kaggle.com/competitions/fixing-the-poisoned-well/discussion/link-to-blog
prv_fc_38_4,0.0,https://www.kaggle.com/competitions/fixing-the-poisoned-well/discussion/link-to-blog
prv_fc_38_5,0.0,https://www.kaggle.com/competitions/fixing-the-poisoned-well/discussion/link-to-blog
prv_fc_38_6,0.0,https://www.kaggle.com/competitions/fixing-the-poisoned-well/discussion/link-to-blog
prv_fc_38_7,0.0,https://www.kaggle.com/competitions/fixing-the-poisoned-well/discussion/link-to-blog
prv_fc_38_8,0.0,https://www.kaggle.com/competitions/fixing-the-poisoned-well/discussion/link-to-blog
prv_fc_38_9,0.0,https://www.kaggle.com/competitions/fixing-the-poisoned-well/discussion/link-to-blog
prv_fc_38_10,0.0,https://www.kaggle.com/competitions/fixing-the-poisoned-well/discussion/link-to-blog
prv_fc_38_11,0.0,https://www.kaggle.com/competitions/fixing-the-poisoned-well/discussion/link-to-blog
prv_fc_38_12,0.0,https://www.kaggle.com/competitions/fixing-the-poisoned-well/discussion/link-to-blog
prv_fc_38_13,0.0,https://www.kaggle.com/competitions/fixing-the-poisoned-well/discussion/link-to-blog
prv_fc_38_14,0.0,https://www.kaggle.com/competitions/fixing-the-poisoned-well/discussion/link-to-blog
prv_fc_38_15,0.0,https://www.kaggle.com/competitions/fixing-the-poisoned-well/discussion/link-to-blog
prv_fc_38_16,0.0,https://www.kaggle.com/competitions/fixing-the-poisoned-well/discussion/link-to-blog
prv_fc_38_17,0.0,https://www.kaggle.com/competitions/fixing-the-poisoned-well/discussion/link-to-blog
prv_fc_38_18,0.0,https://www.kaggle.com/competitions/fixing-the-poisoned-well/discussion/link-to-blog
prv_fc_38_19,0.0,https://www.kaggle.com/competitions/fixing-the-poisoned-well/discussion/link-to-blog
prv_fc_38_20,0.0,https://www.kaggle.com/competitions/fixing-the-poisoned-well/discussion/link-to-blog
prv_fc_38_21,0.0,https://www.kaggle.com/competitions/fixing-the-poisoned-well/discussion/link-to-blog
prv_fc_38_22,0.0,https://www.kaggle.com/competitions/fixing-the-poisoned-well/discussion/link-to-blog
prv_fc_38_23,0.0,https://www.kaggle.com/competitions/fixing-the-poisoned-well/discussion/link-to-blog
prv_fc_38_24,0.0,https://www.kaggle.com/competitions/fixing-the-poisoned-well/discussion/link-to-blog
prv_fc_38_25,0.0,https://www.kaggle.com/competitions/fixing-the-poisoned-well/discussion/link-to-blog
prv_fc_38_26,0.0,https://www.kaggle.com/competitions/fixing-the-poisoned-well/discussion/link-to-blog
prv_fc_38_27,0.0,https://www.kaggle.com/competitions/fixing-the-poisoned-well/discussion/link-to-blog
prv_fc_38_28,0.0,https://www.kaggle.com/competitions/fixing-the-poisoned-well/discussion/link-to-blog
prv_fc_38_29,0.0,https://www.kaggle.com/competitions/fixing-the-poisoned-well/discussion/link-to-blog
prv_fc_38_30,0.0,https://www.kaggle.com/competitions/fixing-the-poisoned-well/discussion/link-to-blog
prv_fc_38_31,0.0,https://www.kaggle.com/competitions/fixing-the-poisoned-well/discussion/link-to-blog
prv_fc_38_32,0.0,https://www.kaggle.com/competitions/fixing-the-poisoned-well/discussion/link-to-blog
prv_fc_38_33,0.0,https://www.kaggle.com/competitions/fixing-the-poisoned-well/discussion/link-to-blog
prv_fc_38_34,0.0,https://www.kaggle.com/competitions/fixing-the-poisoned-well/discussion/link-to-blog
prv_fc_38_35,0.0,https://www.kaggle.com/competitions/fixing-the-poisoned-well/discussion/link-to-blog
prv_fc_38_36,0.0,https://www.kaggle.com/competitions/fixing-the-poisoned-well/discussion/link-to-blog
prv_fc_38_37,0.0,https://www.kaggle.com/competitions/fixing-the-poisoned-well/discussion/link-to-blog
prv_fc_38_38,0.0,https://www.kaggle.com/competitions/fixing-the-poisoned-well/discussion/link-to-blog
prv_fc_38_39,0.0,https://www.kaggle.com/competitions/fixing-the-poisoned-well/discussion/link-to-blog
prv_fc_38_40,0.0,https://www.kaggle.com/competitions/fixing-the-poisoned-well/discussion/link-to-blog
prv_fc_38_41,0.0,https://www.kaggle.com/competitions/fixing-the-poisoned-well/discussion/link-to-blog
prv_fc_38_42,0.0,https://www.kaggle.com/competitions/fixing-the-poisoned-well/discussion/link-to-blog
prv_fc_38_43,0.0,https://www.kaggle.com/competitions/fixing-the-poisoned-well/discussion/link-to-blog
prv_fc_38_44,0.0,https://www.kaggle.com/competitions/fixing-the-poisoned-well/discussion/link-to-blog
prv_fc_38_45,0.0,https://www.kaggle.com/competitions/fixing-the-poisoned-well/discussion/link-to-blog
prv_fc_38_46,0.0,https://www.kaggle.com/competitions/fixing-the-poisoned-well/discussion/link-to-blog
prv_fc_38_47,0.0,https://www.kaggle.com/competitions/fixing-the-poisoned-well/discussion/link-to-blog
prv_fc_38_48,0.0,https://www.kaggle.com/competitions/fixing-the-poisoned-well/discussion/link-to-blog
prv_fc_38_49,0.0,https://www.kaggle.com/competitions/fixing-the-poisoned-well/discussion/link-to-blog
prv_fc_38_50,0.0,https://www.kaggle.com/competitions/fixing-the-poisoned-well/discussion/link-to-blog
prv_fc_38_51,0.0,https://www.kaggle.com/competitions/fixing-the-poisoned-well/discussion/link-to-blog
prv_fc_38_52,0.0,https://www.kaggle.com/competitions/fixing-the-poisoned-well/discussion/link-to-blog
prv_fc_38_53,0.0,https://www.kaggle.com/competitions/fixing-the-poisoned-well/discussion/link-to-blog
prv_fc_38_54,0.0,https://www.kaggle.com/competitions/fixing-the-poisoned-well/discussion/link-to-blog
prv_fc_38_55,0.0,https://www.kaggle.com/competitions/fixing-the-poisoned-well/discussion/link-to-blog
prv_fc_39_0,0.0,https://www.kaggle.com/competitions/fixing-the-poisoned-well/discussion/link-to-blog
prv_fc_39_1,0.0,https://www.kaggle.com/competitions/fixing-the-poisoned-well/discussion/link-to-blog
prv_fc_39_2,0.0,https://www.kaggle.com/competitions/fixing-the-poisoned-well/discussion/link-to-blog
prv_fc_39_3,0.0,https://www.kaggle.com/competitions/fixing-the-poisoned-well/discussion/link-to-blog
prv_fc_39_4,0.0,https://www.kaggle.com/competitions/fixing-the-poisoned-well/discussion/link-to-blog
prv_fc_39_5,0.0,https://www.kaggle.com/competitions/fixing-the-poisoned-well/discussion/link-to-blog
prv_fc_39_6,0.0,https://www.kaggle.com/competitions/fixing-the-poisoned-well/discussion/link-to-blog
prv_fc_39_7,0.0,https://www.kaggle.com/competitions/fixing-the-poisoned-well/discussion/link-to-blog
prv_fc_39_8,0.0,https://www.kaggle.com/competitions/fixing-the-poisoned-well/discussion/link-to-blog
prv_fc_39_9,0.0,https://www.kaggle.com/competitions/fixing-the-poisoned-well/discussion/link-to-blog
prv_fc_39_10,0.0,https://www.kaggle.com/competitions/fixing-the-poisoned-well/discussion/link-to-blog
prv_fc_39_11,0.0,https://www.kaggle.com/competitions/fixing-the-poisoned-well/discussion/link-to-blog
prv_fc_39_12,0.0,https://www.kaggle.com/competitions/fixing-the-poisoned-well/discussion/link-to-blog
prv_fc_39_13,0.0,https://www.kaggle.com/competitions/fixing-the-poisoned-well/discussion/link-to-blog
prv_fc_39_14,0.0,https://www.kaggle.com/competitions/fixing-the-poisoned-well/discussion/link-to-blog
prv_fc_39_15,0.0,https://www.kaggle.com/competitions/fixing-the-poisoned-well/discussion/link-to-blog
prv_fc_39_16,0.0,https://www.kaggle.com/competitions/fixing-the-poisoned-well/discussion/link-to-blog
prv_fc_39_17,0.0,https://www.kaggle.com/competitions/fixing-the-poisoned-well/discussion/link-to-blog
prv_fc_39_18,0.0,https://www.kaggle.com/competitions/fixing-the-poisoned-well/discussion/link-to-blog
prv_fc_39_19,0.0,https://www.kaggle.com/competitions/fixing-the-poisoned-well/discussion/link-to-blog
prv_fc_39_20,0.0,https://www.kaggle.com/competitions/fixing-the-poisoned-well/discussion/link-to-blog
prv_fc_39_21,0.0,https://www.kaggle.com/competitions/fixing-the-poisoned-well/discussion/link-to-blog
prv_fc_39_22,0.0,https://www.kaggle.com/competitions/fixing-the-poisoned-well/discussion/link-to-blog
prv_fc_39_23,0.0,https://www.kaggle.com/competitions/fixing-the-poisoned-well/discussion/link-to-blog
prv_fc_39_24,0.0,https://www.kaggle.com/competitions/fixing-the-poisoned-well/discussion/link-to-blog
prv_fc_39_25,0.0,https://www.kaggle.com/competitions/fixing-the-poisoned-well/discussion/link-to-blog
prv_fc_39_26,0.0,https://www.kaggle.com/competitions/fixing-the-poisoned-well/discussion/link-to-blog
prv_fc_39_27,0.0,https://www.kaggle.com/competitions/fixing-the-poisoned-well/discussion/link-to-blog
prv_fc_39_28,0.0,https://www.kaggle.com/competitions/fixing-the-poisoned-well/discussion/link-to-blog
prv_fc_39_29,0.0,https://www.kaggle.com/competitions/fixing-the-poisoned-well/discussion/link-to-blog
prv_fc_39_30,0.0,https://www.kaggle.com/competitions/fixing-the-poisoned-well/discussion/link-to-blog
prv_fc_39_31,0.0,https://www.kaggle.com/competitions/fixing-the-poisoned-well/discussion/link-to-blog
prv_fc_39_32,0.0,https://www.kaggle.com/competitions/fixing-the-poisoned-well/discussion/link-to-blog
prv_fc_39_33,0.0,https://www.kaggle.com/competitions/fixing-the-poisoned-well/discussion/link-to-blog
prv_fc_39_34,0.0,https://www.kaggle.com/competitions/fixing-the-poisoned-well/discussion/link-to-blog
prv_fc_39_35,0.0,https://www.kaggle.com/competitions/fixing-the-poisoned-well/discussion/link-to-blog
prv_fc_39_36,0.0,https://www.kaggle.com/competitions/fixing-the-poisoned-well/discussion/link-to-blog
prv_fc_39_37,0.0,https://www.kaggle.com/competitions/fixing-the-poisoned-well/discussion/link-to-blog
prv_fc_39_38,0.0,https://www.kaggle.com/competitions/fixing-the-poisoned-well/discussion/link-to-blog
prv_fc_39_39,0.0,https://www.kaggle.com/competitions/fixing-the-poisoned-well/discussion/link-to-blog
prv_fc_39_40,0.0,https://www.kaggle.com/competitions/fixing-the-poisoned-well/discussion/link-to-blog
prv_fc_39_41,0.0,https://www.kaggle.com/competitions/fixing-the-poisoned-well/discussion/link-to-blog
prv_fc_39_42,0.0,https://www.kaggle.com/competitions/fixing-the-poisoned-well/discussion/link-to-blog
prv_fc_39_43,0.0,https://www.kaggle.com/competitions/fixing-the-poisoned-well/discussion/link-to-blog
prv_fc_39_44,0.0,https://www.kaggle.com/competitions/fixing-the-poisoned-well/discussion/link-to-blog
prv_fc_39_45,0.0,https://www.kaggle.com/competitions/fixing-the-poisoned-well/discussion/link-to-blog
prv_fc_39_46,0.0,https://www.kaggle.com/competitions/fixing-the-poisoned-well/discussion/link-to-blog
prv_fc_39_47,0.0,https://www.kaggle.com/competitions/fixing-the-poisoned-well/discussion/link-to-blog
prv_fc_39_48,0.0,https://www.kaggle.com/competitions/fixing-the-poisoned-well/discussion/link-to-blog
prv_fc_39_49,0.0,https://www.kaggle.com/competitions/fixing-the-poisoned-well/discussion/link-to-blog
prv_fc_39_50,0.0,https://www.kaggle.com/competitions/fixing-the-poisoned-well/discussion/link-to-blog
prv_fc_39_51,0.0,https://www.kaggle.com/competitions/fixing-the-poisoned-well/discussion/link-to-blog
prv_fc_39_52,0.0,https://www.kaggle.com/competitions/fixing-the-poisoned-well/discussion/link-to-blog
prv_fc_39_53,0.0,https://www.kaggle.com/competitions/fixing-the-poisoned-well/discussion/link-to-blog
prv_fc_39_54,0.0,https://www.kaggle.com/competitions/fixing-the-poisoned-well/discussion/link-to-blog
prv_fc_39_55,0.0,https://www.kaggle.com/competitions/fixing-the-poisoned-well/discussion/link-to-blog
prv_fc_40_0,0.0,https://www.kaggle.com/competitions/fixing-the-poisoned-well/discussion/link-to-blog
prv_fc_40_1,0.0,https://www.kaggle.com/competitions/fixing-the-poisoned-well/discussion/link-to-blog
prv_fc_40_2,0.0,https://www.kaggle.com/competitions/fixing-the-poisoned-well/discussion/link-to-blog
prv_fc_40_3,0.0,https://www.kaggle.com/competitions/fixing-the-poisoned-well/discussion/link-to-blog
prv_fc_40_4,0.0,https://www.kaggle.com/competitions/fixing-the-poisoned-well/discussion/link-to-blog
prv_fc_40_5,0.0,https://www.kaggle.com/competitions/fixing-the-poisoned-well/discussion/link-to-blog
prv_fc_40_6,0.0,https://www.kaggle.com/competitions/fixing-the-poisoned-well/discussion/link-to-blog
prv_fc_40_7,0.0,https://www.kaggle.com/competitions/fixing-the-poisoned-well/discussion/link-to-blog
prv_fc_40_8,0.0,https://www.kaggle.com/competitions/fixing-the-poisoned-well/discussion/link-to-blog
prv_fc_40_9,0.0,https://www.kaggle.com/competitions/fixing-the-poisoned-well/discussion/link-to-blog
prv_fc_40_10,0.0,https://www.kaggle.com/competitions/fixing-the-poisoned-well/discussion/link-to-blog
prv_fc_40_11,0.0,https://www.kaggle.com/competitions/fixing-the-poisoned-well/discussion/link-to-blog
prv_fc_40_12,0.0,https://www.kaggle.com/competitions/fixing-the-poisoned-well/discussion/link-to-blog
prv_fc_40_13,0.0,https://www.kaggle.com/competitions/fixing-the-poisoned-well/discussion/link-to-blog
prv_fc_40_14,0.0,https://www.kaggle.com/competitions/fixing-the-poisoned-well/discussion/link-to-blog
prv_fc_40_15,0.0,https://www.kaggle.com/competitions/fixing-the-poisoned-well/discussion/link-to-blog
prv_fc_40_16,0.0,https://www.kaggle.com/competitions/fixing-the-poisoned-well/discussion/link-to-blog
prv_fc_40_17,0.0,https://www.kaggle.com/competitions/fixing-the-poisoned-well/discussion/link-to-blog
prv_fc_40_18,0.0,https://www.kaggle.com/competitions/fixing-the-poisoned-well/discussion/link-to-blog
prv_fc_40_19,0.0,https://www.kaggle.com/competitions/fixing-the-poisoned-well/discussion/link-to-blog
prv_fc_40_20,0.0,https://www.kaggle.com/competitions/fixing-the-poisoned-well/discussion/link-to-blog
prv_fc_40_21,0.0,https://www.kaggle.com/competitions/fixing-the-poisoned-well/discussion/link-to-blog
prv_fc_40_22,0.0,https://www.kaggle.com/competitions/fixing-the-poisoned-well/discussion/link-to-blog
prv_fc_40_23,0.0,https://www.kaggle.com/competitions/fixing-the-poisoned-well/discussion/link-to-blog
prv_fc_40_24,0.0,https://www.kaggle.com/competitions/fixing-the-poisoned-well/discussion/link-to-blog
prv_fc_40_25,0.0,https://www.kaggle.com/competitions/fixing-the-poisoned-well/discussion/link-to-blog
prv_fc_40_26,0.0,https://www.kaggle.com/competitions/fixing-the-poisoned-well/discussion/link-to-blog
prv_fc_40_27,0.0,https://www.kaggle.com/competitions/fixing-the-poisoned-well/discussion/link-to-blog
prv_fc_40_28,0.0,https://www.kaggle.com/competitions/fixing-the-poisoned-well/discussion/link-to-blog
prv_fc_40_29,0.0,https://www.kaggle.com/competitions/fixing-the-poisoned-well/discussion/link-to-blog
prv_fc_40_30,0.0,https://www.kaggle.com/competitions/fixing-the-poisoned-well/discussion/link-to-blog
prv_fc_40_31,0.0,https://www.kaggle.com/competitions/fixing-the-poisoned-well/discussion/link-to-blog
prv_fc_40_32,0.0,https://www.kaggle.com/competitions/fixing-the-poisoned-well/discussion/link-to-blog
prv_fc_40_33,0.0,https://www.kaggle.com/competitions/fixing-the-poisoned-well/discussion/link-to-blog
prv_fc_40_34,0.0,https://www.kaggle.com/competitions/fixing-the-poisoned-well/discussion/link-to-blog
prv_fc_40_35,0.0,https://www.kaggle.com/competitions/fixing-the-poisoned-well/discussion/link-to-blog
prv_fc_40_36,0.0,https://www.kaggle.com/competitions/fixing-the-poisoned-well/discussion/link-to-blog
prv_fc_40_37,0.0,https://www.kaggle.com/competitions/fixing-the-poisoned-well/discussion/link-to-blog
prv_fc_40_38,0.0,https://www.kaggle.com/competitions/fixing-the-poisoned-well/discussion/link-to-blog
prv_fc_40_39,0.0,https://www.kaggle.com/competitions/fixing-the-poisoned-well/discussion/link-to-blog
prv_fc_40_40,0.0,https://www.kaggle.com/competitions/fixing-the-poisoned-well/discussion/link-to-blog
prv_fc_40_41,0.0,https://www.kaggle.com/competitions/fixing-the-poisoned-well/discussion/link-to-blog
prv_fc_40_42,0.0,https://www.kaggle.com/competitions/fixing-the-poisoned-well/discussion/link-to-blog
prv_fc_40_43,0.0,https://www.kaggle.com/competitions/fixing-the-poisoned-well/discussion/link-to-blog
prv_fc_40_44,0.0,https://www.kaggle.com/competitions/fixing-the-poisoned-well/discussion/link-to-blog
prv_fc_40_45,0.0,https://www.kaggle.com/competitions/fixing-the-poisoned-well/discussion/link-to-blog
prv_fc_40_46,0.0,https://www.kaggle.com/competitions/fixing-the-poisoned-well/discussion/link-to-blog
prv_fc_40_47,0.0,https://www.kaggle.com/competitions/fixing-the-poisoned-well/discussion/link-to-blog
prv_fc_40_48,0.0,https://www.kaggle.com/competitions/fixing-the-poisoned-well/discussion/link-to-blog
prv_fc_40_49,0.0,https://www.kaggle.com/competitions/fixing-the-poisoned-well/discussion/link-to-blog
prv_fc_40_50,0.0,https://www.kaggle.com/competitions/fixing-the-poisoned-well/discussion/link-to-blog
prv_fc_40_51,0.0,https://www.kaggle.com/competitions/fixing-the-poisoned-well/discussion/link-to-blog
prv_fc_40_52,0.0,https://www.kaggle.com/competitions/fixing-the-poisoned-well/discussion/link-to-blog
prv_fc_40_53,0.0,https://www.kaggle.com/competitions/fixing-the-poisoned-well/discussion/link-to-blog
prv_fc_40_54,0.0,https://www.kaggle.com/competitions/fixing-the-poisoned-well/discussion/link-to-blog
prv_fc_40_55,0.0,https://www.kaggle.com/competitions/fixing-the-poisoned-well/discussion/link-to-blog
prv_fc_41_0,0.0,https://www.kaggle.com/competitions/fixing-the-poisoned-well/discussion/link-to-blog
prv_fc_41_1,0.0,https://www.kaggle.com/competitions/fixing-the-poisoned-well/discussion/link-to-blog
prv_fc_41_2,0.0,https://www.kaggle.com/competitions/fixing-the-poisoned-well/discussion/link-to-blog
prv_fc_41_3,0.0,https://www.kaggle.com/competitions/fixing-the-poisoned-well/discussion/link-to-blog
prv_fc_41_4,0.0,https://www.kaggle.com/competitions/fixing-the-poisoned-well/discussion/link-to-blog
prv_fc_41_5,0.0,https://www.kaggle.com/competitions/fixing-the-poisoned-well/discussion/link-to-blog
prv_fc_41_6,0.0,https://www.kaggle.com/competitions/fixing-the-poisoned-well/discussion/link-to-blog
prv_fc_41_7,0.0,https://www.kaggle.com/competitions/fixing-the-poisoned-well/discussion/link-to-blog
prv_fc_41_8,0.0,https://www.kaggle.com/competitions/fixing-the-poisoned-well/discussion/link-to-blog
prv_fc_41_9,0.0,https://www.kaggle.com/competitions/fixing-the-poisoned-well/discussion/link-to-blog
prv_fc_41_10,0.0,https://www.kaggle.com/competitions/fixing-the-poisoned-well/discussion/link-to-blog
prv_fc_41_11,0.0,https://www.kaggle.com/competitions/fixing-the-poisoned-well/discussion/link-to-blog
prv_fc_41_12,0.0,https://www.kaggle.com/competitions/fixing-the-poisoned-well/discussion/link-to-blog
prv_fc_41_13,0.0,https://www.kaggle.com/competitions/fixing-the-poisoned-well/discussion/link-to-blog
prv_fc_41_14,0.0,https://www.kaggle.com/competitions/fixing-the-poisoned-well/discussion/link-to-blog
prv_fc_41_15,0.0,https://www.kaggle.com/competitions/fixing-the-poisoned-well/discussion/link-to-blog
prv_fc_41_16,0.0,https://www.kaggle.com/competitions/fixing-the-poisoned-well/discussion/link-to-blog
prv_fc_41_17,0.0,https://www.kaggle.com/competitions/fixing-the-poisoned-well/discussion/link-to-blog
prv_fc_41_18,0.0,https://www.kaggle.com/competitions/fixing-the-poisoned-well/discussion/link-to-blog
prv_fc_41_19,0.0,https://www.kaggle.com/competitions/fixing-the-poisoned-well/discussion/link-to-blog
prv_fc_41_20,0.0,https://www.kaggle.com/competitions/fixing-the-poisoned-well/discussion/link-to-blog
prv_fc_41_21,0.0,https://www.kaggle.com/competitions/fixing-the-poisoned-well/discussion/link-to-blog
prv_fc_41_22,0.0,https://www.kaggle.com/competitions/fixing-the-poisoned-well/discussion/link-to-blog
prv_fc_41_23,0.0,https://www.kaggle.com/competitions/fixing-the-poisoned-well/discussion/link-to-blog
prv_fc_41_24,0.0,https://www.kaggle.com/competitions/fixing-the-poisoned-well/discussion/link-to-blog
prv_fc_41_25,0.0,https://www.kaggle.com/competitions/fixing-the-poisoned-well/discussion/link-to-blog
prv_fc_41_26,0.0,https://www.kaggle.com/competitions/fixing-the-poisoned-well/discussion/link-to-blog
prv_fc_41_27,0.0,https://www.kaggle.com/competitions/fixing-the-poisoned-well/discussion/link-to-blog
prv_fc_41_28,0.0,https://www.kaggle.com/competitions/fixing-the-poisoned-well/discussion/link-to-blog
prv_fc_41_29,0.0,https://www.kaggle.com/competitions/fixing-the-poisoned-well/discussion/link-to-blog
prv_fc_41_30,0.0,https://www.kaggle.com/competitions/fixing-the-poisoned-well/discussion/link-to-blog
prv_fc_41_31,0.0,https://www.kaggle.com/competitions/fixing-the-poisoned-well/discussion/link-to-blog
prv_fc_41_32,0.0,https://www.kaggle.com/competitions/fixing-the-poisoned-well/discussion/link-to-blog
prv_fc_41_33,0.0,https://www.kaggle.com/competitions/fixing-the-poisoned-well/discussion/link-to-blog
prv_fc_41_34,0.0,https://www.kaggle.com/competitions/fixing-the-poisoned-well/discussion/link-to-blog
prv_fc_41_35,0.0,https://www.kaggle.com/competitions/fixing-the-poisoned-well/discussion/link-to-blog
prv_fc_41_36,0.0,https://www.kaggle.com/competitions/fixing-the-poisoned-well/discussion/link-to-blog
prv_fc_41_37,0.0,https://www.kaggle.com/competitions/fixing-the-poisoned-well/discussion/link-to-blog
prv_fc_41_38,0.0,https://www.kaggle.com/competitions/fixing-the-poisoned-well/discussion/link-to-blog
prv_fc_41_39,0.0,https://www.kaggle.com/competitions/fixing-the-poisoned-well/discussion/link-to-blog
prv_fc_41_40,0.0,https://www.kaggle.com/competitions/fixing-the-poisoned-well/discussion/link-to-blog
prv_fc_41_41,0.0,https://www.kaggle.com/competitions/fixing-the-poisoned-well/discussion/link-to-blog
prv_fc_41_42,0.0,https://www.kaggle.com/competitions/fixing-the-poisoned-well/discussion/link-to-blog
prv_fc_41_43,0.0,https://www.kaggle.com/competitions/fixing-the-poisoned-well/discussion/link-to-blog
prv_fc_41_44,0.0,https://www.kaggle.com/competitions/fixing-the-poisoned-well/discussion/link-to-blog
prv_fc_41_45,0.0,https://www.kaggle.com/competitions/fixing-the-poisoned-well/discussion/link-to-blog
prv_fc_41_46,0.0,https://www.kaggle.com/competitions/fixing-the-poisoned-well/discussion/link-to-blog
prv_fc_41_47,0.0,https://www.kaggle.com/competitions/fixing-the-poisoned-well/discussion/link-to-blog
prv_fc_41_48,0.0,https://www.kaggle.com/competitions/fixing-the-poisoned-well/discussion/link-to-blog
prv_fc_41_49,0.0,https://www.kaggle.com/competitions/fixing-the-poisoned-well/discussion/link-to-blog
prv_fc_41_50,0.0,https://www.kaggle.com/competitions/fixing-the-poisoned-well/discussion/link-to-blog
prv_fc_41_51,0.0,https://www.kaggle.com/competitions/fixing-the-poisoned-well/discussion/link-to-blog
prv_fc_41_52,0.0,https://www.kaggle.com/competitions/fixing-the-poisoned-well/discussion/link-to-blog
prv_fc_41_53,0.0,https://www.kaggle.com/competitions/fixing-the-poisoned-well/discussion/link-to-blog
prv_fc_41_54,0.0,https://www.kaggle.com/competitions/fixing-the-poisoned-well/discussion/link-to-blog
prv_fc_41_55,0.0,https://www.kaggle.com/competitions/fixing-the-poisoned-well/discussion/link-to-blog
prv_fc_42_0,0.0,https://www.kaggle.com/competitions/fixing-the-poisoned-well/discussion/link-to-blog
prv_fc_42_1,0.0,https://www.kaggle.com/competitions/fixing-the-poisoned-well/discussion/link-to-blog
prv_fc_42_2,0.0,https://www.kaggle.com/competitions/fixing-the-poisoned-well/discussion/link-to-blog
prv_fc_42_3,0.0,https://www.kaggle.com/competitions/fixing-the-poisoned-well/discussion/link-to-blog
prv_fc_42_4,0.0,https://www.kaggle.com/competitions/fixing-the-poisoned-well/discussion/link-to-blog
prv_fc_42_5,0.0,https://www.kaggle.com/competitions/fixing-the-poisoned-well/discussion/link-to-blog
prv_fc_42_6,0.0,https://www.kaggle.com/competitions/fixing-the-poisoned-well/discussion/link-to-blog
prv_fc_42_7,0.0,https://www.kaggle.com/competitions/fixing-the-poisoned-well/discussion/link-to-blog
prv_fc_42_8,0.0,https://www.kaggle.com/competitions/fixing-the-poisoned-well/discussion/link-to-blog
prv_fc_42_9,0.0,https://www.kaggle.com/competitions/fixing-the-poisoned-well/discussion/link-to-blog
prv_fc_42_10,0.0,https://www.kaggle.com/competitions/fixing-the-poisoned-well/discussion/link-to-blog
prv_fc_42_11,0.0,https://www.kaggle.com/competitions/fixing-the-poisoned-well/discussion/link-to-blog
prv_fc_42_12,0.0,https://www.kaggle.com/competitions/fixing-the-poisoned-well/discussion/link-to-blog
prv_fc_42_13,0.0,https://www.kaggle.com/competitions/fixing-the-poisoned-well/discussion/link-to-blog
prv_fc_42_14,0.0,https://www.kaggle.com/competitions/fixing-the-poisoned-well/discussion/link-to-blog
prv_fc_42_15,0.0,https://www.kaggle.com/competitions/fixing-the-poisoned-well/discussion/link-to-blog
prv_fc_42_16,0.0,https://www.kaggle.com/competitions/fixing-the-poisoned-well/discussion/link-to-blog
prv_fc_42_17,0.0,https://www.kaggle.com/competitions/fixing-the-poisoned-well/discussion/link-to-blog
prv_fc_42_18,0.0,https://www.kaggle.com/competitions/fixing-the-poisoned-well/discussion/link-to-blog
prv_fc_42_19,0.0,https://www.kaggle.com/competitions/fixing-the-poisoned-well/discussion/link-to-blog
prv_fc_42_20,0.0,https://www.kaggle.com/competitions/fixing-the-poisoned-well/discussion/link-to-blog
prv_fc_42_21,0.0,https://www.kaggle.com/competitions/fixing-the-poisoned-well/discussion/link-to-blog
prv_fc_42_22,0.0,https://www.kaggle.com/competitions/fixing-the-poisoned-well/discussion/link-to-blog
prv_fc_42_23,0.0,https://www.kaggle.com/competitions/fixing-the-poisoned-well/discussion/link-to-blog
prv_fc_42_24,0.0,https://www.kaggle.com/competitions/fixing-the-poisoned-well/discussion/link-to-blog
prv_fc_42_25,0.0,https://www.kaggle.com/competitions/fixing-the-poisoned-well/discussion/link-to-blog
prv_fc_42_26,0.0,https://www.kaggle.com/competitions/fixing-the-poisoned-well/discussion/link-to-blog
prv_fc_42_27,0.0,https://www.kaggle.com/competitions/fixing-the-poisoned-well/discussion/link-to-blog
prv_fc_42_28,0.0,https://www.kaggle.com/competitions/fixing-the-poisoned-well/discussion/link-to-blog
prv_fc_42_29,0.0,https://www.kaggle.com/competitions/fixing-the-poisoned-well/discussion/link-to-blog
prv_fc_42_30,0.0,https://www.kaggle.com/competitions/fixing-the-poisoned-well/discussion/link-to-blog
prv_fc_42_31,0.0,https://www.kaggle.com/competitions/fixing-the-poisoned-well/discussion/link-to-blog
prv_fc_42_32,0.0,https://www.kaggle.com/competitions/fixing-the-poisoned-well/discussion/link-to-blog
prv_fc_42_33,0.0,https://www.kaggle.com/competitions/fixing-the-poisoned-well/discussion/link-to-blog
prv_fc_42_34,0.0,https://www.kaggle.com/competitions/fixing-the-poisoned-well/discussion/link-to-blog
prv_fc_42_35,0.0,https://www.kaggle.com/competitions/fixing-the-poisoned-well/discussion/link-to-blog
prv_fc_42_36,0.0,https://www.kaggle.com/competitions/fixing-the-poisoned-well/discussion/link-to-blog
prv_fc_42_37,0.0,https://www.kaggle.com/competitions/fixing-the-poisoned-well/discussion/link-to-blog
prv_fc_42_38,0.0,https://www.kaggle.com/competitions/fixing-the-poisoned-well/discussion/link-to-blog
prv_fc_42_39,0.0,https://www.kaggle.com/competitions/fixing-the-poisoned-well/discussion/link-to-blog
prv_fc_42_40,0.0,https://www.kaggle.com/competitions/fixing-the-poisoned-well/discussion/link-to-blog
prv_fc_42_41,0.0,https://www.kaggle.com/competitions/fixing-the-poisoned-well/discussion/link-to-blog
prv_fc_42_42,0.0,https://www.kaggle.com/competitions/fixing-the-poisoned-well/discussion/link-to-blog
prv_fc_42_43,0.0,https://www.kaggle.com/competitions/fixing-the-poisoned-well/discussion/link-to-blog
prv_fc_42_44,0.0,https://www.kaggle.com/competitions/fixing-the-poisoned-well/discussion/link-to-blog
prv_fc_42_45,0.0,https://www.kaggle.com/competitions/fixing-the-poisoned-well/discussion/link-to-blog
prv_fc_42_46,0.0,https://www.kaggle.com/competitions/fixing-the-poisoned-well/discussion/link-to-blog
prv_fc_42_47,0.0,https://www.kaggle.com/competitions/fixing-the-poisoned-well/discussion/link-to-blog
prv_fc_42_48,0.0,https://www.kaggle.com/competitions/fixing-the-poisoned-well/discussion/link-to-blog
prv_fc_42_49,0.0,https://www.kaggle.com/competitions/fixing-the-poisoned-well/discussion/link-to-blog
prv_fc_42_50,0.0,https://www.kaggle.com/competitions/fixing-the-poisoned-well/discussion/link-to-blog
prv_fc_42_51,0.0,https://www.kaggle.com/competitions/fixing-the-poisoned-well/discussion/link-to-blog
prv_fc_42_52,0.0,https://www.kaggle.com/competitions/fixing-the-poisoned-well/discussion/link-to-blog
prv_fc_42_53,0.0,https://www.kaggle.com/competitions/fixing-the-poisoned-well/discussion/link-to-blog
prv_fc_42_54,0.0,https://www.kaggle.com/competitions/fixing-the-poisoned-well/discussion/link-to-blog
prv_fc_42_55,0.0,https://www.kaggle.com/competitions/fixing-the-poisoned-well/discussion/link-to-blog
prv_fc_43_0,0.0,https://www.kaggle.com/competitions/fixing-the-poisoned-well/discussion/link-to-blog
prv_fc_43_1,0.0,https://www.kaggle.com/competitions/fixing-the-poisoned-well/discussion/link-to-blog
prv_fc_43_2,0.0,https://www.kaggle.com/competitions/fixing-the-poisoned-well/discussion/link-to-blog
prv_fc_43_3,0.0,https://www.kaggle.com/competitions/fixing-the-poisoned-well/discussion/link-to-blog
prv_fc_43_4,0.0,https://www.kaggle.com/competitions/fixing-the-poisoned-well/discussion/link-to-blog
prv_fc_43_5,0.0,https://www.kaggle.com/competitions/fixing-the-poisoned-well/discussion/link-to-blog
prv_fc_43_6,0.0,https://www.kaggle.com/competitions/fixing-the-poisoned-well/discussion/link-to-blog
prv_fc_43_7,0.0,https://www.kaggle.com/competitions/fixing-the-poisoned-well/discussion/link-to-blog
prv_fc_43_8,0.0,https://www.kaggle.com/competitions/fixing-the-poisoned-well/discussion/link-to-blog
prv_fc_43_9,0.0,https://www.kaggle.com/competitions/fixing-the-poisoned-well/discussion/link-to-blog
prv_fc_43_10,0.0,https://www.kaggle.com/competitions/fixing-the-poisoned-well/discussion/link-to-blog
prv_fc_43_11,0.0,https://www.kaggle.com/competitions/fixing-the-poisoned-well/discussion/link-to-blog
prv_fc_43_12,0.0,https://www.kaggle.com/competitions/fixing-the-poisoned-well/discussion/link-to-blog
prv_fc_43_13,0.0,https://www.kaggle.com/competitions/fixing-the-poisoned-well/discussion/link-to-blog
prv_fc_43_14,0.0,https://www.kaggle.com/competitions/fixing-the-poisoned-well/discussion/link-to-blog
prv_fc_43_15,0.0,https://www.kaggle.com/competitions/fixing-the-poisoned-well/discussion/link-to-blog
prv_fc_43_16,0.0,https://www.kaggle.com/competitions/fixing-the-poisoned-well/discussion/link-to-blog
prv_fc_43_17,0.0,https://www.kaggle.com/competitions/fixing-the-poisoned-well/discussion/link-to-blog
prv_fc_43_18,0.0,https://www.kaggle.com/competitions/fixing-the-poisoned-well/discussion/link-to-blog
prv_fc_43_19,0.0,https://www.kaggle.com/competitions/fixing-the-poisoned-well/discussion/link-to-blog
prv_fc_43_20,0.0,https://www.kaggle.com/competitions/fixing-the-poisoned-well/discussion/link-to-blog
prv_fc_43_21,0.0,https://www.kaggle.com/competitions/fixing-the-poisoned-well/discussion/link-to-blog
prv_fc_43_22,0.0,https://www.kaggle.com/competitions/fixing-the-poisoned-well/discussion/link-to-blog
prv_fc_43_23,0.0,https://www.kaggle.com/competitions/fixing-the-poisoned-well/discussion/link-to-blog
prv_fc_43_24,0.0,https://www.kaggle.com/competitions/fixing-the-poisoned-well/discussion/link-to-blog
prv_fc_43_25,0.0,https://www.kaggle.com/competitions/fixing-the-poisoned-well/discussion/link-to-blog
prv_fc_43_26,0.0,https://www.kaggle.com/competitions/fixing-the-poisoned-well/discussion/link-to-blog
prv_fc_43_27,0.0,https://www.kaggle.com/competitions/fixing-the-poisoned-well/discussion/link-to-blog
prv_fc_43_28,0.0,https://www.kaggle.com/competitions/fixing-the-poisoned-well/discussion/link-to-blog
prv_fc_43_29,0.0,https://www.kaggle.com/competitions/fixing-the-poisoned-well/discussion/link-to-blog
prv_fc_43_30,0.0,https://www.kaggle.com/competitions/fixing-the-poisoned-well/discussion/link-to-blog
prv_fc_43_31,0.0,https://www.kaggle.com/competitions/fixing-the-poisoned-well/discussion/link-to-blog
prv_fc_43_32,0.0,https://www.kaggle.com/competitions/fixing-the-poisoned-well/discussion/link-to-blog
prv_fc_43_33,0.0,https://www.kaggle.com/competitions/fixing-the-poisoned-well/discussion/link-to-blog
prv_fc_43_34,0.0,https://www.kaggle.com/competitions/fixing-the-poisoned-well/discussion/link-to-blog
prv_fc_43_35,0.0,https://www.kaggle.com/competitions/fixing-the-poisoned-well/discussion/link-to-blog
prv_fc_43_36,0.0,https://www.kaggle.com/competitions/fixing-the-poisoned-well/discussion/link-to-blog
prv_fc_43_37,0.0,https://www.kaggle.com/competitions/fixing-the-poisoned-well/discussion/link-to-blog
prv_fc_43_38,0.0,https://www.kaggle.com/competitions/fixing-the-poisoned-well/discussion/link-to-blog
prv_fc_43_39,0.0,https://www.kaggle.com/competitions/fixing-the-poisoned-well/discussion/link-to-blog
prv_fc_43_40,0.0,https://www.kaggle.com/competitions/fixing-the-poisoned-well/discussion/link-to-blog
prv_fc_43_41,0.0,https://www.kaggle.com/competitions/fixing-the-poisoned-well/discussion/link-to-blog
prv_fc_43_42,0.0,https://www.kaggle.com/competitions/fixing-the-poisoned-well/discussion/link-to-blog
prv_fc_43_43,0.0,https://www.kaggle.com/competitions/fixing-the-poisoned-well/discussion/link-to-blog
prv_fc_43_44,0.0,https://www.kaggle.com/competitions/fixing-the-poisoned-well/discussion/link-to-blog
prv_fc_43_45,0.0,https://www.kaggle.com/competitions/fixing-the-poisoned-well/discussion/link-to-blog
prv_fc_43_46,0.0,https://www.kaggle.com/competitions/fixing-the-poisoned-well/discussion/link-to-blog
prv_fc_43_47,0.0,https://www.kaggle.com/competitions/fixing-the-poisoned-well/discussion/link-to-blog
prv_fc_43_48,0.0,https://www.kaggle.com/competitions/fixing-the-poisoned-well/discussion/link-to-blog
prv_fc_43_49,0.0,https://www.kaggle.com/competitions/fixing-the-poisoned-well/discussion/link-to-blog
prv_fc_43_50,0.0,https://www.kaggle.com/competitions/fixing-the-poisoned-well/discussion/link-to-blog
prv_fc_43_51,0.0,https://www.kaggle.com/competitions/fixing-the-poisoned-well/discussion/link-to-blog
prv_fc_43_52,0.0,https://www.kaggle.com/competitions/fixing-the-poisoned-well/discussion/link-to-blog
prv_fc_43_53,0.0,https://www.kaggle.com/competitions/fixing-the-poisoned-well/discussion/link-to-blog
prv_fc_43_54,0.0,https://www.kaggle.com/competitions/fixing-the-poisoned-well/discussion/link-to-blog
prv_fc_43_55,0.0,https://www.kaggle.com/competitions/fixing-the-poisoned-well/discussion/link-to-blog
prv_fc_44_0,0.0,https://www.kaggle.com/competitions/fixing-the-poisoned-well/discussion/link-to-blog
prv_fc_44_1,0.0,https://www.kaggle.com/competitions/fixing-the-poisoned-well/discussion/link-to-blog
prv_fc_44_2,0.0,https://www.kaggle.com/competitions/fixing-the-poisoned-well/discussion/link-to-blog
prv_fc_44_3,0.0,https://www.kaggle.com/competitions/fixing-the-poisoned-well/discussion/link-to-blog
prv_fc_44_4,0.0,https://www.kaggle.com/competitions/fixing-the-poisoned-well/discussion/link-to-blog
prv_fc_44_5,0.0,https://www.kaggle.com/competitions/fixing-the-poisoned-well/discussion/link-to-blog
prv_fc_44_6,0.0,https://www.kaggle.com/competitions/fixing-the-poisoned-well/discussion/link-to-blog
prv_fc_44_7,0.0,https://www.kaggle.com/competitions/fixing-the-poisoned-well/discussion/link-to-blog
prv_fc_44_8,0.0,https://www.kaggle.com/competitions/fixing-the-poisoned-well/discussion/link-to-blog
prv_fc_44_9,0.0,https://www.kaggle.com/competitions/fixing-the-poisoned-well/discussion/link-to-blog
prv_fc_44_10,0.0,https://www.kaggle.com/competitions/fixing-the-poisoned-well/discussion/link-to-blog
prv_fc_44_11,0.0,https://www.kaggle.com/competitions/fixing-the-poisoned-well/discussion/link-to-blog
prv_fc_44_12,0.0,https://www.kaggle.com/competitions/fixing-the-poisoned-well/discussion/link-to-blog
prv_fc_44_13,0.0,https://www.kaggle.com/competitions/fixing-the-poisoned-well/discussion/link-to-blog
prv_fc_44_14,0.0,https://www.kaggle.com/competitions/fixing-the-poisoned-well/discussion/link-to-blog
prv_fc_44_15,0.0,https://www.kaggle.com/competitions/fixing-the-poisoned-well/discussion/link-to-blog
prv_fc_44_16,0.0,https://www.kaggle.com/competitions/fixing-the-poisoned-well/discussion/link-to-blog
prv_fc_44_17,0.0,https://www.kaggle.com/competitions/fixing-the-poisoned-well/discussion/link-to-blog
prv_fc_44_18,0.0,https://www.kaggle.com/competitions/fixing-the-poisoned-well/discussion/link-to-blog
prv_fc_44_19,0.0,https://www.kaggle.com/competitions/fixing-the-poisoned-well/discussion/link-to-blog
prv_fc_44_20,0.0,https://www.kaggle.com/competitions/fixing-the-poisoned-well/discussion/link-to-blog
prv_fc_44_21,0.0,https://www.kaggle.com/competitions/fixing-the-poisoned-well/discussion/link-to-blog
prv_fc_44_22,0.0,https://www.kaggle.com/competitions/fixing-the-poisoned-well/discussion/link-to-blog
prv_fc_44_23,0.0,https://www.kaggle.com/competitions/fixing-the-poisoned-well/discussion/link-to-blog
prv_fc_44_24,0.0,https://www.kaggle.com/competitions/fixing-the-poisoned-well/discussion/link-to-blog
prv_fc_44_25,0.0,https://www.kaggle.com/competitions/fixing-the-poisoned-well/discussion/link-to-blog
prv_fc_44_26,0.0,https://www.kaggle.com/competitions/fixing-the-poisoned-well/discussion/link-to-blog
prv_fc_44_27,0.0,https://www.kaggle.com/competitions/fixing-the-poisoned-well/discussion/link-to-blog
prv_fc_44_28,0.0,https://www.kaggle.com/competitions/fixing-the-poisoned-well/discussion/link-to-blog
prv_fc_44_29,0.0,https://www.kaggle.com/competitions/fixing-the-poisoned-well/discussion/link-to-blog
prv_fc_44_30,0.0,https://www.kaggle.com/competitions/fixing-the-poisoned-well/discussion/link-to-blog
prv_fc_44_31,0.0,https://www.kaggle.com/competitions/fixing-the-poisoned-well/discussion/link-to-blog
prv_fc_44_32,0.0,https://www.kaggle.com/competitions/fixing-the-poisoned-well/discussion/link-to-blog
prv_fc_44_33,0.0,https://www.kaggle.com/competitions/fixing-the-poisoned-well/discussion/link-to-blog
prv_fc_44_34,0.0,https://www.kaggle.com/competitions/fixing-the-poisoned-well/discussion/link-to-blog
prv_fc_44_35,0.0,https://www.kaggle.com/competitions/fixing-the-poisoned-well/discussion/link-to-blog
prv_fc_44_36,0.0,https://www.kaggle.com/competitions/fixing-the-poisoned-well/discussion/link-to-blog
prv_fc_44_37,0.0,https://www.kaggle.com/competitions/fixing-the-poisoned-well/discussion/link-to-blog
prv_fc_44_38,0.0,https://www.kaggle.com/competitions/fixing-the-poisoned-well/discussion/link-to-blog
prv_fc_44_39,0.0,https://www.kaggle.com/competitions/fixing-the-poisoned-well/discussion/link-to-blog
prv_fc_44_40,0.0,https://www.kaggle.com/competitions/fixing-the-poisoned-well/discussion/link-to-blog
prv_fc_44_41,0.0,https://www.kaggle.com/competitions/fixing-the-poisoned-well/discussion/link-to-blog
prv_fc_44_42,0.0,https://www.kaggle.com/competitions/fixing-the-poisoned-well/discussion/link-to-blog
prv_fc_44_43,0.0,https://www.kaggle.com/competitions/fixing-the-poisoned-well/discussion/link-to-blog
prv_fc_44_44,0.0,https://www.kaggle.com/competitions/fixing-the-poisoned-well/discussion/link-to-blog
prv_fc_44_45,0.0,https://www.kaggle.com/competitions/fixing-the-poisoned-well/discussion/link-to-blog
prv_fc_44_46,0.0,https://www.kaggle.com/competitions/fixing-the-poisoned-well/discussion/link-to-blog
prv_fc_44_47,0.0,https://www.kaggle.com/competitions/fixing-the-poisoned-well/discussion/link-to-blog
prv_fc_44_48,0.0,https://www.kaggle.com/competitions/fixing-the-poisoned-well/discussion/link-to-blog
prv_fc_44_49,0.0,https://www.kaggle.com/competitions/fixing-the-poisoned-well/discussion/link-to-blog
prv_fc_44_50,0.0,https://www.kaggle.com/competitions/fixing-the-poisoned-well/discussion/link-to-blog
prv_fc_44_51,0.0,https://www.kaggle.com/competitions/fixing-the-poisoned-well/discussion/link-to-blog
prv_fc_44_52,0.0,https://www.kaggle.com/competitions/fixing-the-poisoned-well/discussion/link-to-blog
prv_fc_44_53,0.0,https://www.kaggle.com/competitions/fixing-the-poisoned-well/discussion/link-to-blog
prv_fc_44_54,0.0,https://www.kaggle.com/competitions/fixing-the-poisoned-well/discussion/link-to-blog
prv_fc_44_55,0.0,https://www.kaggle.com/competitions/fixing-the-poisoned-well/discussion/link-to-blog
prv_fc_45_0,0.0,https://www.kaggle.com/competitions/fixing-the-poisoned-well/discussion/link-to-blog
prv_fc_45_1,0.0,https://www.kaggle.com/competitions/fixing-the-poisoned-well/discussion/link-to-blog
prv_fc_45_2,0.0,https://www.kaggle.com/competitions/fixing-the-poisoned-well/discussion/link-to-blog
prv_fc_45_3,0.0,https://www.kaggle.com/competitions/fixing-the-poisoned-well/discussion/link-to-blog
prv_fc_45_4,0.0,https://www.kaggle.com/competitions/fixing-the-poisoned-well/discussion/link-to-blog
prv_fc_45_5,0.0,https://www.kaggle.com/competitions/fixing-the-poisoned-well/discussion/link-to-blog
prv_fc_45_6,0.0,https://www.kaggle.com/competitions/fixing-the-poisoned-well/discussion/link-to-blog
prv_fc_45_7,0.0,https://www.kaggle.com/competitions/fixing-the-poisoned-well/discussion/link-to-blog
prv_fc_45_8,0.0,https://www.kaggle.com/competitions/fixing-the-poisoned-well/discussion/link-to-blog
prv_fc_45_9,0.0,https://www.kaggle.com/competitions/fixing-the-poisoned-well/discussion/link-to-blog
prv_fc_45_10,0.0,https://www.kaggle.com/competitions/fixing-the-poisoned-well/discussion/link-to-blog
prv_fc_45_11,0.0,https://www.kaggle.com/competitions/fixing-the-poisoned-well/discussion/link-to-blog
prv_fc_45_12,0.0,https://www.kaggle.com/competitions/fixing-the-poisoned-well/discussion/link-to-blog
prv_fc_45_13,0.0,https://www.kaggle.com/competitions/fixing-the-poisoned-well/discussion/link-to-blog
prv_fc_45_14,0.0,https://www.kaggle.com/competitions/fixing-the-poisoned-well/discussion/link-to-blog
prv_fc_45_15,0.0,https://www.kaggle.com/competitions/fixing-the-poisoned-well/discussion/link-to-blog
prv_fc_45_16,0.0,https://www.kaggle.com/competitions/fixing-the-poisoned-well/discussion/link-to-blog
prv_fc_45_17,0.0,https://www.kaggle.com/competitions/fixing-the-poisoned-well/discussion/link-to-blog
prv_fc_45_18,0.0,https://www.kaggle.com/competitions/fixing-the-poisoned-well/discussion/link-to-blog
prv_fc_45_19,0.0,https://www.kaggle.com/competitions/fixing-the-poisoned-well/discussion/link-to-blog
prv_fc_45_20,0.0,https://www.kaggle.com/competitions/fixing-the-poisoned-well/discussion/link-to-blog
prv_fc_45_21,0.0,https://www.kaggle.com/competitions/fixing-the-poisoned-well/discussion/link-to-blog
prv_fc_45_22,0.0,https://www.kaggle.com/competitions/fixing-the-poisoned-well/discussion/link-to-blog
prv_fc_45_23,0.0,https://www.kaggle.com/competitions/fixing-the-poisoned-well/discussion/link-to-blog
prv_fc_45_24,0.0,https://www.kaggle.com/competitions/fixing-the-poisoned-well/discussion/link-to-blog
prv_fc_45_25,0.0,https://www.kaggle.com/competitions/fixing-the-poisoned-well/discussion/link-to-blog
prv_fc_45_26,0.0,https://www.kaggle.com/competitions/fixing-the-poisoned-well/discussion/link-to-blog
prv_fc_45_27,0.0,https://www.kaggle.com/competitions/fixing-the-poisoned-well/discussion/link-to-blog
prv_fc_45_28,0.0,https://www.kaggle.com/competitions/fixing-the-poisoned-well/discussion/link-to-blog
prv_fc_45_29,0.0,https://www.kaggle.com/competitions/fixing-the-poisoned-well/discussion/link-to-blog
prv_fc_45_30,0.0,https://www.kaggle.com/competitions/fixing-the-poisoned-well/discussion/link-to-blog
prv_fc_45_31,0.0,https://www.kaggle.com/competitions/fixing-the-poisoned-well/discussion/link-to-blog
prv_fc_45_32,0.0,https://www.kaggle.com/competitions/fixing-the-poisoned-well/discussion/link-to-blog
prv_fc_45_33,0.0,https://www.kaggle.com/competitions/fixing-the-poisoned-well/discussion/link-to-blog
prv_fc_45_34,0.0,https://www.kaggle.com/competitions/fixing-the-poisoned-well/discussion/link-to-blog
prv_fc_45_35,0.0,https://www.kaggle.com/competitions/fixing-the-poisoned-well/discussion/link-to-blog
prv_fc_45_36,0.0,https://www.kaggle.com/competitions/fixing-the-poisoned-well/discussion/link-to-blog
prv_fc_45_37,0.0,https://www.kaggle.com/competitions/fixing-the-poisoned-well/discussion/link-to-blog
prv_fc_45_38,0.0,https://www.kaggle.com/competitions/fixing-the-poisoned-well/discussion/link-to-blog
prv_fc_45_39,0.0,https://www.kaggle.com/competitions/fixing-the-poisoned-well/discussion/link-to-blog
prv_fc_45_40,0.0,https://www.kaggle.com/competitions/fixing-the-poisoned-well/discussion/link-to-blog
prv_fc_45_41,0.0,https://www.kaggle.com/competitions/fixing-the-poisoned-well/discussion/link-to-blog
prv_fc_45_42,0.0,https://www.kaggle.com/competitions/fixing-the-poisoned-well/discussion/link-to-blog
prv_fc_45_43,0.0,https://www.kaggle.com/competitions/fixing-the-poisoned-well/discussion/link-to-blog
prv_fc_45_44,0.0,https://www.kaggle.com/competitions/fixing-the-poisoned-well/discussion/link-to-blog
prv_fc_45_45,0.0,https://www.kaggle.com/competitions/fixing-the-poisoned-well/discussion/link-to-blog
prv_fc_45_46,0.0,https://www.kaggle.com/competitions/fixing-the-poisoned-well/discussion/link-to-blog
prv_fc_45_47,0.0,https://www.kaggle.com/competitions/fixing-the-poisoned-well/discussion/link-to-blog
prv_fc_45_48,0.0,https://www.kaggle.com/competitions/fixing-the-poisoned-well/discussion/link-to-blog
prv_fc_45_49,0.0,https://www.kaggle.com/competitions/fixing-the-poisoned-well/discussion/link-to-blog
prv_fc_45_50,0.0,https://www.kaggle.com/competitions/fixing-the-poisoned-well/discussion/link-to-blog
prv_fc_45_51,0.0,https://www.kaggle.com/competitions/fixing-the-poisoned-well/discussion/link-to-blog
prv_fc_45_52,0.0,https://www.kaggle.com/competitions/fixing-the-poisoned-well/discussion/link-to-blog
prv_fc_45_53,0.0,https://www.kaggle.com/competitions/fixing-the-poisoned-well/discussion/link-to-blog
prv_fc_45_54,0.0,https://www.kaggle.com/competitions/fixing-the-poisoned-well/discussion/link-to-blog
prv_fc_45_55,0.0,https://www.kaggle.com/competitions/fixing-the-poisoned-well/discussion/link-to-blog
prv_fc_46_0,0.0,https://www.kaggle.com/competitions/fixing-the-poisoned-well/discussion/link-to-blog
prv_fc_46_1,0.0,https://www.kaggle.com/competitions/fixing-the-poisoned-well/discussion/link-to-blog
prv_fc_46_2,0.0,https://www.kaggle.com/competitions/fixing-the-poisoned-well/discussion/link-to-blog
prv_fc_46_3,0.0,https://www.kaggle.com/competitions/fixing-the-poisoned-well/discussion/link-to-blog
prv_fc_46_4,0.0,https://www.kaggle.com/competitions/fixing-the-poisoned-well/discussion/link-to-blog
prv_fc_46_5,0.0,https://www.kaggle.com/competitions/fixing-the-poisoned-well/discussion/link-to-blog
prv_fc_46_6,0.0,https://www.kaggle.com/competitions/fixing-the-poisoned-well/discussion/link-to-blog
prv_fc_46_7,0.0,https://www.kaggle.com/competitions/fixing-the-poisoned-well/discussion/link-to-blog
prv_fc_46_8,0.0,https://www.kaggle.com/competitions/fixing-the-poisoned-well/discussion/link-to-blog
prv_fc_46_9,0.0,https://www.kaggle.com/competitions/fixing-the-poisoned-well/discussion/link-to-blog
prv_fc_46_10,0.0,https://www.kaggle.com/competitions/fixing-the-poisoned-well/discussion/link-to-blog
prv_fc_46_11,0.0,https://www.kaggle.com/competitions/fixing-the-poisoned-well/discussion/link-to-blog
prv_fc_46_12,0.0,https://www.kaggle.com/competitions/fixing-the-poisoned-well/discussion/link-to-blog
prv_fc_46_13,0.0,https://www.kaggle.com/competitions/fixing-the-poisoned-well/discussion/link-to-blog
prv_fc_46_14,0.0,https://www.kaggle.com/competitions/fixing-the-poisoned-well/discussion/link-to-blog
prv_fc_46_15,0.0,https://www.kaggle.com/competitions/fixing-the-poisoned-well/discussion/link-to-blog
prv_fc_46_16,0.0,https://www.kaggle.com/competitions/fixing-the-poisoned-well/discussion/link-to-blog
prv_fc_46_17,0.0,https://www.kaggle.com/competitions/fixing-the-poisoned-well/discussion/link-to-blog
prv_fc_46_18,0.0,https://www.kaggle.com/competitions/fixing-the-poisoned-well/discussion/link-to-blog
prv_fc_46_19,0.0,https://www.kaggle.com/competitions/fixing-the-poisoned-well/discussion/link-to-blog
prv_fc_46_20,0.0,https://www.kaggle.com/competitions/fixing-the-poisoned-well/discussion/link-to-blog
prv_fc_46_21,0.0,https://www.kaggle.com/competitions/fixing-the-poisoned-well/discussion/link-to-blog
prv_fc_46_22,0.0,https://www.kaggle.com/competitions/fixing-the-poisoned-well/discussion/link-to-blog
prv_fc_46_23,0.0,https://www.kaggle.com/competitions/fixing-the-poisoned-well/discussion/link-to-blog
prv_fc_46_24,0.0,https://www.kaggle.com/competitions/fixing-the-poisoned-well/discussion/link-to-blog
prv_fc_46_25,0.0,https://www.kaggle.com/competitions/fixing-the-poisoned-well/discussion/link-to-blog
prv_fc_46_26,0.0,https://www.kaggle.com/competitions/fixing-the-poisoned-well/discussion/link-to-blog
prv_fc_46_27,0.0,https://www.kaggle.com/competitions/fixing-the-poisoned-well/discussion/link-to-blog
prv_fc_46_28,0.0,https://www.kaggle.com/competitions/fixing-the-poisoned-well/discussion/link-to-blog
prv_fc_46_29,0.0,https://www.kaggle.com/competitions/fixing-the-poisoned-well/discussion/link-to-blog
prv_fc_46_30,0.0,https://www.kaggle.com/competitions/fixing-the-poisoned-well/discussion/link-to-blog
prv_fc_46_31,0.0,https://www.kaggle.com/competitions/fixing-the-poisoned-well/discussion/link-to-blog
prv_fc_46_32,0.0,https://www.kaggle.com/competitions/fixing-the-poisoned-well/discussion/link-to-blog
prv_fc_46_33,0.0,https://www.kaggle.com/competitions/fixing-the-poisoned-well/discussion/link-to-blog
prv_fc_46_34,0.0,https://www.kaggle.com/competitions/fixing-the-poisoned-well/discussion/link-to-blog
prv_fc_46_35,0.0,https://www.kaggle.com/competitions/fixing-the-poisoned-well/discussion/link-to-blog
prv_fc_46_36,0.0,https://www.kaggle.com/competitions/fixing-the-poisoned-well/discussion/link-to-blog
prv_fc_46_37,0.0,https://www.kaggle.com/competitions/fixing-the-poisoned-well/discussion/link-to-blog
prv_fc_46_38,0.0,https://www.kaggle.com/competitions/fixing-the-poisoned-well/discussion/link-to-blog
prv_fc_46_39,0.0,https://www.kaggle.com/competitions/fixing-the-poisoned-well/discussion/link-to-blog
prv_fc_46_40,0.0,https://www.kaggle.com/competitions/fixing-the-poisoned-well/discussion/link-to-blog
prv_fc_46_41,0.0,https://www.kaggle.com/competitions/fixing-the-poisoned-well/discussion/link-to-blog
prv_fc_46_42,0.0,https://www.kaggle.com/competitions/fixing-the-poisoned-well/discussion/link-to-blog
prv_fc_46_43,0.0,https://www.kaggle.com/competitions/fixing-the-poisoned-well/discussion/link-to-blog
prv_fc_46_44,0.0,https://www.kaggle.com/competitions/fixing-the-poisoned-well/discussion/link-to-blog
prv_fc_46_45,0.0,https://www.kaggle.com/competitions/fixing-the-poisoned-well/discussion/link-to-blog
prv_fc_46_46,0.0,https://www.kaggle.com/competitions/fixing-the-poisoned-well/discussion/link-to-blog
prv_fc_46_47,0.0,https://www.kaggle.com/competitions/fixing-the-poisoned-well/discussion/link-to-blog
prv_fc_46_48,0.0,https://www.kaggle.com/competitions/fixing-the-poisoned-well/discussion/link-to-blog
prv_fc_46_49,0.0,https://www.kaggle.com/competitions/fixing-the-poisoned-well/discussion/link-to-blog
prv_fc_46_50,0.0,https://www.kaggle.com/competitions/fixing-the-poisoned-well/discussion/link-to-blog
prv_fc_46_51,0.0,https://www.kaggle.com/competitions/fixing-the-poisoned-well/discussion/link-to-blog
prv_fc_46_52,0.0,https://www.kaggle.com/competitions/fixing-the-poisoned-well/discussion/link-to-blog
prv_fc_46_53,0.0,https://www.kaggle.com/competitions/fixing-the-poisoned-well/discussion/link-to-blog
prv_fc_46_54,0.0,https://www.kaggle.com/competitions/fixing-the-poisoned-well/discussion/link-to-blog
prv_fc_46_55,0.0,https://www.kaggle.com/competitions/fixing-the-poisoned-well/discussion/link-to-blog
prv_fc_47_0,0.0,https://www.kaggle.com/competitions/fixing-the-poisoned-well/discussion/link-to-blog
prv_fc_47_1,0.0,https://www.kaggle.com/competitions/fixing-the-poisoned-well/discussion/link-to-blog
prv_fc_47_2,0.0,https://www.kaggle.com/competitions/fixing-the-poisoned-well/discussion/link-to-blog
prv_fc_47_3,0.0,https://www.kaggle.com/competitions/fixing-the-poisoned-well/discussion/link-to-blog
prv_fc_47_4,0.0,https://www.kaggle.com/competitions/fixing-the-poisoned-well/discussion/link-to-blog
prv_fc_47_5,0.0,https://www.kaggle.com/competitions/fixing-the-poisoned-well/discussion/link-to-blog
prv_fc_47_6,0.0,https://www.kaggle.com/competitions/fixing-the-poisoned-well/discussion/link-to-blog
prv_fc_47_7,0.0,https://www.kaggle.com/competitions/fixing-the-poisoned-well/discussion/link-to-blog
prv_fc_47_8,0.0,https://www.kaggle.com/competitions/fixing-the-poisoned-well/discussion/link-to-blog
prv_fc_47_9,0.0,https://www.kaggle.com/competitions/fixing-the-poisoned-well/discussion/link-to-blog
prv_fc_47_10,0.0,https://www.kaggle.com/competitions/fixing-the-poisoned-well/discussion/link-to-blog
prv_fc_47_11,0.0,https://www.kaggle.com/competitions/fixing-the-poisoned-well/discussion/link-to-blog
prv_fc_47_12,0.0,https://www.kaggle.com/competitions/fixing-the-poisoned-well/discussion/link-to-blog
prv_fc_47_13,0.0,https://www.kaggle.com/competitions/fixing-the-poisoned-well/discussion/link-to-blog
prv_fc_47_14,0.0,https://www.kaggle.com/competitions/fixing-the-poisoned-well/discussion/link-to-blog
prv_fc_47_15,0.0,https://www.kaggle.com/competitions/fixing-the-poisoned-well/discussion/link-to-blog
prv_fc_47_16,0.0,https://www.kaggle.com/competitions/fixing-the-poisoned-well/discussion/link-to-blog
prv_fc_47_17,0.0,https://www.kaggle.com/competitions/fixing-the-poisoned-well/discussion/link-to-blog
prv_fc_47_18,0.0,https://www.kaggle.com/competitions/fixing-the-poisoned-well/discussion/link-to-blog
prv_fc_47_19,0.0,https://www.kaggle.com/competitions/fixing-the-poisoned-well/discussion/link-to-blog
prv_fc_47_20,0.0,https://www.kaggle.com/competitions/fixing-the-poisoned-well/discussion/link-to-blog
prv_fc_47_21,0.0,https://www.kaggle.com/competitions/fixing-the-poisoned-well/discussion/link-to-blog
prv_fc_47_22,0.0,https://www.kaggle.com/competitions/fixing-the-poisoned-well/discussion/link-to-blog
prv_fc_47_23,0.0,https://www.kaggle.com/competitions/fixing-the-poisoned-well/discussion/link-to-blog
prv_fc_47_24,0.0,https://www.kaggle.com/competitions/fixing-the-poisoned-well/discussion/link-to-blog
prv_fc_47_25,0.0,https://www.kaggle.com/competitions/fixing-the-poisoned-well/discussion/link-to-blog
prv_fc_47_26,0.0,https://www.kaggle.com/competitions/fixing-the-poisoned-well/discussion/link-to-blog
prv_fc_47_27,0.0,https://www.kaggle.com/competitions/fixing-the-poisoned-well/discussion/link-to-blog
prv_fc_47_28,0.0,https://www.kaggle.com/competitions/fixing-the-poisoned-well/discussion/link-to-blog
prv_fc_47_29,0.0,https://www.kaggle.com/competitions/fixing-the-poisoned-well/discussion/link-to-blog
prv_fc_47_30,0.0,https://www.kaggle.com/competitions/fixing-the-poisoned-well/discussion/link-to-blog
prv_fc_47_31,0.0,https://www.kaggle.com/competitions/fixing-the-poisoned-well/discussion/link-to-blog
prv_fc_47_32,0.0,https://www.kaggle.com/competitions/fixing-the-poisoned-well/discussion/link-to-blog
prv_fc_47_33,0.0,https://www.kaggle.com/competitions/fixing-the-poisoned-well/discussion/link-to-blog
prv_fc_47_34,0.0,https://www.kaggle.com/competitions/fixing-the-poisoned-well/discussion/link-to-blog
prv_fc_47_35,0.0,https://www.kaggle.com/competitions/fixing-the-poisoned-well/discussion/link-to-blog
prv_fc_47_36,0.0,https://www.kaggle.com/competitions/fixing-the-poisoned-well/discussion/link-to-blog
prv_fc_47_37,0.0,https://www.kaggle.com/competitions/fixing-the-poisoned-well/discussion/link-to-blog
prv_fc_47_38,0.0,https://www.kaggle.com/competitions/fixing-the-poisoned-well/discussion/link-to-blog
prv_fc_47_39,0.0,https://www.kaggle.com/competitions/fixing-the-poisoned-well/discussion/link-to-blog
prv_fc_47_40,0.0,https://www.kaggle.com/competitions/fixing-the-poisoned-well/discussion/link-to-blog
prv_fc_47_41,0.0,https://www.kaggle.com/competitions/fixing-the-poisoned-well/discussion/link-to-blog
prv_fc_47_42,0.0,https://www.kaggle.com/competitions/fixing-the-poisoned-well/discussion/link-to-blog
prv_fc_47_43,0.0,https://www.kaggle.com/competitions/fixing-the-poisoned-well/discussion/link-to-blog
prv_fc_47_44,0.0,https://www.kaggle.com/competitions/fixing-the-poisoned-well/discussion/link-to-blog
prv_fc_47_45,0.0,https://www.kaggle.com/competitions/fixing-the-poisoned-well/discussion/link-to-blog
prv_fc_47_46,0.0,https://www.kaggle.com/competitions/fixing-the-poisoned-well/discussion/link-to-blog
prv_fc_47_47,0.0,https://www.kaggle.com/competitions/fixing-the-poisoned-well/discussion/link-to-blog
prv_fc_47_48,0.0,https://www.kaggle.com/competitions/fixing-the-poisoned-well/discussion/link-to-blog
prv_fc_47_49,0.0,https://www.kaggle.com/competitions/fixing-the-poisoned-well/discussion/link-to-blog
prv_fc_47_50,0.0,https://www.kaggle.com/competitions/fixing-the-poisoned-well/discussion/link-to-blog
prv_fc_47_51,0.0,https://www.kaggle.com/competitions/fixing-the-poisoned-well/discussion/link-to-blog
prv_fc_47_52,0.0,https://www.kaggle.com/competitions/fixing-the-poisoned-well/discussion/link-to-blog
prv_fc_47_53,0.0,https://www.kaggle.com/competitions/fixing-the-poisoned-well/discussion/link-to-blog
prv_fc_47_54,0.0,https://www.kaggle.com/competitions/fixing-the-poisoned-well/discussion/link-to-blog
prv_fc_47_55,0.0,https://www.kaggle.com/competitions/fixing-the-poisoned-well/discussion/link-to-blog
prv_fc_48_0,0.0,https://www.kaggle.com/competitions/fixing-the-poisoned-well/discussion/link-to-blog
prv_fc_48_1,0.0,https://www.kaggle.com/competitions/fixing-the-poisoned-well/discussion/link-to-blog
prv_fc_48_2,0.0,https://www.kaggle.com/competitions/fixing-the-poisoned-well/discussion/link-to-blog
prv_fc_48_3,0.0,https://www.kaggle.com/competitions/fixing-the-poisoned-well/discussion/link-to-blog
prv_fc_48_4,0.0,https://www.kaggle.com/competitions/fixing-the-poisoned-well/discussion/link-to-blog
prv_fc_48_5,0.0,https://www.kaggle.com/competitions/fixing-the-poisoned-well/discussion/link-to-blog
prv_fc_48_6,0.0,https://www.kaggle.com/competitions/fixing-the-poisoned-well/discussion/link-to-blog
prv_fc_48_7,0.0,https://www.kaggle.com/competitions/fixing-the-poisoned-well/discussion/link-to-blog
prv_fc_48_8,0.0,https://www.kaggle.com/competitions/fixing-the-poisoned-well/discussion/link-to-blog
prv_fc_48_9,0.0,https://www.kaggle.com/competitions/fixing-the-poisoned-well/discussion/link-to-blog
prv_fc_48_10,0.0,https://www.kaggle.com/competitions/fixing-the-poisoned-well/discussion/link-to-blog
prv_fc_48_11,0.0,https://www.kaggle.com/competitions/fixing-the-poisoned-well/discussion/link-to-blog
prv_fc_48_12,0.0,https://www.kaggle.com/competitions/fixing-the-poisoned-well/discussion/link-to-blog
prv_fc_48_13,0.0,https://www.kaggle.com/competitions/fixing-the-poisoned-well/discussion/link-to-blog
prv_fc_48_14,0.0,https://www.kaggle.com/competitions/fixing-the-poisoned-well/discussion/link-to-blog
prv_fc_48_15,0.0,https://www.kaggle.com/competitions/fixing-the-poisoned-well/discussion/link-to-blog
prv_fc_48_16,0.0,https://www.kaggle.com/competitions/fixing-the-poisoned-well/discussion/link-to-blog
prv_fc_48_17,0.0,https://www.kaggle.com/competitions/fixing-the-poisoned-well/discussion/link-to-blog
prv_fc_48_18,0.0,https://www.kaggle.com/competitions/fixing-the-poisoned-well/discussion/link-to-blog
prv_fc_48_19,0.0,https://www.kaggle.com/competitions/fixing-the-poisoned-well/discussion/link-to-blog
prv_fc_48_20,0.0,https://www.kaggle.com/competitions/fixing-the-poisoned-well/discussion/link-to-blog
prv_fc_48_21,0.0,https://www.kaggle.com/competitions/fixing-the-poisoned-well/discussion/link-to-blog
prv_fc_48_22,0.0,https://www.kaggle.com/competitions/fixing-the-poisoned-well/discussion/link-to-blog
prv_fc_48_23,0.0,https://www.kaggle.com/competitions/fixing-the-poisoned-well/discussion/link-to-blog
prv_fc_48_24,0.0,https://www.kaggle.com/competitions/fixing-the-poisoned-well/discussion/link-to-blog
prv_fc_48_25,0.0,https://www.kaggle.com/competitions/fixing-the-poisoned-well/discussion/link-to-blog
prv_fc_48_26,0.0,https://www.kaggle.com/competitions/fixing-the-poisoned-well/discussion/link-to-blog
prv_fc_48_27,0.0,https://www.kaggle.com/competitions/fixing-the-poisoned-well/discussion/link-to-blog
prv_fc_48_28,0.0,https://www.kaggle.com/competitions/fixing-the-poisoned-well/discussion/link-to-blog
prv_fc_48_29,0.0,https://www.kaggle.com/competitions/fixing-the-poisoned-well/discussion/link-to-blog
prv_fc_48_30,0.0,https://www.kaggle.com/competitions/fixing-the-poisoned-well/discussion/link-to-blog
prv_fc_48_31,0.0,https://www.kaggle.com/competitions/fixing-the-poisoned-well/discussion/link-to-blog
prv_fc_48_32,0.0,https://www.kaggle.com/competitions/fixing-the-poisoned-well/discussion/link-to-blog
prv_fc_48_33,0.0,https://www.kaggle.com/competitions/fixing-the-poisoned-well/discussion/link-to-blog
prv_fc_48_34,0.0,https://www.kaggle.com/competitions/fixing-the-poisoned-well/discussion/link-to-blog
prv_fc_48_35,0.0,https://www.kaggle.com/competitions/fixing-the-poisoned-well/discussion/link-to-blog
prv_fc_48_36,0.0,https://www.kaggle.com/competitions/fixing-the-poisoned-well/discussion/link-to-blog
prv_fc_48_37,0.0,https://www.kaggle.com/competitions/fixing-the-poisoned-well/discussion/link-to-blog
prv_fc_48_38,0.0,https://www.kaggle.com/competitions/fixing-the-poisoned-well/discussion/link-to-blog
prv_fc_48_39,0.0,https://www.kaggle.com/competitions/fixing-the-poisoned-well/discussion/link-to-blog
prv_fc_48_40,0.0,https://www.kaggle.com/competitions/fixing-the-poisoned-well/discussion/link-to-blog
prv_fc_48_41,0.0,https://www.kaggle.com/competitions/fixing-the-poisoned-well/discussion/link-to-blog
prv_fc_48_42,0.0,https://www.kaggle.com/competitions/fixing-the-poisoned-well/discussion/link-to-blog
prv_fc_48_43,0.0,https://www.kaggle.com/competitions/fixing-the-poisoned-well/discussion/link-to-blog
prv_fc_48_44,0.0,https://www.kaggle.com/competitions/fixing-the-poisoned-well/discussion/link-to-blog
prv_fc_48_45,0.0,https://www.kaggle.com/competitions/fixing-the-poisoned-well/discussion/link-to-blog
prv_fc_48_46,0.0,https://www.kaggle.com/competitions/fixing-the-poisoned-well/discussion/link-to-blog
prv_fc_48_47,0.0,https://www.kaggle.com/competitions/fixing-the-poisoned-well/discussion/link-to-blog
prv_fc_48_48,0.0,https://www.kaggle.com/competitions/fixing-the-poisoned-well/discussion/link-to-blog
prv_fc_48_49,0.0,https://www.kaggle.com/competitions/fixing-the-poisoned-well/discussion/link-to-blog
prv_fc_48_50,0.0,https://www.kaggle.com/competitions/fixing-the-poisoned-well/discussion/link-to-blog
prv_fc_48_51,0.0,https://www.kaggle.com/competitions/fixing-the-poisoned-well/discussion/link-to-blog
prv_fc_48_52,0.0,https://www.kaggle.com/competitions/fixing-the-poisoned-well/discussion/link-to-blog
prv_fc_48_53,0.0,https://www.kaggle.com/competitions/fixing-the-poisoned-well/discussion/link-to-blog
prv_fc_48_54,0.0,https://www.kaggle.com/competitions/fixing-the-poisoned-well/discussion/link-to-blog
prv_fc_48_55,0.0,https://www.kaggle.com/competitions/fixing-the-poisoned-well/discussion/link-to-blog
prv_fc_49_0,0.0,https://www.kaggle.com/competitions/fixing-the-poisoned-well/discussion/link-to-blog
prv_fc_49_1,0.0,https://www.kaggle.com/competitions/fixing-the-poisoned-well/discussion/link-to-blog
prv_fc_49_2,0.0,https://www.kaggle.com/competitions/fixing-the-poisoned-well/discussion/link-to-blog
prv_fc_49_3,0.0,https://www.kaggle.com/competitions/fixing-the-poisoned-well/discussion/link-to-blog
prv_fc_49_4,0.0,https://www.kaggle.com/competitions/fixing-the-poisoned-well/discussion/link-to-blog
prv_fc_49_5,0.0,https://www.kaggle.com/competitions/fixing-the-poisoned-well/discussion/link-to-blog
prv_fc_49_6,0.0,https://www.kaggle.com/competitions/fixing-the-poisoned-well/discussion/link-to-blog
prv_fc_49_7,0.0,https://www.kaggle.com/competitions/fixing-the-poisoned-well/discussion/link-to-blog
prv_fc_49_8,0.0,https://www.kaggle.com/competitions/fixing-the-poisoned-well/discussion/link-to-blog
prv_fc_49_9,0.0,https://www.kaggle.com/competitions/fixing-the-poisoned-well/discussion/link-to-blog
prv_fc_49_10,0.0,https://www.kaggle.com/competitions/fixing-the-poisoned-well/discussion/link-to-blog
prv_fc_49_11,0.0,https://www.kaggle.com/competitions/fixing-the-poisoned-well/discussion/link-to-blog
prv_fc_49_12,0.0,https://www.kaggle.com/competitions/fixing-the-poisoned-well/discussion/link-to-blog
prv_fc_49_13,0.0,https://www.kaggle.com/competitions/fixing-the-poisoned-well/discussion/link-to-blog
prv_fc_49_14,0.0,https://www.kaggle.com/competitions/fixing-the-poisoned-well/discussion/link-to-blog
prv_fc_49_15,0.0,https://www.kaggle.com/competitions/fixing-the-poisoned-well/discussion/link-to-blog
prv_fc_49_16,0.0,https://www.kaggle.com/competitions/fixing-the-poisoned-well/discussion/link-to-blog
prv_fc_49_17,0.0,https://www.kaggle.com/competitions/fixing-the-poisoned-well/discussion/link-to-blog
prv_fc_49_18,0.0,https://www.kaggle.com/competitions/fixing-the-poisoned-well/discussion/link-to-blog
prv_fc_49_19,0.0,https://www.kaggle.com/competitions/fixing-the-poisoned-well/discussion/link-to-blog
prv_fc_49_20,0.0,https://www.kaggle.com/competitions/fixing-the-poisoned-well/discussion/link-to-blog
prv_fc_49_21,0.0,https://www.kaggle.com/competitions/fixing-the-poisoned-well/discussion/link-to-blog
prv_fc_49_22,0.0,https://www.kaggle.com/competitions/fixing-the-poisoned-well/discussion/link-to-blog
prv_fc_49_23,0.0,https://www.kaggle.com/competitions/fixing-the-poisoned-well/discussion/link-to-blog
prv_fc_49_24,0.0,https://www.kaggle.com/competitions/fixing-the-poisoned-well/discussion/link-to-blog
prv_fc_49_25,0.0,https://www.kaggle.com/competitions/fixing-the-poisoned-well/discussion/link-to-blog
prv_fc_49_26,0.0,https://www.kaggle.com/competitions/fixing-the-poisoned-well/discussion/link-to-blog
prv_fc_49_27,0.0,https://www.kaggle.com/competitions/fixing-the-poisoned-well/discussion/link-to-blog
prv_fc_49_28,0.0,https://www.kaggle.com/competitions/fixing-the-poisoned-well/discussion/link-to-blog
prv_fc_49_29,0.0,https://www.kaggle.com/competitions/fixing-the-poisoned-well/discussion/link-to-blog
prv_fc_49_30,0.0,https://www.kaggle.com/competitions/fixing-the-poisoned-well/discussion/link-to-blog
prv_fc_49_31,0.0,https://www.kaggle.com/competitions/fixing-the-poisoned-well/discussion/link-to-blog
prv_fc_49_32,0.0,https://www.kaggle.com/competitions/fixing-the-poisoned-well/discussion/link-to-blog
prv_fc_49_33,0.0,https://www.kaggle.com/competitions/fixing-the-poisoned-well/discussion/link-to-blog
prv_fc_49_34,0.0,https://www.kaggle.com/competitions/fixing-the-poisoned-well/discussion/link-to-blog
prv_fc_49_35,0.0,https://www.kaggle.com/competitions/fixing-the-poisoned-well/discussion/link-to-blog
prv_fc_49_36,0.0,https://www.kaggle.com/competitions/fixing-the-poisoned-well/discussion/link-to-blog
prv_fc_49_37,0.0,https://www.kaggle.com/competitions/fixing-the-poisoned-well/discussion/link-to-blog
prv_fc_49_38,0.0,https://www.kaggle.com/competitions/fixing-the-poisoned-well/discussion/link-to-blog
prv_fc_49_39,0.0,https://www.kaggle.com/competitions/fixing-the-poisoned-well/discussion/link-to-blog
prv_fc_49_40,0.0,https://www.kaggle.com/competitions/fixing-the-poisoned-well/discussion/link-to-blog
prv_fc_49_41,0.0,https://www.kaggle.com/competitions/fixing-the-poisoned-well/discussion/link-to-blog
prv_fc_49_42,0.0,https://www.kaggle.com/competitions/fixing-the-poisoned-well/discussion/link-to-blog
prv_fc_49_43,0.0,https://www.kaggle.com/competitions/fixing-the-poisoned-well/discussion/link-to-blog
prv_fc_49_44,0.0,https://www.kaggle.com/competitions/fixing-the-poisoned-well/discussion/link-to-blog
prv_fc_49_45,0.0,https://www.kaggle.com/competitions/fixing-the-poisoned-well/discussion/link-to-blog
prv_fc_49_46,0.0,https://www.kaggle.com/competitions/fixing-the-poisoned-well/discussion/link-to-blog
prv_fc_49_47,0.0,https://www.kaggle.com/competitions/fixing-the-poisoned-well/discussion/link-to-blog
prv_fc_49_48,0.0,https://www.kaggle.com/competitions/fixing-the-poisoned-well/discussion/link-to-blog
prv_fc_49_49,0.0,https://www.kaggle.com/competitions/fixing-the-poisoned-well/discussion/link-to-blog
prv_fc_49_50,0.0,https://www.kaggle.com/competitions/fixing-the-poisoned-well/discussion/link-to-blog
prv_fc_49_51,0.0,https://www.kaggle.com/competitions/fixing-the-poisoned-well/discussion/link-to-blog
prv_fc_49_52,0.0,https://www.kaggle.com/competitions/fixing-the-poisoned-well/discussion/link-to-blog
prv_fc_49_53,0.0,https://www.kaggle.com/competitions/fixing-the-poisoned-well/discussion/link-to-blog
prv_fc_49_54,0.0,https://www.kaggle.com/competitions/fixing-the-poisoned-well/discussion/link-to-blog
prv_fc_49_55,0.0,https://www.kaggle.com/competitions/fixing-the-poisoned-well/discussion/link-to-blog
prv_fc_50_0,0.0,https://www.kaggle.com/competitions/fixing-the-poisoned-well/discussion/link-to-blog
prv_fc_50_1,0.0,https://www.kaggle.com/competitions/fixing-the-poisoned-well/discussion/link-to-blog
prv_fc_50_2,0.0,https://www.kaggle.com/competitions/fixing-the-poisoned-well/discussion/link-to-blog
prv_fc_50_3,0.0,https://www.kaggle.com/competitions/fixing-the-poisoned-well/discussion/link-to-blog
prv_fc_50_4,0.0,https://www.kaggle.com/competitions/fixing-the-poisoned-well/discussion/link-to-blog
prv_fc_50_5,0.0,https://www.kaggle.com/competitions/fixing-the-poisoned-well/discussion/link-to-blog
prv_fc_50_6,0.0,https://www.kaggle.com/competitions/fixing-the-poisoned-well/discussion/link-to-blog
prv_fc_50_7,0.0,https://www.kaggle.com/competitions/fixing-the-poisoned-well/discussion/link-to-blog
prv_fc_50_8,0.0,https://www.kaggle.com/competitions/fixing-the-poisoned-well/discussion/link-to-blog
prv_fc_50_9,0.0,https://www.kaggle.com/competitions/fixing-the-poisoned-well/discussion/link-to-blog
prv_fc_50_10,0.0,https://www.kaggle.com/competitions/fixing-the-poisoned-well/discussion/link-to-blog
prv_fc_50_11,0.0,https://www.kaggle.com/competitions/fixing-the-poisoned-well/discussion/link-to-blog
prv_fc_50_12,0.0,https://www.kaggle.com/competitions/fixing-the-poisoned-well/discussion/link-to-blog
prv_fc_50_13,0.0,https://www.kaggle.com/competitions/fixing-the-poisoned-well/discussion/link-to-blog
prv_fc_50_14,0.0,https://www.kaggle.com/competitions/fixing-the-poisoned-well/discussion/link-to-blog
prv_fc_50_15,0.0,https://www.kaggle.com/competitions/fixing-the-poisoned-well/discussion/link-to-blog
prv_fc_50_16,0.0,https://www.kaggle.com/competitions/fixing-the-poisoned-well/discussion/link-to-blog
prv_fc_50_17,0.0,https://www.kaggle.com/competitions/fixing-the-poisoned-well/discussion/link-to-blog
prv_fc_50_18,0.0,https://www.kaggle.com/competitions/fixing-the-poisoned-well/discussion/link-to-blog
prv_fc_50_19,0.0,https://www.kaggle.com/competitions/fixing-the-poisoned-well/discussion/link-to-blog
prv_fc_50_20,0.0,https://www.kaggle.com/competitions/fixing-the-poisoned-well/discussion/link-to-blog
prv_fc_50_21,0.0,https://www.kaggle.com/competitions/fixing-the-poisoned-well/discussion/link-to-blog
prv_fc_50_22,0.0,https://www.kaggle.com/competitions/fixing-the-poisoned-well/discussion/link-to-blog
prv_fc_50_23,0.0,https://www.kaggle.com/competitions/fixing-the-poisoned-well/discussion/link-to-blog
prv_fc_50_24,0.0,https://www.kaggle.com/competitions/fixing-the-poisoned-well/discussion/link-to-blog
prv_fc_50_25,0.0,https://www.kaggle.com/competitions/fixing-the-poisoned-well/discussion/link-to-blog
prv_fc_50_26,0.0,https://www.kaggle.com/competitions/fixing-the-poisoned-well/discussion/link-to-blog
prv_fc_50_27,0.0,https://www.kaggle.com/competitions/fixing-the-poisoned-well/discussion/link-to-blog
prv_fc_50_28,0.0,https://www.kaggle.com/competitions/fixing-the-poisoned-well/discussion/link-to-blog
prv_fc_50_29,0.0,https://www.kaggle.com/competitions/fixing-the-poisoned-well/discussion/link-to-blog
prv_fc_50_30,0.0,https://www.kaggle.com/competitions/fixing-the-poisoned-well/discussion/link-to-blog
prv_fc_50_31,0.0,https://www.kaggle.com/competitions/fixing-the-poisoned-well/discussion/link-to-blog
prv_fc_50_32,0.0,https://www.kaggle.com/competitions/fixing-the-poisoned-well/discussion/link-to-blog
prv_fc_50_33,0.0,https://www.kaggle.com/competitions/fixing-the-poisoned-well/discussion/link-to-blog
prv_fc_50_34,0.0,https://www.kaggle.com/competitions/fixing-the-poisoned-well/discussion/link-to-blog
prv_fc_50_35,0.0,https://www.kaggle.com/competitions/fixing-the-poisoned-well/discussion/link-to-blog
prv_fc_50_36,0.0,https://www.kaggle.com/competitions/fixing-the-poisoned-well/discussion/link-to-blog
prv_fc_50_37,0.0,https://www.kaggle.com/competitions/fixing-the-poisoned-well/discussion/link-to-blog
prv_fc_50_38,0.0,https://www.kaggle.com/competitions/fixing-the-poisoned-well/discussion/link-to-blog
prv_fc_50_39,0.0,https://www.kaggle.com/competitions/fixing-the-poisoned-well/discussion/link-to-blog
prv_fc_50_40,0.0,https://www.kaggle.com/competitions/fixing-the-poisoned-well/discussion/link-to-blog
prv_fc_50_41,0.0,https://www.kaggle.com/competitions/fixing-the-poisoned-well/discussion/link-to-blog
prv_fc_50_42,0.0,https://www.kaggle.com/competitions/fixing-the-poisoned-well/discussion/link-to-blog
prv_fc_50_43,0.0,https://www.kaggle.com/competitions/fixing-the-poisoned-well/discussion/link-to-blog
prv_fc_50_44,0.0,https://www.kaggle.com/competitions/fixing-the-poisoned-well/discussion/link-to-blog
prv_fc_50_45,0.0,https://www.kaggle.com/competitions/fixing-the-poisoned-well/discussion/link-to-blog
prv_fc_50_46,0.0,https://www.kaggle.com/competitions/fixing-the-poisoned-well/discussion/link-to-blog
prv_fc_50_47,0.0,https://www.kaggle.com/competitions/fixing-the-poisoned-well/discussion/link-to-blog
prv_fc_50_48,0.0,https://www.kaggle.com/competitions/fixing-the-poisoned-well/discussion/link-to-blog
prv_fc_50_49,0.0,https://www.kaggle.com/competitions/fixing-the-poisoned-well/discussion/link-to-blog
prv_fc_50_50,0.0,https://www.kaggle.com/competitions/fixing-the-poisoned-well/discussion/link-to-blog
prv_fc_50_51,0.0,https://www.kaggle.com/competitions/fixing-the-poisoned-well/discussion/link-to-blog
prv_fc_50_52,0.0,https://www.kaggle.com/competitions/fixing-the-poisoned-well/discussion/link-to-blog
prv_fc_50_53,0.0,https://www.kaggle.com/competitions/fixing-the-poisoned-well/discussion/link-to-blog
prv_fc_50_54,0.0,https://www.kaggle.com/competitions/fixing-the-poisoned-well/discussion/link-to-blog
prv_fc_50_55,0.0,https://www.kaggle.com/competitions/fixing-the-poisoned-well/discussion/link-to-blog
prv_fc_51_0,0.0,https://www.kaggle.com/competitions/fixing-the-poisoned-well/discussion/link-to-blog
prv_fc_51_1,0.0,https://www.kaggle.com/competitions/fixing-the-poisoned-well/discussion/link-to-blog
prv_fc_51_2,0.0,https://www.kaggle.com/competitions/fixing-the-poisoned-well/discussion/link-to-blog
prv_fc_51_3,0.0,https://www.kaggle.com/competitions/fixing-the-poisoned-well/discussion/link-to-blog
prv_fc_51_4,0.0,https://www.kaggle.com/competitions/fixing-the-poisoned-well/discussion/link-to-blog
prv_fc_51_5,0.0,https://www.kaggle.com/competitions/fixing-the-poisoned-well/discussion/link-to-blog
prv_fc_51_6,0.0,https://www.kaggle.com/competitions/fixing-the-poisoned-well/discussion/link-to-blog
prv_fc_51_7,0.0,https://www.kaggle.com/competitions/fixing-the-poisoned-well/discussion/link-to-blog
prv_fc_51_8,0.0,https://www.kaggle.com/competitions/fixing-the-poisoned-well/discussion/link-to-blog
prv_fc_51_9,0.0,https://www.kaggle.com/competitions/fixing-the-poisoned-well/discussion/link-to-blog
prv_fc_51_10,0.0,https://www.kaggle.com/competitions/fixing-the-poisoned-well/discussion/link-to-blog
prv_fc_51_11,0.0,https://www.kaggle.com/competitions/fixing-the-poisoned-well/discussion/link-to-blog
prv_fc_51_12,0.0,https://www.kaggle.com/competitions/fixing-the-poisoned-well/discussion/link-to-blog
prv_fc_51_13,0.0,https://www.kaggle.com/competitions/fixing-the-poisoned-well/discussion/link-to-blog
prv_fc_51_14,0.0,https://www.kaggle.com/competitions/fixing-the-poisoned-well/discussion/link-to-blog
prv_fc_51_15,0.0,https://www.kaggle.com/competitions/fixing-the-poisoned-well/discussion/link-to-blog
prv_fc_51_16,0.0,https://www.kaggle.com/competitions/fixing-the-poisoned-well/discussion/link-to-blog
prv_fc_51_17,0.0,https://www.kaggle.com/competitions/fixing-the-poisoned-well/discussion/link-to-blog
prv_fc_51_18,0.0,https://www.kaggle.com/competitions/fixing-the-poisoned-well/discussion/link-to-blog
prv_fc_51_19,0.0,https://www.kaggle.com/competitions/fixing-the-poisoned-well/discussion/link-to-blog
prv_fc_51_20,0.0,https://www.kaggle.com/competitions/fixing-the-poisoned-well/discussion/link-to-blog
prv_fc_51_21,0.0,https://www.kaggle.com/competitions/fixing-the-poisoned-well/discussion/link-to-blog
prv_fc_51_22,0.0,https://www.kaggle.com/competitions/fixing-the-poisoned-well/discussion/link-to-blog
prv_fc_51_23,0.0,https://www.kaggle.com/competitions/fixing-the-poisoned-well/discussion/link-to-blog
prv_fc_51_24,0.0,https://www.kaggle.com/competitions/fixing-the-poisoned-well/discussion/link-to-blog
prv_fc_51_25,0.0,https://www.kaggle.com/competitions/fixing-the-poisoned-well/discussion/link-to-blog
prv_fc_51_26,0.0,https://www.kaggle.com/competitions/fixing-the-poisoned-well/discussion/link-to-blog
prv_fc_51_27,0.0,https://www.kaggle.com/competitions/fixing-the-poisoned-well/discussion/link-to-blog
prv_fc_51_28,0.0,https://www.kaggle.com/competitions/fixing-the-poisoned-well/discussion/link-to-blog
prv_fc_51_29,0.0,https://www.kaggle.com/competitions/fixing-the-poisoned-well/discussion/link-to-blog
prv_fc_51_30,0.0,https://www.kaggle.com/competitions/fixing-the-poisoned-well/discussion/link-to-blog
prv_fc_51_31,0.0,https://www.kaggle.com/competitions/fixing-the-poisoned-well/discussion/link-to-blog
prv_fc_51_32,0.0,https://www.kaggle.com/competitions/fixing-the-poisoned-well/discussion/link-to-blog
prv_fc_51_33,0.0,https://www.kaggle.com/competitions/fixing-the-poisoned-well/discussion/link-to-blog
prv_fc_51_34,0.0,https://www.kaggle.com/competitions/fixing-the-poisoned-well/discussion/link-to-blog
prv_fc_51_35,0.0,https://www.kaggle.com/competitions/fixing-the-poisoned-well/discussion/link-to-blog
prv_fc_51_36,0.0,https://www.kaggle.com/competitions/fixing-the-poisoned-well/discussion/link-to-blog
prv_fc_51_37,0.0,https://www.kaggle.com/competitions/fixing-the-poisoned-well/discussion/link-to-blog
prv_fc_51_38,0.0,https://www.kaggle.com/competitions/fixing-the-poisoned-well/discussion/link-to-blog
prv_fc_51_39,0.0,https://www.kaggle.com/competitions/fixing-the-poisoned-well/discussion/link-to-blog
prv_fc_51_40,0.0,https://www.kaggle.com/competitions/fixing-the-poisoned-well/discussion/link-to-blog
prv_fc_51_41,0.0,https://www.kaggle.com/competitions/fixing-the-poisoned-well/discussion/link-to-blog
prv_fc_51_42,0.0,https://www.kaggle.com/competitions/fixing-the-poisoned-well/discussion/link-to-blog
prv_fc_51_43,0.0,https://www.kaggle.com/competitions/fixing-the-poisoned-well/discussion/link-to-blog
prv_fc_51_44,0.0,https://www.kaggle.com/competitions/fixing-the-poisoned-well/discussion/link-to-blog
prv_fc_51_45,0.0,https://www.kaggle.com/competitions/fixing-the-poisoned-well/discussion/link-to-blog
prv_fc_51_46,0.0,https://www.kaggle.com/competitions/fixing-the-poisoned-well/discussion/link-to-blog
prv_fc_51_47,0.0,https://www.kaggle.com/competitions/fixing-the-poisoned-well/discussion/link-to-blog
prv_fc_51_48,0.0,https://www.kaggle.com/competitions/fixing-the-poisoned-well/discussion/link-to-blog
prv_fc_51_49,0.0,https://www.kaggle.com/competitions/fixing-the-poisoned-well/discussion/link-to-blog
prv_fc_51_50,0.0,https://www.kaggle.com/competitions/fixing-the-poisoned-well/discussion/link-to-blog
prv_fc_51_51,0.0,https://www.kaggle.com/competitions/fixing-the-poisoned-well/discussion/link-to-blog
prv_fc_51_52,0.0,https://www.kaggle.com/competitions/fixing-the-poisoned-well/discussion/link-to-blog
prv_fc_51_53,0.0,https://www.kaggle.com/competitions/fixing-the-poisoned-well/discussion/link-to-blog
prv_fc_51_54,0.0,https://www.kaggle.com/competitions/fixing-the-poisoned-well/discussion/link-to-blog
prv_fc_51_55,0.0,https://www.kaggle.com/competitions/fixing-the-poisoned-well/discussion/link-to-blog
prv_fc_52_0,0.0,https://www.kaggle.com/competitions/fixing-the-poisoned-well/discussion/link-to-blog
prv_fc_52_1,0.0,https://www.kaggle.com/competitions/fixing-the-poisoned-well/discussion/link-to-blog
prv_fc_52_2,0.0,https://www.kaggle.com/competitions/fixing-the-poisoned-well/discussion/link-to-blog
prv_fc_52_3,0.0,https://www.kaggle.com/competitions/fixing-the-poisoned-well/discussion/link-to-blog
prv_fc_52_4,0.0,https://www.kaggle.com/competitions/fixing-the-poisoned-well/discussion/link-to-blog
prv_fc_52_5,0.0,https://www.kaggle.com/competitions/fixing-the-poisoned-well/discussion/link-to-blog
prv_fc_52_6,0.0,https://www.kaggle.com/competitions/fixing-the-poisoned-well/discussion/link-to-blog
prv_fc_52_7,0.0,https://www.kaggle.com/competitions/fixing-the-poisoned-well/discussion/link-to-blog
prv_fc_52_8,0.0,https://www.kaggle.com/competitions/fixing-the-poisoned-well/discussion/link-to-blog
prv_fc_52_9,0.0,https://www.kaggle.com/competitions/fixing-the-poisoned-well/discussion/link-to-blog
prv_fc_52_10,0.0,https://www.kaggle.com/competitions/fixing-the-poisoned-well/discussion/link-to-blog
prv_fc_52_11,0.0,https://www.kaggle.com/competitions/fixing-the-poisoned-well/discussion/link-to-blog
prv_fc_52_12,0.0,https://www.kaggle.com/competitions/fixing-the-poisoned-well/discussion/link-to-blog
prv_fc_52_13,0.0,https://www.kaggle.com/competitions/fixing-the-poisoned-well/discussion/link-to-blog
prv_fc_52_14,0.0,https://www.kaggle.com/competitions/fixing-the-poisoned-well/discussion/link-to-blog
prv_fc_52_15,0.0,https://www.kaggle.com/competitions/fixing-the-poisoned-well/discussion/link-to-blog
prv_fc_52_16,0.0,https://www.kaggle.com/competitions/fixing-the-poisoned-well/discussion/link-to-blog
prv_fc_52_17,0.0,https://www.kaggle.com/competitions/fixing-the-poisoned-well/discussion/link-to-blog
prv_fc_52_18,0.0,https://www.kaggle.com/competitions/fixing-the-poisoned-well/discussion/link-to-blog
prv_fc_52_19,0.0,https://www.kaggle.com/competitions/fixing-the-poisoned-well/discussion/link-to-blog
prv_fc_52_20,0.0,https://www.kaggle.com/competitions/fixing-the-poisoned-well/discussion/link-to-blog
prv_fc_52_21,0.0,https://www.kaggle.com/competitions/fixing-the-poisoned-well/discussion/link-to-blog
prv_fc_52_22,0.0,https://www.kaggle.com/competitions/fixing-the-poisoned-well/discussion/link-to-blog
prv_fc_52_23,0.0,https://www.kaggle.com/competitions/fixing-the-poisoned-well/discussion/link-to-blog
prv_fc_52_24,0.0,https://www.kaggle.com/competitions/fixing-the-poisoned-well/discussion/link-to-blog
prv_fc_52_25,0.0,https://www.kaggle.com/competitions/fixing-the-poisoned-well/discussion/link-to-blog
prv_fc_52_26,0.0,https://www.kaggle.com/competitions/fixing-the-poisoned-well/discussion/link-to-blog
prv_fc_52_27,0.0,https://www.kaggle.com/competitions/fixing-the-poisoned-well/discussion/link-to-blog
prv_fc_52_28,0.0,https://www.kaggle.com/competitions/fixing-the-poisoned-well/discussion/link-to-blog
prv_fc_52_29,0.0,https://www.kaggle.com/competitions/fixing-the-poisoned-well/discussion/link-to-blog
prv_fc_52_30,0.0,https://www.kaggle.com/competitions/fixing-the-poisoned-well/discussion/link-to-blog
prv_fc_52_31,0.0,https://www.kaggle.com/competitions/fixing-the-poisoned-well/discussion/link-to-blog
prv_fc_52_32,0.0,https://www.kaggle.com/competitions/fixing-the-poisoned-well/discussion/link-to-blog
prv_fc_52_33,0.0,https://www.kaggle.com/competitions/fixing-the-poisoned-well/discussion/link-to-blog
prv_fc_52_34,0.0,https://www.kaggle.com/competitions/fixing-the-poisoned-well/discussion/link-to-blog
prv_fc_52_35,0.0,https://www.kaggle.com/competitions/fixing-the-poisoned-well/discussion/link-to-blog
prv_fc_52_36,0.0,https://www.kaggle.com/competitions/fixing-the-poisoned-well/discussion/link-to-blog
prv_fc_52_37,0.0,https://www.kaggle.com/competitions/fixing-the-poisoned-well/discussion/link-to-blog
prv_fc_52_38,0.0,https://www.kaggle.com/competitions/fixing-the-poisoned-well/discussion/link-to-blog
prv_fc_52_39,0.0,https://www.kaggle.com/competitions/fixing-the-poisoned-well/discussion/link-to-blog
prv_fc_52_40,0.0,https://www.kaggle.com/competitions/fixing-the-poisoned-well/discussion/link-to-blog
prv_fc_52_41,0.0,https://www.kaggle.com/competitions/fixing-the-poisoned-well/discussion/link-to-blog
prv_fc_52_42,0.0,https://www.kaggle.com/competitions/fixing-the-poisoned-well/discussion/link-to-blog
prv_fc_52_43,0.0,https://www.kaggle.com/competitions/fixing-the-poisoned-well/discussion/link-to-blog
prv_fc_52_44,0.0,https://www.kaggle.com/competitions/fixing-the-poisoned-well/discussion/link-to-blog
prv_fc_52_45,0.0,https://www.kaggle.com/competitions/fixing-the-poisoned-well/discussion/link-to-blog
prv_fc_52_46,0.0,https://www.kaggle.com/competitions/fixing-the-poisoned-well/discussion/link-to-blog
prv_fc_52_47,0.0,https://www.kaggle.com/competitions/fixing-the-poisoned-well/discussion/link-to-blog
prv_fc_52_48,0.0,https://www.kaggle.com/competitions/fixing-the-poisoned-well/discussion/link-to-blog
prv_fc_52_49,0.0,https://www.kaggle.com/competitions/fixing-the-poisoned-well/discussion/link-to-blog
prv_fc_52_50,0.0,https://www.kaggle.com/competitions/fixing-the-poisoned-well/discussion/link-to-blog
prv_fc_52_51,0.0,https://www.kaggle.com/competitions/fixing-the-poisoned-well/discussion/link-to-blog
prv_fc_52_52,0.0,https://www.kaggle.com/competitions/fixing-the-poisoned-well/discussion/link-to-blog
prv_fc_52_53,0.0,https://www.kaggle.com/competitions/fixing-the-poisoned-well/discussion/link-to-blog
prv_fc_52_54,0.0,https://www.kaggle.com/competitions/fixing-the-poisoned-well/discussion/link-to-blog
prv_fc_52_55,0.0,https://www.kaggle.com/competitions/fixing-the-poisoned-well/discussion/link-to-blog
prv_fc_53_0,0.0,https://www.kaggle.com/competitions/fixing-the-poisoned-well/discussion/link-to-blog
prv_fc_53_1,0.0,https://www.kaggle.com/competitions/fixing-the-poisoned-well/discussion/link-to-blog
prv_fc_53_2,0.0,https://www.kaggle.com/competitions/fixing-the-poisoned-well/discussion/link-to-blog
prv_fc_53_3,0.0,https://www.kaggle.com/competitions/fixing-the-poisoned-well/discussion/link-to-blog
prv_fc_53_4,0.0,https://www.kaggle.com/competitions/fixing-the-poisoned-well/discussion/link-to-blog
prv_fc_53_5,0.0,https://www.kaggle.com/competitions/fixing-the-poisoned-well/discussion/link-to-blog
prv_fc_53_6,0.0,https://www.kaggle.com/competitions/fixing-the-poisoned-well/discussion/link-to-blog
prv_fc_53_7,0.0,https://www.kaggle.com/competitions/fixing-the-poisoned-well/discussion/link-to-blog
prv_fc_53_8,0.0,https://www.kaggle.com/competitions/fixing-the-poisoned-well/discussion/link-to-blog
prv_fc_53_9,0.0,https://www.kaggle.com/competitions/fixing-the-poisoned-well/discussion/link-to-blog
prv_fc_53_10,0.0,https://www.kaggle.com/competitions/fixing-the-poisoned-well/discussion/link-to-blog
prv_fc_53_11,0.0,https://www.kaggle.com/competitions/fixing-the-poisoned-well/discussion/link-to-blog
prv_fc_53_12,0.0,https://www.kaggle.com/competitions/fixing-the-poisoned-well/discussion/link-to-blog
prv_fc_53_13,0.0,https://www.kaggle.com/competitions/fixing-the-poisoned-well/discussion/link-to-blog
prv_fc_53_14,0.0,https://www.kaggle.com/competitions/fixing-the-poisoned-well/discussion/link-to-blog
prv_fc_53_15,0.0,https://www.kaggle.com/competitions/fixing-the-poisoned-well/discussion/link-to-blog
prv_fc_53_16,0.0,https://www.kaggle.com/competitions/fixing-the-poisoned-well/discussion/link-to-blog
prv_fc_53_17,0.0,https://www.kaggle.com/competitions/fixing-the-poisoned-well/discussion/link-to-blog
prv_fc_53_18,0.0,https://www.kaggle.com/competitions/fixing-the-poisoned-well/discussion/link-to-blog
prv_fc_53_19,0.0,https://www.kaggle.com/competitions/fixing-the-poisoned-well/discussion/link-to-blog
prv_fc_53_20,0.0,https://www.kaggle.com/competitions/fixing-the-poisoned-well/discussion/link-to-blog
prv_fc_53_21,0.0,https://www.kaggle.com/competitions/fixing-the-poisoned-well/discussion/link-to-blog
prv_fc_53_22,0.0,https://www.kaggle.com/competitions/fixing-the-poisoned-well/discussion/link-to-blog
prv_fc_53_23,0.0,https://www.kaggle.com/competitions/fixing-the-poisoned-well/discussion/link-to-blog
prv_fc_53_24,0.0,https://www.kaggle.com/competitions/fixing-the-poisoned-well/discussion/link-to-blog
prv_fc_53_25,0.0,https://www.kaggle.com/competitions/fixing-the-poisoned-well/discussion/link-to-blog
prv_fc_53_26,0.0,https://www.kaggle.com/competitions/fixing-the-poisoned-well/discussion/link-to-blog
prv_fc_53_27,0.0,https://www.kaggle.com/competitions/fixing-the-poisoned-well/discussion/link-to-blog
prv_fc_53_28,0.0,https://www.kaggle.com/competitions/fixing-the-poisoned-well/discussion/link-to-blog
prv_fc_53_29,0.0,https://www.kaggle.com/competitions/fixing-the-poisoned-well/discussion/link-to-blog
prv_fc_53_30,0.0,https://www.kaggle.com/competitions/fixing-the-poisoned-well/discussion/link-to-blog
prv_fc_53_31,0.0,https://www.kaggle.com/competitions/fixing-the-poisoned-well/discussion/link-to-blog
prv_fc_53_32,0.0,https://www.kaggle.com/competitions/fixing-the-poisoned-well/discussion/link-to-blog
prv_fc_53_33,0.0,https://www.kaggle.com/competitions/fixing-the-poisoned-well/discussion/link-to-blog
prv_fc_53_34,0.0,https://www.kaggle.com/competitions/fixing-the-poisoned-well/discussion/link-to-blog
prv_fc_53_35,0.0,https://www.kaggle.com/competitions/fixing-the-poisoned-well/discussion/link-to-blog
prv_fc_53_36,0.0,https://www.kaggle.com/competitions/fixing-the-poisoned-well/discussion/link-to-blog
prv_fc_53_37,0.0,https://www.kaggle.com/competitions/fixing-the-poisoned-well/discussion/link-to-blog
prv_fc_53_38,0.0,https://www.kaggle.com/competitions/fixing-the-poisoned-well/discussion/link-to-blog
prv_fc_53_39,0.0,https://www.kaggle.com/competitions/fixing-the-poisoned-well/discussion/link-to-blog
prv_fc_53_40,0.0,https://www.kaggle.com/competitions/fixing-the-poisoned-well/discussion/link-to-blog
prv_fc_53_41,0.0,https://www.kaggle.com/competitions/fixing-the-poisoned-well/discussion/link-to-blog
prv_fc_53_42,0.0,https://www.kaggle.com/competitions/fixing-the-poisoned-well/discussion/link-to-blog
prv_fc_53_43,0.0,https://www.kaggle.com/competitions/fixing-the-poisoned-well/discussion/link-to-blog
prv_fc_53_44,0.0,https://www.kaggle.com/competitions/fixing-the-poisoned-well/discussion/link-to-blog
prv_fc_53_45,0.0,https://www.kaggle.com/competitions/fixing-the-poisoned-well/discussion/link-to-blog
prv_fc_53_46,0.0,https://www.kaggle.com/competitions/fixing-the-poisoned-well/discussion/link-to-blog
prv_fc_53_47,0.0,https://www.kaggle.com/competitions/fixing-the-poisoned-well/discussion/link-to-blog
prv_fc_53_48,0.0,https://www.kaggle.com/competitions/fixing-the-poisoned-well/discussion/link-to-blog
prv_fc_53_49,0.0,https://www.kaggle.com/competitions/fixing-the-poisoned-well/discussion/link-to-blog
prv_fc_53_50,0.0,https://www.kaggle.com/competitions/fixing-the-poisoned-well/discussion/link-to-blog
prv_fc_53_51,0.0,https://www.kaggle.com/competitions/fixing-the-poisoned-well/discussion/link-to-blog
prv_fc_53_52,0.0,https://www.kaggle.com/competitions/fixing-the-poisoned-well/discussion/link-to-blog
prv_fc_53_53,0.0,https://www.kaggle.com/competitions/fixing-the-poisoned-well/discussion/link-to-blog
prv_fc_53_54,0.0,https://www.kaggle.com/competitions/fixing-the-poisoned-well/discussion/link-to-blog
prv_fc_53_55,0.0,https://www.kaggle.com/competitions/fixing-the-poisoned-well/discussion/link-to-blog
prv_fc_54_0,0.0,https://www.kaggle.com/competitions/fixing-the-poisoned-well/discussion/link-to-blog
prv_fc_54_1,0.0,https://www.kaggle.com/competitions/fixing-the-poisoned-well/discussion/link-to-blog
prv_fc_54_2,0.0,https://www.kaggle.com/competitions/fixing-the-poisoned-well/discussion/link-to-blog
prv_fc_54_3,0.0,https://www.kaggle.com/competitions/fixing-the-poisoned-well/discussion/link-to-blog
prv_fc_54_4,0.0,https://www.kaggle.com/competitions/fixing-the-poisoned-well/discussion/link-to-blog
prv_fc_54_5,0.0,https://www.kaggle.com/competitions/fixing-the-poisoned-well/discussion/link-to-blog
prv_fc_54_6,0.0,https://www.kaggle.com/competitions/fixing-the-poisoned-well/discussion/link-to-blog
prv_fc_54_7,0.0,https://www.kaggle.com/competitions/fixing-the-poisoned-well/discussion/link-to-blog
prv_fc_54_8,0.0,https://www.kaggle.com/competitions/fixing-the-poisoned-well/discussion/link-to-blog
prv_fc_54_9,0.0,https://www.kaggle.com/competitions/fixing-the-poisoned-well/discussion/link-to-blog
prv_fc_54_10,0.0,https://www.kaggle.com/competitions/fixing-the-poisoned-well/discussion/link-to-blog
prv_fc_54_11,0.0,https://www.kaggle.com/competitions/fixing-the-poisoned-well/discussion/link-to-blog
prv_fc_54_12,0.0,https://www.kaggle.com/competitions/fixing-the-poisoned-well/discussion/link-to-blog
prv_fc_54_13,0.0,https://www.kaggle.com/competitions/fixing-the-poisoned-well/discussion/link-to-blog
prv_fc_54_14,0.0,https://www.kaggle.com/competitions/fixing-the-poisoned-well/discussion/link-to-blog
prv_fc_54_15,0.0,https://www.kaggle.com/competitions/fixing-the-poisoned-well/discussion/link-to-blog
prv_fc_54_16,0.0,https://www.kaggle.com/competitions/fixing-the-poisoned-well/discussion/link-to-blog
prv_fc_54_17,0.0,https://www.kaggle.com/competitions/fixing-the-poisoned-well/discussion/link-to-blog
prv_fc_54_18,0.0,https://www.kaggle.com/competitions/fixing-the-poisoned-well/discussion/link-to-blog
prv_fc_54_19,0.0,https://www.kaggle.com/competitions/fixing-the-poisoned-well/discussion/link-to-blog
prv_fc_54_20,0.0,https://www.kaggle.com/competitions/fixing-the-poisoned-well/discussion/link-to-blog
prv_fc_54_21,0.0,https://www.kaggle.com/competitions/fixing-the-poisoned-well/discussion/link-to-blog
prv_fc_54_22,0.0,https://www.kaggle.com/competitions/fixing-the-poisoned-well/discussion/link-to-blog
prv_fc_54_23,0.0,https://www.kaggle.com/competitions/fixing-the-poisoned-well/discussion/link-to-blog
prv_fc_54_24,0.0,https://www.kaggle.com/competitions/fixing-the-poisoned-well/discussion/link-to-blog
prv_fc_54_25,0.0,https://www.kaggle.com/competitions/fixing-the-poisoned-well/discussion/link-to-blog
prv_fc_54_26,0.0,https://www.kaggle.com/competitions/fixing-the-poisoned-well/discussion/link-to-blog
prv_fc_54_27,0.0,https://www.kaggle.com/competitions/fixing-the-poisoned-well/discussion/link-to-blog
prv_fc_54_28,0.0,https://www.kaggle.com/competitions/fixing-the-poisoned-well/discussion/link-to-blog
prv_fc_54_29,0.0,https://www.kaggle.com/competitions/fixing-the-poisoned-well/discussion/link-to-blog
prv_fc_54_30,0.0,https://www.kaggle.com/competitions/fixing-the-poisoned-well/discussion/link-to-blog
prv_fc_54_31,0.0,https://www.kaggle.com/competitions/fixing-the-poisoned-well/discussion/link-to-blog
prv_fc_54_32,0.0,https://www.kaggle.com/competitions/fixing-the-poisoned-well/discussion/link-to-blog
prv_fc_54_33,0.0,https://www.kaggle.com/competitions/fixing-the-poisoned-well/discussion/link-to-blog
prv_fc_54_34,0.0,https://www.kaggle.com/competitions/fixing-the-poisoned-well/discussion/link-to-blog
prv_fc_54_35,0.0,https://www.kaggle.com/competitions/fixing-the-poisoned-well/discussion/link-to-blog
prv_fc_54_36,0.0,https://www.kaggle.com/competitions/fixing-the-poisoned-well/discussion/link-to-blog
prv_fc_54_37,0.0,https://www.kaggle.com/competitions/fixing-the-poisoned-well/discussion/link-to-blog
prv_fc_54_38,0.0,https://www.kaggle.com/competitions/fixing-the-poisoned-well/discussion/link-to-blog
prv_fc_54_39,0.0,https://www.kaggle.com/competitions/fixing-the-poisoned-well/discussion/link-to-blog
prv_fc_54_40,0.0,https://www.kaggle.com/competitions/fixing-the-poisoned-well/discussion/link-to-blog
prv_fc_54_41,0.0,https://www.kaggle.com/competitions/fixing-the-poisoned-well/discussion/link-to-blog
prv_fc_54_42,0.0,https://www.kaggle.com/competitions/fixing-the-poisoned-well/discussion/link-to-blog
prv_fc_54_43,0.0,https://www.kaggle.com/competitions/fixing-the-poisoned-well/discussion/link-to-blog
prv_fc_54_44,0.0,https://www.kaggle.com/competitions/fixing-the-poisoned-well/discussion/link-to-blog
prv_fc_54_45,0.0,https://www.kaggle.com/competitions/fixing-the-poisoned-well/discussion/link-to-blog
prv_fc_54_46,0.0,https://www.kaggle.com/competitions/fixing-the-poisoned-well/discussion/link-to-blog
prv_fc_54_47,0.0,https://www.kaggle.com/competitions/fixing-the-poisoned-well/discussion/link-to-blog
prv_fc_54_48,0.0,https://www.kaggle.com/competitions/fixing-the-poisoned-well/discussion/link-to-blog
prv_fc_54_49,0.0,https://www.kaggle.com/competitions/fixing-the-poisoned-well/discussion/link-to-blog
prv_fc_54_50,0.0,https://www.kaggle.com/competitions/fixing-the-poisoned-well/discussion/link-to-blog
prv_fc_54_51,0.0,https://www.kaggle.com/competitions/fixing-the-poisoned-well/discussion/link-to-blog
prv_fc_54_52,0.0,https://www.kaggle.com/competitions/fixing-the-poisoned-well/discussion/link-to-blog
prv_fc_54_53,0.0,https://www.kaggle.com/competitions/fixing-the-poisoned-well/discussion/link-to-blog
prv_fc_54_54,0.0,https://www.kaggle.com/competitions/fixing-the-poisoned-well/discussion/link-to-blog
prv_fc_54_55,0.0,https://www.kaggle.com/competitions/fixing-the-poisoned-well/discussion/link-to-blog
prv_fc_55_0,0.0,https://www.kaggle.com/competitions/fixing-the-poisoned-well/discussion/link-to-blog
prv_fc_55_1,0.0,https://www.kaggle.com/competitions/fixing-the-poisoned-well/discussion/link-to-blog
prv_fc_55_2,0.0,https://www.kaggle.com/competitions/fixing-the-poisoned-well/discussion/link-to-blog
prv_fc_55_3,0.0,https://www.kaggle.com/competitions/fixing-the-poisoned-well/discussion/link-to-blog
prv_fc_55_4,0.0,https://www.kaggle.com/competitions/fixing-the-poisoned-well/discussion/link-to-blog
prv_fc_55_5,0.0,https://www.kaggle.com/competitions/fixing-the-poisoned-well/discussion/link-to-blog
prv_fc_55_6,0.0,https://www.kaggle.com/competitions/fixing-the-poisoned-well/discussion/link-to-blog
prv_fc_55_7,0.0,https://www.kaggle.com/competitions/fixing-the-poisoned-well/discussion/link-to-blog
prv_fc_55_8,0.0,https://www.kaggle.com/competitions/fixing-the-poisoned-well/discussion/link-to-blog
prv_fc_55_9,0.0,https://www.kaggle.com/competitions/fixing-the-poisoned-well/discussion/link-to-blog
prv_fc_55_10,0.0,https://www.kaggle.com/competitions/fixing-the-poisoned-well/discussion/link-to-blog
prv_fc_55_11,0.0,https://www.kaggle.com/competitions/fixing-the-poisoned-well/discussion/link-to-blog
prv_fc_55_12,0.0,https://www.kaggle.com/competitions/fixing-the-poisoned-well/discussion/link-to-blog
prv_fc_55_13,0.0,https://www.kaggle.com/competitions/fixing-the-poisoned-well/discussion/link-to-blog
prv_fc_55_14,0.0,https://www.kaggle.com/competitions/fixing-the-poisoned-well/discussion/link-to-blog
prv_fc_55_15,0.0,https://www.kaggle.com/competitions/fixing-the-poisoned-well/discussion/link-to-blog
prv_fc_55_16,0.0,https://www.kaggle.com/competitions/fixing-the-poisoned-well/discussion/link-to-blog
prv_fc_55_17,0.0,https://www.kaggle.com/competitions/fixing-the-poisoned-well/discussion/link-to-blog
prv_fc_55_18,0.0,https://www.kaggle.com/competitions/fixing-the-poisoned-well/discussion/link-to-blog
prv_fc_55_19,0.0,https://www.kaggle.com/competitions/fixing-the-poisoned-well/discussion/link-to-blog
prv_fc_55_20,0.0,https://www.kaggle.com/competitions/fixing-the-poisoned-well/discussion/link-to-blog
prv_fc_55_21,0.0,https://www.kaggle.com/competitions/fixing-the-poisoned-well/discussion/link-to-blog
prv_fc_55_22,0.0,https://www.kaggle.com/competitions/fixing-the-poisoned-well/discussion/link-to-blog
prv_fc_55_23,0.0,https://www.kaggle.com/competitions/fixing-the-poisoned-well/discussion/link-to-blog
prv_fc_55_24,0.0,https://www.kaggle.com/competitions/fixing-the-poisoned-well/discussion/link-to-blog
prv_fc_55_25,0.0,https://www.kaggle.com/competitions/fixing-the-poisoned-well/discussion/link-to-blog
prv_fc_55_26,0.0,https://www.kaggle.com/competitions/fixing-the-poisoned-well/discussion/link-to-blog
prv_fc_55_27,0.0,https://www.kaggle.com/competitions/fixing-the-poisoned-well/discussion/link-to-blog
prv_fc_55_28,0.0,https://www.kaggle.com/competitions/fixing-the-poisoned-well/discussion/link-to-blog
prv_fc_55_29,0.0,https://www.kaggle.com/competitions/fixing-the-poisoned-well/discussion/link-to-blog
prv_fc_55_30,0.0,https://www.kaggle.com/competitions/fixing-the-poisoned-well/discussion/link-to-blog
prv_fc_55_31,0.0,https://www.kaggle.com/competitions/fixing-the-poisoned-well/discussion/link-to-blog
prv_fc_55_32,0.0,https://www.kaggle.com/competitions/fixing-the-poisoned-well/discussion/link-to-blog
prv_fc_55_33,0.0,https://www.kaggle.com/competitions/fixing-the-poisoned-well/discussion/link-to-blog
prv_fc_55_34,0.0,https://www.kaggle.com/competitions/fixing-the-poisoned-well/discussion/link-to-blog
prv_fc_55_35,0.0,https://www.kaggle.com/competitions/fixing-the-poisoned-well/discussion/link-to-blog
prv_fc_55_36,0.0,https://www.kaggle.com/competitions/fixing-the-poisoned-well/discussion/link-to-blog
prv_fc_55_37,0.0,https://www.kaggle.com/competitions/fixing-the-poisoned-well/discussion/link-to-blog
prv_fc_55_38,0.0,https://www.kaggle.com/competitions/fixing-the-poisoned-well/discussion/link-to-blog
prv_fc_55_39,0.0,https://www.kaggle.com/competitions/fixing-the-poisoned-well/discussion/link-to-blog
prv_fc_55_40,0.0,https://www.kaggle.com/competitions/fixing-the-poisoned-well/discussion/link-to-blog
prv_fc_55_41,0.0,https://www.kaggle.com/competitions/fixing-the-poisoned-well/discussion/link-to-blog
prv_fc_55_42,0.0,https://www.kaggle.com/competitions/fixing-the-poisoned-well/discussion/link-to-blog
prv_fc_55_43,0.0,https://www.kaggle.com/competitions/fixing-the-poisoned-well/discussion/link-to-blog
prv_fc_55_44,0.0,https://www.kaggle.com/competitions/fixing-the-poisoned-well/discussion/link-to-blog
prv_fc_55_45,0.0,https://www.kaggle.com/competitions/fixing-the-poisoned-well/discussion/link-to-blog
prv_fc_55_46,0.0,https://www.kaggle.com/competitions/fixing-the-poisoned-well/discussion/link-to-blog
prv_fc_55_47,0.0,https://www.kaggle.com/competitions/fixing-the-poisoned-well/discussion/link-to-blog
prv_fc_55_48,0.0,https://www.kaggle.com/competitions/fixing-the-poisoned-well/discussion/link-to-blog
prv_fc_55_49,0.0,https://www.kaggle.com/competitions/fixing-the-poisoned-well/discussion/link-to-blog
prv_fc_55_50,0.0,https://www.kaggle.com/competitions/fixing-the-poisoned-well/discussion/link-to-blog
prv_fc_55_51,0.0,https://www.kaggle.com/competitions/fixing-the-poisoned-well/discussion/link-to-blog
prv_fc_55_52,0.0,https://www.kaggle.com/competitions/fixing-the-poisoned-well/discussion/link-to-blog
prv_fc_55_53,0.0,https://www.kaggle.com/competitions/fixing-the-poisoned-well/discussion/link-to-blog
prv_fc_55_54,0.0,https://www.kaggle.com/competitions/fixing-the-poisoned-well/discussion/link-to-blog
prv_fc_55_55,0.0,https://www.kaggle.com/competitions/fixing-the-poisoned-well/discussion/link-to-blog
prv_dir_0,0.0,https://www.kaggle.com/competitions/fixing-the-poisoned-well/discussion/link-to-blog
prv_dir_1,0.0,https://www.kaggle.com/competitions/fixing-the-poisoned-well/discussion/link-to-blog
prv_dir_2,0.0,https://www.kaggle.com/competitions/fixing-the-poisoned-well/discussion/link-to-blog
prv_dir_3,0.0,https://www.kaggle.com/competitions/fixing-the-poisoned-well/discussion/link-to-blog
prv_dir_4,0.0,https://www.kaggle.com/competitions/fixing-the-poisoned-well/discussion/link-to-blog
prv_dir_5,0.0,https://www.kaggle.com/competitions/fixing-the-poisoned-well/discussion/link-to-blog
prv_dir_6,0.0,https://www.kaggle.com/competitions/fixing-the-poisoned-well/discussion/link-to-blog
prv_dir_7,0.0,https://www.kaggle.com/competitions/fixing-the-poisoned-well/discussion/link-to-blog
prv_dir_8,0.0,https://www.kaggle.com/competitions/fixing-the-poisoned-well/discussion/link-to-blog
prv_dir_9,0.0,https://www.kaggle.com/competitions/fixing-the-poisoned-well/discussion/link-to-blog
prv_dir_10,0.0,https://www.kaggle.com/competitions/fixing-the-poisoned-well/discussion/link-to-blog
prv_dir_11,0.0,https://www.kaggle.com/competitions/fixing-the-poisoned-well/discussion/link-to-blog
prv_dir_12,0.0,https://www.kaggle.com/competitions/fixing-the-poisoned-well/discussion/link-to-blog
prv_dir_13,0.0,https://www.kaggle.com/competitions/fixing-the-poisoned-well/discussion/link-to-blog
prv_dir_14,0.0,https://www.kaggle.com/competitions/fixing-the-poisoned-well/discussion/link-to-blog
prv_dir_15,0.0,https://www.kaggle.com/competitions/fixing-the-poisoned-well/discussion/link-to-blog
prv_dir_16,0.0,https://www.kaggle.com/competitions/fixing-the-poisoned-well/discussion/link-to-blog
prv_dir_17,0.0,https://www.kaggle.com/competitions/fixing-the-poisoned-well/discussion/link-to-blog
prv_dir_18,0.0,https://www.kaggle.com/competitions/fixing-the-poisoned-well/discussion/link-to-blog
prv_dir_19,0.0,https://www.kaggle.com/competitions/fixing-the-poisoned-well/discussion/link-to-blog
prv_dir_20,0.0,https://www.kaggle.com/competitions/fixing-the-poisoned-well/discussion/link-to-blog
prv_dir_21,0.0,https://www.kaggle.com/competitions/fixing-the-poisoned-well/discussion/link-to-blog
prv_dir_22,0.0,https://www.kaggle.com/competitions/fixing-the-poisoned-well/discussion/link-to-blog
prv_dir_23,0.0,https://www.kaggle.com/competitions/fixing-the-poisoned-well/discussion/link-to-blog
prv_dir_24,0.0,https://www.kaggle.com/competitions/fixing-the-poisoned-well/discussion/link-to-blog
prv_dir_25,0.0,https://www.kaggle.com/competitions/fixing-the-poisoned-well/discussion/link-to-blog
prv_dir_26,0.0,https://www.kaggle.com/competitions/fixing-the-poisoned-well/discussion/link-to-blog
prv_dir_27,0.0,https://www.kaggle.com/competitions/fixing-the-poisoned-well/discussion/link-to-blog
prv_dir_28,0.0,https://www.kaggle.com/competitions/fixing-the-poisoned-well/discussion/link-to-blog
prv_dir_29,0.0,https://www.kaggle.com/competitions/fixing-the-poisoned-well/discussion/link-to-blog
prv_dir_30,0.0,https://www.kaggle.com/competitions/fixing-the-poisoned-well/discussion/link-to-blog
prv_dir_31,0.0,https://www.kaggle.com/competitions/fixing-the-poisoned-well/discussion/link-to-blog
prv_dir_32,0.0,https://www.kaggle.com/competitions/fixing-the-poisoned-well/discussion/link-to-blog
prv_dir_33,0.0,https://www.kaggle.com/competitions/fixing-the-poisoned-well/discussion/link-to-blog
prv_dir_34,0.0,https://www.kaggle.com/competitions/fixing-the-poisoned-well/discussion/link-to-blog
prv_dir_35,0.0,https://www.kaggle.com/competitions/fixing-the-poisoned-well/discussion/link-to-blog
prv_dir_36,0.0,https://www.kaggle.com/competitions/fixing-the-poisoned-well/discussion/link-to-blog
prv_dir_37,0.0,https://www.kaggle.com/competitions/fixing-the-poisoned-well/discussion/link-to-blog
prv_dir_38,0.0,https://www.kaggle.com/competitions/fixing-the-poisoned-well/discussion/link-to-blog
prv_dir_39,0.0,https://www.kaggle.com/competitions/fixing-the-poisoned-well/discussion/link-to-blog
prv_dir_40,0.0,https://www.kaggle.com/competitions/fixing-the-poisoned-well/discussion/link-to-blog
prv_dir_41,0.0,https://www.kaggle.com/competitions/fixing-the-poisoned-well/discussion/link-to-blog
prv_dir_42,0.0,https://www.kaggle.com/competitions/fixing-the-poisoned-well/discussion/link-to-blog
prv_dir_43,0.0,https://www.kaggle.com/competitions/fixing-the-poisoned-well/discussion/link-to-blog
prv_dir_44,0.0,https://www.kaggle.com/competitions/fixing-the-poisoned-well/discussion/link-to-blog
prv_dir_45,0.0,https://www.kaggle.com/competitions/fixing-the-poisoned-well/discussion/link-to-blog
prv_dir_46,0.0,https://www.kaggle.com/competitions/fixing-the-poisoned-well/discussion/link-to-blog
prv_dir_47,0.0,https://www.kaggle.com/competitions/fixing-the-poisoned-well/discussion/link-to-blog
prv_dir_48,0.0,https://www.kaggle.com/competitions/fixing-the-poisoned-well/discussion/link-to-blog
prv_dir_49,0.0,https://www.kaggle.com/competitions/fixing-the-poisoned-well/discussion/link-to-blog
prv_dir_50,0.0,https://www.kaggle.com/competitions/fixing-the-poisoned-well/discussion/link-to-blog
prv_dir_51,0.0,https://www.kaggle.com/competitions/fixing-the-poisoned-well/discussion/link-to-blog
prv_dir_52,0.0,https://www.kaggle.com/competitions/fixing-the-poisoned-well/discussion/link-to-blog
prv_dir_53,0.0,https://www.kaggle.com/competitions/fixing-the-poisoned-well/discussion/link-to-blog
prv_dir_54,0.0,https://www.kaggle.com/competitions/fixing-the-poisoned-well/discussion/link-to-blog
prv_dir_55,0.0,https://www.kaggle.com/competitions/fixing-the-poisoned-well/discussion/link-to-blog
